Structure,Index,Name,Visible,Tagged,Visibility Locked,Color,Calculate Charges,Number of Atoms,Molecular Formula,Molecular Composition,Molecular Weight,Exact Mol. Weight,Net Formal Charge,Absn_Risk,TOX_Risk,ADMET_Risk,s_user_SMILES,s_m_subgroup_title,s_m_subgroupid,b_m_subgroup_collapsed,ADMET_Code,Clean Energy
,1,6264,true,false,false,255 255 255 255,false,25,C19 H23 N3 O2 S,"C: 0.638, H: 0.065, N: 0.118, O: 0.090, S: 0.090",357.48,357.151,0,0,0,0,CC1CC(N)C(C1)N(C2)c(cc(C)cc3)c3S(=O)c(c24)cc(=O)[nH]c4,AIDD_Results trypanosoma scaffold 1,AIDD_Results trypanosoma scaffold 1,0,,82.6702
,2,6506,false,false,false,255 255 255 255,false,,,,,,,0,0,0,C1CN(CC2)C[C@@H](C12)Cn(cc3)c(c34)C=CC(C4)O,AIDD_Results trypanosoma scaffold 1,AIDD_Results trypanosoma scaffold 1,0,,
,3,4042,false,false,false,255 255 255 255,false,,,,,,,0,0,0,CCc1cc(=O)oc(c12)S(=O)(=O)C=CC2C[C@H](C34)CN(CC3)CC4,AIDD_Results trypanosoma scaffold 1,AIDD_Results trypanosoma scaffold 1,0,,
,4,3180,false,false,false,255 255 255 255,false,,,,,,,0,0,0,N#Cc1cc(C(=O)C)cc2n(C)c(c3c12)c(=O)n(cn3)C(=O)C,AIDD_Results trypanosoma scaffold 1,AIDD_Results trypanosoma scaffold 1,0,,
,5,4826,false,false,false,255 255 255 255,false,,,,,,,0,0,0,CC(=O)c1cccc(S2(=O)=O)c1N(C(=O)C)C(C2=C34)=C(O)C(C(=O)C)C3CCC4,AIDD_Results trypanosoma scaffold 1,AIDD_Results trypanosoma scaffold 1,0,,
,6,6561,false,false,false,255 255 255 255,false,,,,,,,0,0,0,CC(=O)c1coc(=O)c(c12)Sc3c(N2C(=O)C)c(=O)n(cn3)C(=O)C,AIDD_Results trypanosoma scaffold 1,AIDD_Results trypanosoma scaffold 1,0,,
,7,4591,false,false,false,255 255 255 255,false,,,,,,,0,0,0,CC(=O)n(c1=O)cnc(c12)Sc3c(N2C=O)cc(C(=O)N)cc3,AIDD_Results trypanosoma scaffold 1,AIDD_Results trypanosoma scaffold 1,0,,
,8,5850,false,false,false,255 255 255 255,false,,,,,,,0,0,0,c1cc(=O)n(C(=O)C)c(c12)N(C=CS2)C[C@H](C34)CN(CC3)CC4,AIDD_Results trypanosoma scaffold 1,AIDD_Results trypanosoma scaffold 1,0,,
,9,6761,false,false,false,255 255 255 255,false,,,,,,,0,0,0,C1CN(CC2)C[C@@H](C12)C(C#N)N3C=CSC=C3c(c4)coc(=O)c4C(=O)O,AIDD_Results trypanosoma scaffold 1,AIDD_Results trypanosoma scaffold 1,0,,
,10,1704,false,false,false,255 255 255 255,false,,,,,,,0,0,0,N=Cc1cccc(N2C(=O)C)c1Sc(c23)ncn(c3=O)C(=O)C,AIDD_Results trypanosoma scaffold 1,AIDD_Results trypanosoma scaffold 1,0,,
,11,3793,false,false,false,255 255 255 255,false,,,,,,,0,0,0,C1CCc(c12)c3c(c(O)c2C(=O)C)N(C(=O)C)c4c(S3)c(=O)n(cn4)C(=O)C,AIDD_Results trypanosoma scaffold 1,AIDD_Results trypanosoma scaffold 1,0,,
,12,4452,false,false,false,255 255 255 255,false,,,,,,,0,0,0,CC(=O)c(c1O)ccc(c12)Sc3c(N2C(=O)CF)ncn(c3=O)C(=O)C,AIDD_Results trypanosoma scaffold 1,AIDD_Results trypanosoma scaffold 1,0,,
,13,5930,false,false,false,255 255 255 255,false,,,,,,,0,0,0,O=C(O)c1c(Cl)c(C#N)cc(c12)Oc3c(cccc3)N2C(=O)CC,AIDD_Results trypanosoma scaffold 1,AIDD_Results trypanosoma scaffold 1,0,,
,14,5047,false,false,false,255 255 255 255,false,,,,,,,0,0,0,O=C(O)c1c(Cl)ccc(c12)Oc3c(C2C(=O)O)cccc3,AIDD_Results trypanosoma scaffold 1,AIDD_Results trypanosoma scaffold 1,0,,
,15,1713,false,false,false,255 255 255 255,false,,,,,,,0,0,0,CCCC(=O)N1c(cccc2)c2Oc(c13)ccc(F)c3C(=O)O,AIDD_Results trypanosoma scaffold 1,AIDD_Results trypanosoma scaffold 1,0,,
,16,5405,false,false,false,255 255 255 255,false,,,,,,,0,0,0,O=C(O)C(C)C1CCCc(c2)c1cc(c23)ocn3,AIDD_Results trypanosoma scaffold 1,AIDD_Results trypanosoma scaffold 1,0,,
,17,1790,false,false,false,255 255 255 255,false,,,,,,,0,0,0,O=c1cc[nH]c(c12)N(C3CN(C)CO3)c4c(S2)ncc(Cl)c4,AIDD_Results trypanosoma scaffold 1,AIDD_Results trypanosoma scaffold 1,0,,
,18,2221,false,false,false,255 255 255 255,false,,,,,,,0,0,0,CC(=O)c(cc1)cc(N2C(=O)C)c1SC(C2=3)=CC(C(=O)O)C3O,AIDD_Results trypanosoma scaffold 1,AIDD_Results trypanosoma scaffold 1,0,,
,19,3713,false,false,false,255 255 255 255,false,,,,,,,0,0,0,O=C(O)c1cccc(c12)SC=CN2C[C@H](C34F)CN(CC3)CC4,AIDD_Results trypanosoma scaffold 1,AIDD_Results trypanosoma scaffold 1,0,,
,20,4345,false,false,false,255 255 255 255,false,,,,,,,0,0,0,N#Cc1cc(C(=O)O)cc2n(C)c(c3c12)c(=O)n(cn3)C(=O)C,AIDD_Results trypanosoma scaffold 1,AIDD_Results trypanosoma scaffold 1,0,,
,21,6100,false,false,false,255 255 255 255,false,,,,,,,0,0,0,c1cn(C(=O)O)c(c12)Sc3c(c(C(F)(F)F)ccc3)N2CCCN4CCNCC4=O,AIDD_Results trypanosoma scaffold 1,AIDD_Results trypanosoma scaffold 1,0,,
,22,6433,false,false,false,255 255 255 255,false,,,,,,,0,0,0,O=C(O)c1cc(ccc1)C2=CN(C=CS2)C[C@H](C34F)CN(CC3)CC4,AIDD_Results trypanosoma scaffold 1,AIDD_Results trypanosoma scaffold 1,0,,
,23,5183,false,false,false,255 255 255 255,false,,,,,,,0,0,0,O=C1CCC(=O)N(C1)CCCN2c([nH]ccc3=O)c3Sc(c24)nccc4O,AIDD_Results trypanosoma scaffold 1,AIDD_Results trypanosoma scaffold 1,0,,
,24,1822,false,false,false,255 255 255 255,false,,,,,,,0,0,0,CN(C)C(=O)CCN1c(cc(C)cc2)c2S(=O)(=O)c(c13)cccc3-c4nn[nH]n4,AIDD_Results trypanosoma scaffold 1,AIDD_Results trypanosoma scaffold 1,0,,
,25,2266,false,false,false,255 255 255 255,false,,,,,,,0,0,0,C1CN(C)CCC1N2c([nH]ccc3=O)c3Sc(c24)ccc(Cl)c4O,AIDD_Results trypanosoma scaffold 1,AIDD_Results trypanosoma scaffold 1,0,,
,26,6224,false,false,false,255 255 255 255,false,,,,,,,0,0,0,C1CN(CC2)C[C@@H](C12)C(C#N)N3C=CSC=C3c(ccc4)cc4C(=O)O,AIDD_Results trypanosoma scaffold 1,AIDD_Results trypanosoma scaffold 1,0,,
,27,5439,false,false,false,255 255 255 255,false,,,,,,,0,0,0,N#Cc1cc(CO)cc2n(C)c(c3c12)c(=O)n(cn3)C(=O)C,AIDD_Results trypanosoma scaffold 1,AIDD_Results trypanosoma scaffold 1,0,,
,28,843,false,false,false,255 255 255 255,false,,,,,,,0,0,0,CN(C)CCCN1c([nH]ccc2=O)c2Sc(c13)ccc(Cl)c3O,AIDD_Results trypanosoma scaffold 1,AIDD_Results trypanosoma scaffold 1,0,,
,29,5650,false,false,false,255 255 255 255,false,,,,,,,0,0,0,C1CN(CC2)C[C@@H](C12)C(CC#N)N(C=CS3)c(c34)cccc4C(=O)O,AIDD_Results trypanosoma scaffold 1,AIDD_Results trypanosoma scaffold 1,0,,
,30,4183,false,false,false,255 255 255 255,false,,,,,,,0,0,0,CC(=O)c(cc1)cc(N2C(C)=N)c1Sc(c23)ncn(c3=O)C(=O)C,AIDD_Results trypanosoma scaffold 1,AIDD_Results trypanosoma scaffold 1,0,,
,31,2212,false,false,false,255 255 255 255,false,,,,,,,0,0,0,C1CN(CC2)C[C@@H](C12)C(C#N)N(C=CS3)c(c34)cccc4C(=O)O,AIDD_Results trypanosoma scaffold 1,AIDD_Results trypanosoma scaffold 1,0,,
,32,3974,false,false,false,255 255 255 255,false,,,,,,,0,0,0,NCC(=O)c(cc1)cc(N2C(=O)C)c1Sc(c23)cc(C(=O)C)cc3O,AIDD_Results trypanosoma scaffold 1,AIDD_Results trypanosoma scaffold 1,0,,
,33,2199,false,false,false,255 255 255 255,false,,,,,,,0,0,0,CC(=O)c(c1)ccc(S2(=O)=O)c1N(C(=O)C)C(C2=C34)=C(O)C(C(=O)C)C3CCC4,AIDD_Results trypanosoma scaffold 1,AIDD_Results trypanosoma scaffold 1,0,,
,34,5924,false,false,false,255 255 255 255,false,,,,,,,0,0,0,CC(=O)n(c1=O)cnc(S2)c1N(C(=O)C)c3c2c(=O)oc(c34)C(=O)CC4,AIDD_Results trypanosoma scaffold 1,AIDD_Results trypanosoma scaffold 1,0,,
,35,4275,false,false,false,255 255 255 255,false,,,,,,,0,0,0,CC(=O)c(cc1)cc(N2C=O)c1Sc(c23)ncn(c3=O)C(=O)C,AIDD_Results trypanosoma scaffold 1,AIDD_Results trypanosoma scaffold 1,0,,
,36,4305,false,false,false,255 255 255 255,false,,,,,,,0,0,0,O=C(O)c1ccc(cc1)S\C=C\NC[C@H](C23)CN(CC2)CC3,AIDD_Results trypanosoma scaffold 1,AIDD_Results trypanosoma scaffold 1,0,,
,37,2927,false,false,false,255 255 255 255,false,,,,,,,0,0,0,C1CN(CC2)C[C@@H](C12)CN3C=CSc(c34)cc(F)c(c4)S(=O)(=O)C,AIDD_Results trypanosoma scaffold 1,AIDD_Results trypanosoma scaffold 1,0,,
,38,1180,false,false,false,255 255 255 255,false,,,,,,,0,0,0,CC(=O)c(cc1)cc(N2C(=O)C)c1S(=O)(=O)C(C2=3)=CCC(C(=O)C)C3O,AIDD_Results trypanosoma scaffold 1,AIDD_Results trypanosoma scaffold 1,0,,
,39,4408,false,false,false,255 255 255 255,false,,,,,,,0,0,0,CC(=O)C(CC1)=CC(N2C(=O)C)=C1Sc(c23)ncn(c3=O)C(=O)C,AIDD_Results trypanosoma scaffold 1,AIDD_Results trypanosoma scaffold 1,0,,
,40,5252,false,false,false,255 255 255 255,false,,,,,,,0,0,0,C1CN(CC2)C[C@@H](C12)C(O)CC3COC(=O)C=C3c4ccccc4,AIDD_Results trypanosoma scaffold 1,AIDD_Results trypanosoma scaffold 1,0,,
,41,3924,false,false,false,255 255 255 255,false,,,,,,,0,0,0,CCc1cccc(c12)S(=O)(=O)C=CC2C[C@H](C34)CN(CC3)CC4,AIDD_Results trypanosoma scaffold 1,AIDD_Results trypanosoma scaffold 1,0,,
,42,4212,false,false,false,255 255 255 255,false,,,,,,,0,0,0,N#CC1CC(C(=O)C)CC(N2C=O)C1Cc(c23)ncn(c3=S)C(=O)C,AIDD_Results trypanosoma scaffold 1,AIDD_Results trypanosoma scaffold 1,0,,
,43,6151,false,false,false,255 255 255 255,false,,,,,,,0,0,0,CN(C1)CCC1CC2c(nccc3)c3S(=O)(=O)c(c24)cccc4,AIDD_Results trypanosoma scaffold 1,AIDD_Results trypanosoma scaffold 1,0,,
,44,4296,false,false,false,255 255 255 255,false,,,,,,,0,0,0,CCN(CO)CN1c(cccc2)c2S(=O)(=O)c(n3)c1c(=O)n(c34)CC4,AIDD_Results trypanosoma scaffold 1,AIDD_Results trypanosoma scaffold 1,0,,
,45,6643,false,false,false,255 255 255 255,false,,,,,,,0,0,0,C1CN(CC2)C[C@@H](C12)Cn(cc3)c(c34)C=CC4O,AIDD_Results trypanosoma scaffold 1,AIDD_Results trypanosoma scaffold 1,0,,
,46,5959,false,false,false,255 255 255 255,false,,,,,,,0,0,0,FC1CN(CC2)C[C@@H](C12)CC(C=CS3(=O)=O)CC3C4=CCOC(=O)C4,AIDD_Results trypanosoma scaffold 1,AIDD_Results trypanosoma scaffold 1,0,,
,47,3090,false,false,false,255 255 255 255,false,,,,,,,0,0,0,CCN(CO)CCN1c(cccc2)c2S(=O)(=O)c(n3)c1c(=O)n(c34)CC4,AIDD_Results trypanosoma scaffold 1,AIDD_Results trypanosoma scaffold 1,0,,
,48,1683,false,false,false,255 255 255 255,false,,,,,,,0,0,0,CN(C)CCCC1c(cccc2)c2S(=O)(=O)c(c13)cn(C)c3,AIDD_Results trypanosoma scaffold 1,AIDD_Results trypanosoma scaffold 1,0,,
,49,1351,false,false,false,255 255 255 255,false,,,,,,,0,0,0,CN(C)CCCN1c(cccc2)c2S(=O)(=O)c(c13)cn(C)c3,AIDD_Results trypanosoma scaffold 1,AIDD_Results trypanosoma scaffold 1,0,,
,50,6142,false,false,false,255 255 255 255,false,,,,,,,0,0,0,CN(C1)CCC1CC2N(C(=O)CC(C)C3)C=3S(=O)(=O)c(c24)cccc4,AIDD_Results trypanosoma scaffold 1,AIDD_Results trypanosoma scaffold 1,0,,
,51,6479,false,false,false,255 255 255 255,false,,,,,,,0,0,0,C1CN(CC2)C(CC12)CCC3C=CS(=O)(=O)C(=C34)CCC=C4CC,AIDD_Results trypanosoma scaffold 1,AIDD_Results trypanosoma scaffold 1,0,,
,52,5913,false,false,false,255 255 255 255,false,,,,,,,0,0,0,CCc1cc(=O)oc(c12)S(=O)(=O)C=CC2CC(CC34)N(CC3)CC4,AIDD_Results trypanosoma scaffold 1,AIDD_Results trypanosoma scaffold 1,0,,
,53,6288,false,false,false,255 255 255 255,false,,,,,,,0,0,0,NC(=O)c(c1)ccc(c12)S(=O)(=O)C=CC2CC(CC34)N(CC3)CC4,AIDD_Results trypanosoma scaffold 1,AIDD_Results trypanosoma scaffold 1,0,,
,54,6261,false,false,false,255 255 255 255,false,,,,,,,0,0,0,C1CN(CC2)C(CC12)CCC(C=CS3(=O)=O)c(c34)n(CC)cc4,AIDD_Results trypanosoma scaffold 1,AIDD_Results trypanosoma scaffold 1,0,,
,55,6197,false,false,false,255 255 255 255,false,,,,,,,0,0,0,C1CN(CC2)C[C@@H](C12)C(O)CC3COC(=O)C=C3c4c(=O)[nH]ccc4,AIDD_Results trypanosoma scaffold 1,AIDD_Results trypanosoma scaffold 1,0,,
,56,6836,false,false,false,255 255 255 255,false,,,,,,,0,0,0,CN(C)CCCC1C(C=C(C(F)(F)F)CC2)=C2S(=O)(=O)c(c13)oc(=O)c(c3)C=N,AIDD_Results trypanosoma scaffold 1,AIDD_Results trypanosoma scaffold 1,0,,
,57,1917,false,false,false,255 255 255 255,false,,,,,,,0,0,0,c1cccc(c12)S(=O)(=O)C3=C(C=CC(C3)CC(=O)N)N2CC4CCN(C)C4,AIDD_Results trypanosoma scaffold 1,AIDD_Results trypanosoma scaffold 1,0,,
,58,5952,false,false,false,255 255 255 255,false,,,,,,,0,0,0,CCN(C)\C=C\Cn(c(c1c23)c(=O)occ1)c2CC(F)CC3=O,AIDD_Results trypanosoma scaffold 1,AIDD_Results trypanosoma scaffold 1,0,,
,59,4942,false,false,false,255 255 255 255,false,,,,,,,0,0,0,Oc1nccc(c12)n(CCCN(C)C)c3c(c2=O)oc(=O)c(F)c3,AIDD_Results trypanosoma scaffold 1,AIDD_Results trypanosoma scaffold 1,0,,
,60,2536,false,false,false,255 255 255 255,false,,,,,,,0,0,0,CC(=O)NC(CN(C)C)CC1c(cc2c(c3)nco2)c3S(=O)(=O)c(c14)cn(C)c4,AIDD_Results trypanosoma scaffold 1,AIDD_Results trypanosoma scaffold 1,0,,
,61,3347,false,false,false,255 255 255 255,false,,,,,,,0,0,0,CN(C)\C=C\Cn(c(c1c23)c(=O)occ1)c2CCCC3=O,AIDD_Results trypanosoma scaffold 1,AIDD_Results trypanosoma scaffold 1,0,,
,62,7201,false,false,false,255 255 255 255,false,,,,,,,0,0,0,CC(F)c1cc(=O)oc(c12)S(=O)(=O)C=CC2C[C@H](C34)CN(CC3)CC4,AIDD_Results trypanosoma scaffold 1,AIDD_Results trypanosoma scaffold 1,0,,
,63,7203,false,false,false,255 255 255 255,false,,,,,,,0,0,0,O=C1CCCc2c(C/C=C/N(C)C)cc(c3c12)c(=O)occ3,AIDD_Results trypanosoma scaffold 1,AIDD_Results trypanosoma scaffold 1,0,,
,64,7369,false,false,false,255 255 255 255,false,,,,,,,0,0,0,C1CN(CC2)C(CC12)CCC3C=CS(=O)(=O)C(=C34)CCC=C4C,AIDD_Results trypanosoma scaffold 1,AIDD_Results trypanosoma scaffold 1,0,,
,65,7392,false,false,false,255 255 255 255,false,,,,,,,0,0,0,C1CN(CC2)CC(=C12)C(C#N)(C)N(C=CS3)c(c34)cccc4C(=O)O,AIDD_Results trypanosoma scaffold 1,AIDD_Results trypanosoma scaffold 1,0,,
,66,7651,false,false,false,255 255 255 255,false,,,,,,,0,0,0,FC(F)c1cc(=O)oc(c12)S(=O)(=O)C=CC2C[C@H](C34)CN(CC3)CC4,AIDD_Results trypanosoma scaffold 1,AIDD_Results trypanosoma scaffold 1,0,,
,67,7664,false,false,false,255 255 255 255,false,,,,,,,0,0,0,CC(=O)CN1c(cccc2)c2S(=O)(=O)c(c13)cc(Cl)c(c3)C(=O)O,AIDD_Results trypanosoma scaffold 1,AIDD_Results trypanosoma scaffold 1,0,,
,68,7762,false,false,false,255 255 255 255,false,,,,,,,0,0,0,O=Cn1ccc(c1C)[C@H](C23)CN(CC2)CC3,AIDD_Results trypanosoma scaffold 1,AIDD_Results trypanosoma scaffold 1,0,,
,69,7916,false,false,false,255 255 255 255,false,,,,,,,0,0,0,NCC(=O)c(c1)c(O)cc(c12)Sc3c(N2C(=O)C)ccc(c3)C(=O)C,AIDD_Results trypanosoma scaffold 1,AIDD_Results trypanosoma scaffold 1,0,,
,70,7932,false,false,false,255 255 255 255,false,,,,,,,0,0,0,CN(C1)CCC1CC2c(cncc3)c3S(=O)(=O)c(c24)cccc4,AIDD_Results trypanosoma scaffold 1,AIDD_Results trypanosoma scaffold 1,0,,
,71,8019,false,false,false,255 255 255 255,false,,,,,,,0,0,0,C1CN(CC2)C[C@@H](C12)Cc3c[nH]c(c34)CC(O)C=C4,AIDD_Results trypanosoma scaffold 1,AIDD_Results trypanosoma scaffold 1,0,,
,72,8031,false,false,false,255 255 255 255,false,,,,,,,0,0,0,c1c(F)ccc(N(C)C2)c1S(=O)c(c23)cc(=O)[nH]c3,AIDD_Results trypanosoma scaffold 1,AIDD_Results trypanosoma scaffold 1,0,,
,73,8189,false,false,false,255 255 255 255,false,,,,,,,0,0,0,NC(=O)c1c[nH]c(=O)c(c12)CCCC2C(C=N)[C@H](C34)CN(CC3)CC4,AIDD_Results trypanosoma scaffold 1,AIDD_Results trypanosoma scaffold 1,0,,
,74,8339,false,false,false,255 255 255 255,false,,,,,,,0,0,0,c1cn(C(=O)O)c(c12)Sc3c(c(CC)ccc3)N2CCCN4CCNCC4=O,AIDD_Results trypanosoma scaffold 1,AIDD_Results trypanosoma scaffold 1,0,,
,75,8492,false,false,false,255 255 255 255,false,,,,,,,0,0,0,c1cc(=S)n(C(=O)O)c(c12)N(C=CS2)C[C@H](C34)CN(CC3O)C(C4)C(CC)OC,AIDD_Results trypanosoma scaffold 1,AIDD_Results trypanosoma scaffold 1,0,,
,76,8649,false,false,false,255 255 255 255,false,,,,,,,0,0,0,O=S1(=O)C=CC(C=C1)CC[C@H]2CN(CC3)C=CC23,AIDD_Results trypanosoma scaffold 1,AIDD_Results trypanosoma scaffold 1,0,,
,77,8710,false,false,false,255 255 255 255,false,,,,,,,0,0,0,c1oc(=O)cc(c12)CC(C#N)C(=O)C2/C=C(\C34)CN(CC3F)CC4,AIDD_Results trypanosoma scaffold 1,AIDD_Results trypanosoma scaffold 1,0,,
,78,8714,false,false,false,255 255 255 255,false,,,,,,,0,0,0,CN1CC(C(C1=O)N)N(c(c23)n(C)cc2)Cc4c(S3=O)cc(=O)[nH]c4,AIDD_Results trypanosoma scaffold 1,AIDD_Results trypanosoma scaffold 1,0,,
,79,8842,false,false,false,255 255 255 255,false,,,,,,,0,0,0,C1CN(CC2)CC(=C12)C(C#N)(C)N(C=CS3)c(c34)cc(=O)oc4C(=O)O,AIDD_Results trypanosoma scaffold 1,AIDD_Results trypanosoma scaffold 1,0,,
,80,9027,false,false,false,255 255 255 255,false,,,,,,,0,0,0,FCCc1cccc(c12)S(=O)(=O)C=CC2C[C@H](C34)CN(CC3)CC4,AIDD_Results trypanosoma scaffold 1,AIDD_Results trypanosoma scaffold 1,0,,
,81,9123,false,false,false,255 255 255 255,false,,,,,,,0,0,0,CC(=O)n(c1=O)cnc(c12)SC3C(N2C=O)CC(C=C3)S(=O)(=O)C,AIDD_Results trypanosoma scaffold 1,AIDD_Results trypanosoma scaffold 1,0,,
,82,9173,false,false,false,255 255 255 255,false,,,,,,,0,0,0,C1OC(=O)CC(C=12)CC(C#N)C(=O)C2/C=C(\C34)CN(CC3F)CC4,AIDD_Results trypanosoma scaffold 1,AIDD_Results trypanosoma scaffold 1,0,,
,83,9212,false,false,false,255 255 255 255,false,,,,,,,0,0,0,C1CN(CC2)C(C)[C@@H](C12)Cn(cc3)c(c34)N=CC(=O)CO4,AIDD_Results trypanosoma scaffold 1,AIDD_Results trypanosoma scaffold 1,0,,
,84,9279,false,false,false,255 255 255 255,false,,,,,,,0,0,0,c1c[nH]c(c12)CC3C(C2)CCN3,AIDD_Results trypanosoma scaffold 1,AIDD_Results trypanosoma scaffold 1,0,,
,85,9325,false,false,false,255 255 255 255,false,,,,,,,0,0,0,C1CN(CC2)C[C@@H](C12)Cc3ccn(c34)CC(O)C=C4,AIDD_Results trypanosoma scaffold 1,AIDD_Results trypanosoma scaffold 1,0,,
,86,9333,false,false,false,255 255 255 255,false,,,,,,,0,0,0,CC(=O)n(c1=O)cnc(S2)c1Nc(c3)c2cc(c34)N(CC4=O)S(=O)(=O)C,AIDD_Results trypanosoma scaffold 1,AIDD_Results trypanosoma scaffold 1,0,,
,87,9402,false,false,false,255 255 255 255,false,,,,,,,0,0,0,CCC(=O)C1C=CC(C1C)C[C@H](C23)C(C(=O)O)N(CC2)CC3,AIDD_Results trypanosoma scaffold 1,AIDD_Results trypanosoma scaffold 1,0,,
,88,9425,false,false,false,255 255 255 255,false,,,,,,,0,0,0,C1CN(CC2)C[C@@H](C12)/C=C\3C=CS(=O)(=O)c(c34)cccc4,AIDD_Results trypanosoma scaffold 1,AIDD_Results trypanosoma scaffold 1,0,,
,89,9449,false,false,false,255 255 255 255,false,,,,,,,0,0,0,FC(F)(F)c1cccc(c12)S(=O)(=O)C3N(C(=O)CC(C)C3)N2CC4C(CC)NCC4,AIDD_Results trypanosoma scaffold 1,AIDD_Results trypanosoma scaffold 1,0,,
,90,9549,false,false,false,255 255 255 255,false,,,,,,,0,0,0,N#Cc1cccc(c12)S(=O)(=O)C=CC2CC[C@H](C34)CN(CC3)CC4,AIDD_Results trypanosoma scaffold 1,AIDD_Results trypanosoma scaffold 1,0,,
,91,9604,false,false,false,255 255 255 255,false,,,,,,,0,0,0,C1CN(CC2)C(C(=O)O)[C@@H](C12)CC(C3)C(C)C(C=34)C(=O)CCC4,AIDD_Results trypanosoma scaffold 1,AIDD_Results trypanosoma scaffold 1,0,,
,92,9703,false,false,false,255 255 255 255,false,,,,,,,0,0,0,C1CN(CC2)CC(=C12)C(C#N)N3C=CSc(c34)n(C(=O)O)cc4,AIDD_Results trypanosoma scaffold 1,AIDD_Results trypanosoma scaffold 1,0,,
,93,9953,false,false,false,255 255 255 255,false,,,,,,,0,0,0,C1CN(CC2)C(C=C12)C(C#N)N(C=CS3)c(c34)cccc4C(=O)O,AIDD_Results trypanosoma scaffold 1,AIDD_Results trypanosoma scaffold 1,0,,
,94,10167,false,false,false,255 255 255 255,false,,,,,,,0,0,0,n1c[nH]cc1Cn(cc2)c(c23)NCc4c(S3=O)cc(=O)[nH]c4,AIDD_Results trypanosoma scaffold 1,AIDD_Results trypanosoma scaffold 1,0,,
,95,10219,false,false,false,255 255 255 255,false,,,,,,,0,0,0,O=C(O)c1cccc(c12)SC=CN2C[C@H](C34)CN(C(C)C3)CN4,AIDD_Results trypanosoma scaffold 1,AIDD_Results trypanosoma scaffold 1,0,,
,96,10250,false,false,false,255 255 255 255,false,,,,,,,0,0,0,c1c(=O)occ(c12)CC(C#N)C(=O)C2/C=C(\C34)CN(CC3F)CC4,AIDD_Results trypanosoma scaffold 1,AIDD_Results trypanosoma scaffold 1,0,,
,97,10252,false,false,false,255 255 255 255,false,,,,,,,0,0,0,CC(=O)n(c1=O)cnc(S2)c1Oc(c3)c2cc(c34)N(CC4=O)S(=O)(=O)C,AIDD_Results trypanosoma scaffold 1,AIDD_Results trypanosoma scaffold 1,0,,
,98,10356,false,false,false,255 255 255 255,false,,,,,,,0,0,0,O1CC(=O)C(C#N)=Nc(c12)n(cc2)C[C@H](C34)C(C)N(CC3)CC4,AIDD_Results trypanosoma scaffold 1,AIDD_Results trypanosoma scaffold 1,0,,
,99,10523,false,false,false,255 255 255 255,false,,,,,,,0,0,0,CC(=O)n(cc1)c(c12)Nc3c(S2)ncn(c3=O)C(=O)C,AIDD_Results trypanosoma scaffold 1,AIDD_Results trypanosoma scaffold 1,0,,
,100,10653,false,false,false,255 255 255 255,false,,,,,,,0,0,0,C1CN(CC2)C[C@@H](C12)C(O)CC3CC(=O)NC=C3c4ccccc4,AIDD_Results trypanosoma scaffold 1,AIDD_Results trypanosoma scaffold 1,0,,
,101,10666,false,false,false,255 255 255 255,false,,,,,,,0,0,0,NC(=O)C1CC(=O)C=C(S2=O)C1CNc(c23)n(C)cc3,AIDD_Results trypanosoma scaffold 1,AIDD_Results trypanosoma scaffold 1,0,,
,102,10674,false,false,false,255 255 255 255,false,,,,,,,0,0,0,N=Cc1cc(C(=O)C)cc2n(C)c(c3c12)c(=O)n(cn3)C(=O)Cc4ccco4,AIDD_Results trypanosoma scaffold 1,AIDD_Results trypanosoma scaffold 1,0,,
,103,10702,false,false,false,255 255 255 255,false,,,,,,,0,0,0,c1cn(C=O)c(F)c1[C@H](C23)CN(CC2)CC3,AIDD_Results trypanosoma scaffold 1,AIDD_Results trypanosoma scaffold 1,0,,
,104,10740,false,false,false,255 255 255 255,false,,,,,,,0,0,0,CC(=O)NC(CC1)C(O)n(c12)ccc2C[C@H](C34)CN(CC3)CC4,AIDD_Results trypanosoma scaffold 1,AIDD_Results trypanosoma scaffold 1,0,,
,105,10764,false,false,false,255 255 255 255,false,,,,,,,0,0,0,c1cccc(N2C(=O)C)c1Sc(c23)ncn(c3=O)C(=O)C,AIDD_Results trypanosoma scaffold 1,AIDD_Results trypanosoma scaffold 1,0,,
,106,10908,false,false,false,255 255 255 255,false,,,,,,,0,0,0,CC(O)C(C1)N(CC2)C[C@@H](C12)CCN(C=CN3)c(c34)ccoc4=O,AIDD_Results trypanosoma scaffold 1,AIDD_Results trypanosoma scaffold 1,0,,
,107,11031,false,false,false,255 255 255 255,false,,,,,,,0,0,0,CN(C)\C=C\Cc1c(C(=O)C=C2)n2c(c13)C(=O)CCC3,AIDD_Results trypanosoma scaffold 1,AIDD_Results trypanosoma scaffold 1,0,,
,108,11072,false,false,false,255 255 255 255,false,,,,,,,0,0,0,C1CN(C)CCC1N(c(c23)[nH]ccc2=O)c4c(S3)ccc(Cl)c4,AIDD_Results trypanosoma scaffold 1,AIDD_Results trypanosoma scaffold 1,0,,
,109,11114,false,false,false,255 255 255 255,false,,,,,,,0,0,0,CC(=O)C(=C1)CC(=C12)Sc3c(N2C(=O)C)c(=O)n(cn3)C(=O)C,AIDD_Results trypanosoma scaffold 1,AIDD_Results trypanosoma scaffold 1,0,,
,110,11182,false,false,false,255 255 255 255,false,,,,,,,0,0,0,O=C(O)c1cccc(c12)SC=CN2C[C@H](C34)C(C(=O)N)N(CC3)CC4,AIDD_Results trypanosoma scaffold 1,AIDD_Results trypanosoma scaffold 1,0,,
,111,11232,false,false,false,255 255 255 255,false,,,,,,,0,0,0,CC(=O)N(CC1)C(C12)Nc3c(S2)ncn(c3=O)C(=O)C,AIDD_Results trypanosoma scaffold 1,AIDD_Results trypanosoma scaffold 1,0,,
,112,11253,false,false,false,255 255 255 255,false,,,,,,,0,0,0,C12C(F)=CN(CC2)C[C@@H]1CC3C=CS(=O)(=O)c(c34)cc(=O)oc4,AIDD_Results trypanosoma scaffold 1,AIDD_Results trypanosoma scaffold 1,0,,
,113,11277,false,false,false,255 255 255 255,false,,,,,,,0,0,0,o1cnc(c12)CCc3c2cccc3,AIDD_Results trypanosoma scaffold 1,AIDD_Results trypanosoma scaffold 1,0,,
,114,11290,false,false,false,255 255 255 255,false,,,,,,,0,0,0,O1CC(=O)C(C#N)=Nc(c12)n(cc2)CC(C34)=C(C)N(CC3)CC4,AIDD_Results trypanosoma scaffold 1,AIDD_Results trypanosoma scaffold 1,0,,
,115,11406,false,false,false,255 255 255 255,false,,,,,,,0,0,0,CCN1COCC1CN(C2C(C3=O)CCCC2)n(c34)c(=O)cc(n4)CO,AIDD_Results trypanosoma scaffold 1,AIDD_Results trypanosoma scaffold 1,0,,
,116,11585,false,false,false,255 255 255 255,false,,,,,,,0,0,0,CC(=O)n1c(=O)ccc(c12)SC=CC2C[C@H](C34)CN(CC3)CC4,AIDD_Results trypanosoma scaffold 1,AIDD_Results trypanosoma scaffold 1,0,,
,117,11646,false,false,false,255 255 255 255,false,,,,,,,0,0,0,C1CN(CC2)C[C@@H](C12)Cc(cc3)n(c34)CC=CC4O,AIDD_Results trypanosoma scaffold 1,AIDD_Results trypanosoma scaffold 1,0,,
,118,11713,false,false,false,255 255 255 255,false,,,,,,,0,0,0,c1cn(C(=O)O)c(c12)Sc3c(c(CC)ccc3)N2CCN4CCNCC4=O,AIDD_Results trypanosoma scaffold 1,AIDD_Results trypanosoma scaffold 1,0,,
,119,11744,false,false,false,255 255 255 255,false,,,,,,,0,0,0,C1CN(CC2)C[C@@H](C12)Cc(c3)ncc(c34)cccc4S(=O)(=O)C,AIDD_Results trypanosoma scaffold 1,AIDD_Results trypanosoma scaffold 1,0,,
,120,11799,false,false,false,255 255 255 255,false,,,,,,,0,0,0,n1c[nH]cc1Cn(c(Br)c2)c(c23)NCc4c(S3=O)cc(=O)[nH]c4,AIDD_Results trypanosoma scaffold 1,AIDD_Results trypanosoma scaffold 1,0,,
,121,11846,false,false,false,255 255 255 255,false,,,,,,,0,0,0,C1CN(CC2)C[C@@H](C12)Cn(cc3O)c(c34)C=CC4O,AIDD_Results trypanosoma scaffold 1,AIDD_Results trypanosoma scaffold 1,0,,
,122,11860,false,false,false,255 255 255 255,false,,,,,,,0,0,0,CC(O1)N(CC2)C[C@@](C)(C12)Cn3cccc3C4=CC(=O)C(O)C=C4,AIDD_Results trypanosoma scaffold 1,AIDD_Results trypanosoma scaffold 1,0,,
,123,11908,false,false,false,255 255 255 255,false,,,,,,,0,0,0,O=Cn1cc(cc1C)[C@H](C23)CN(CC2)CC3,AIDD_Results trypanosoma scaffold 1,AIDD_Results trypanosoma scaffold 1,0,,
,124,11922,false,false,false,255 255 255 255,false,,,,,,,0,0,0,C12=CCN(CC2)C[C@@H]1C(C#N)N(C=CC3)C(C34)=CCC(F)C=4C(=O)O,AIDD_Results trypanosoma scaffold 1,AIDD_Results trypanosoma scaffold 1,0,,
,125,12016,false,false,false,255 255 255 255,false,,,,,,,0,0,0,CC(=O)n(cn1)c(=O)c(c1c23)c(C)cc3oc(=O)cc2C=N,AIDD_Results trypanosoma scaffold 1,AIDD_Results trypanosoma scaffold 1,0,,
,126,12123,false,false,false,255 255 255 255,false,,,,,,,0,0,0,C1CN(CC2)C[C@@H](C12F)CN(C=C(S3)C#N)c(c34)cccc4C(=O)O,AIDD_Results trypanosoma scaffold 1,AIDD_Results trypanosoma scaffold 1,0,,
,127,12155,false,false,false,255 255 255 255,false,,,,,,,0,0,0,CC(=O)c1cccc(c12)S(=O)(=O)C3C(N2C(=O)C)=C(O)C(C(=O)C)C(CC)C=3C,AIDD_Results trypanosoma scaffold 1,AIDD_Results trypanosoma scaffold 1,0,,
,128,12160,false,false,false,255 255 255 255,false,,,,,,,0,0,0,CC(O)C1CC(=O)C=C(S2=O)C1CNc(c2c34)n(C)c3CCC4,AIDD_Results trypanosoma scaffold 1,AIDD_Results trypanosoma scaffold 1,0,,
,129,12175,false,false,false,255 255 255 255,false,,,,,,,0,0,0,FCC(=O)C1C=CC(C1C)C[C@H](C23)CN(CC2)CC3,AIDD_Results trypanosoma scaffold 1,AIDD_Results trypanosoma scaffold 1,0,,
,130,12283,false,false,false,255 255 255 255,false,,,,,,,0,0,0,c1cc(=S)n(C(=O)O)c(c12)N(C=CS2)C[C@H](C34)CN(C(C)C4)CC3O,AIDD_Results trypanosoma scaffold 1,AIDD_Results trypanosoma scaffold 1,0,,
,131,12289,false,false,false,255 255 255 255,false,,,,,,,0,0,0,OC1CCC(NC(=O)C)c(c12)cncc2,AIDD_Results trypanosoma scaffold 1,AIDD_Results trypanosoma scaffold 1,0,,
,132,12413,false,false,false,255 255 255 255,false,,,,,,,0,0,0,c1c(Br)n(C)c(c12)NCc3c(S2=O)cc(=O)[nH]c3,AIDD_Results trypanosoma scaffold 1,AIDD_Results trypanosoma scaffold 1,0,,
,133,12445,false,false,false,255 255 255 255,false,,,,,,,0,0,0,C1COC(N)C1N(C2)c(ccc(C)c3)c3S(=O)c(c24)cc(=O)[nH]c4,AIDD_Results trypanosoma scaffold 1,AIDD_Results trypanosoma scaffold 1,0,,
,134,12458,false,false,false,255 255 255 255,false,,,,,,,0,0,0,N#CC(=N1)C(=O)COc(c12)cn(c2)CC(C34)=C(C)N(CC3)CC4,AIDD_Results trypanosoma scaffold 1,AIDD_Results trypanosoma scaffold 1,0,,
,135,12465,false,false,false,255 255 255 255,false,,,,,,,0,0,0,O=c1oc(C)cc(c12)n(CC(C)N(C)C)c3c(c2=O)cccc3,AIDD_Results trypanosoma scaffold 1,AIDD_Results trypanosoma scaffold 1,0,,
,136,12489,false,false,false,255 255 255 255,false,,,,,,,0,0,0,O=C(O)c1cccc(c12)SC=CN2[C@H](C34)CN(CO4)CC3,AIDD_Results trypanosoma scaffold 1,AIDD_Results trypanosoma scaffold 1,0,,
,137,12937,false,false,false,255 255 255 255,false,,,,,,,0,0,0,Cc(c1)ncc(c12)n(C(=O)N(C(=O)O)CN(C)C)c3c(c2=O)cc(Cl)cc3,AIDD_Results trypanosoma scaffold 1,AIDD_Results trypanosoma scaffold 1,0,,
,138,12940,false,false,false,255 255 255 255,false,,,,,,,0,0,0,C12CC(C)N(CC2)C(C1)c3ccco3,AIDD_Results trypanosoma scaffold 1,AIDD_Results trypanosoma scaffold 1,0,,
,139,12947,false,false,false,255 255 255 255,false,,,,,,,0,0,0,O=C(O)c1c(Br)c(C#N)cc(c12)Oc3c(cccc3)N2C(=O)CC,AIDD_Results trypanosoma scaffold 1,AIDD_Results trypanosoma scaffold 1,0,,
,140,13035,false,false,false,255 255 255 255,false,,,,,,,0,0,0,FCCc(c1)ccc(c12)S(=O)(=O)C=CC2C[C@H](C34)CN(CC3)CC4,AIDD_Results trypanosoma scaffold 1,AIDD_Results trypanosoma scaffold 1,0,,
,141,13089,false,false,false,255 255 255 255,false,,,,,,,0,0,0,C1CN(C)C=CC1n(c(c2c34)c(=O)occ2)c3CC(F)CC4=O,AIDD_Results trypanosoma scaffold 1,AIDD_Results trypanosoma scaffold 1,0,,
,142,13133,false,false,false,255 255 255 255,false,,,,,,,0,0,0,FCC(=O)C1C=CC(C1C)C(c2ncon2)[C@H](C34)CN(CC3)CC4,AIDD_Results trypanosoma scaffold 1,AIDD_Results trypanosoma scaffold 1,0,,
,143,13142,false,false,false,255 255 255 255,false,,,,,,,0,0,0,N#Cc(c1)oc(=O)c(c1c23)n(C/C=C/N(C)C)c2CCCC3=O,AIDD_Results trypanosoma scaffold 1,AIDD_Results trypanosoma scaffold 1,0,,
,144,13419,false,false,false,255 255 255 255,false,,,,,,,0,0,0,C1CN(CC2)C[C@@H](C12)C(=O)C3N=CCSC(C34)CCOC4=O,AIDD_Results trypanosoma scaffold 1,AIDD_Results trypanosoma scaffold 1,0,,
,145,13453,false,false,false,255 255 255 255,false,,,,,,,0,0,0,c1c(Br)n(C)c(c12)N(S(=O)(=O)N)Cc3c(S2=O)cc(=O)[nH]c3,AIDD_Results trypanosoma scaffold 1,AIDD_Results trypanosoma scaffold 1,0,,
,146,13564,false,false,false,255 255 255 255,false,,,,,,,0,0,0,O=C(O)c1cccc(c12)S(=O)(=O)C=CN2,AIDD_Results trypanosoma scaffold 1,AIDD_Results trypanosoma scaffold 1,0,,
,147,13664,false,false,false,255 255 255 255,false,,,,,,,0,0,0,c1cc(C)cc(NC2)c1S(=O)c(c23)cc(=O)[nH]c3,AIDD_Results trypanosoma scaffold 1,AIDD_Results trypanosoma scaffold 1,0,,
,148,13711,false,false,false,255 255 255 255,false,,,,,,,0,0,0,OC1C=CCc(c12)cc(cc2)[C@H](C34)CN(CC3)CC4,AIDD_Results trypanosoma scaffold 1,AIDD_Results trypanosoma scaffold 1,0,,
,149,13792,false,false,false,255 255 255 255,false,,,,,,,0,0,0,CC(=O)Nc1cn(c(c12)C=CC2O)C[C@H](C34)CN(CC3)CC4,AIDD_Results trypanosoma scaffold 1,AIDD_Results trypanosoma scaffold 1,0,,
,150,13794,false,false,false,255 255 255 255,false,,,,,,,0,0,0,CC(=O)n(c1=O)cnc2c1n(C)c3ccc(c4c23)CN=C4,AIDD_Results trypanosoma scaffold 1,AIDD_Results trypanosoma scaffold 1,0,,
,151,13913,false,false,false,255 255 255 255,false,,,,,,,0,0,0,C1CN(CC2)C[C@@H](C12)Cc(cc3O)n(c34)C=CC4O,AIDD_Results trypanosoma scaffold 1,AIDD_Results trypanosoma scaffold 1,0,,
,152,14039,false,false,false,255 255 255 255,false,,,,,,,0,0,0,C1CN(CC2)C[C@@H](C12)Cc(cc3O)n(c34)C=CC4,AIDD_Results trypanosoma scaffold 1,AIDD_Results trypanosoma scaffold 1,0,,
,153,14089,false,false,false,255 255 255 255,false,,,,,,,0,0,0,c1[nH]c(=O)cc(c12)S(=O)c3c(NC2)cc(Cl)cc3,AIDD_Results trypanosoma scaffold 1,AIDD_Results trypanosoma scaffold 1,0,,
,154,14158,false,false,false,255 255 255 255,false,,,,,,,0,0,0,CC(=O)N(CC1)C2C=1Sc(c23)ncn(c3=O)C(=O)C,AIDD_Results trypanosoma scaffold 1,AIDD_Results trypanosoma scaffold 1,0,,
,155,14216,false,false,false,255 255 255 255,false,,,,,,,0,0,0,O=C(O)C(=N1)CCC(=C12)SC=C(C2)C[C@H](C34)CN(CC3)CC4,AIDD_Results trypanosoma scaffold 1,AIDD_Results trypanosoma scaffold 1,0,,
,156,14226,false,false,false,255 255 255 255,false,,,,,,,0,0,0,c1oc(=O)cc(c12)CC(C#N)C(=O)C2/C=C(\C34)CC(CC3F)CC4,AIDD_Results trypanosoma scaffold 1,AIDD_Results trypanosoma scaffold 1,0,,
,157,14339,false,false,false,255 255 255 255,false,,,,,,,0,0,0,Cc1ccc(C(=O)O)c(c12)SC(C#N)=CN2C[C@H](C34F)CN(CC3)CC4,AIDD_Results trypanosoma scaffold 1,AIDD_Results trypanosoma scaffold 1,0,,
,158,14397,false,false,false,255 255 255 255,false,,,,,,,0,0,0,CC(=O)Nc(c1Br)cc(=O)n(c12)n(cc2)C(=O)[C@H](C34F)CN(CC3)CC4,AIDD_Results trypanosoma scaffold 1,AIDD_Results trypanosoma scaffold 1,0,,
,159,14405,false,false,false,255 255 255 255,false,,,,,,,0,0,0,FCC(=O)C1C(C)C(C=C1C#N)C(c2ncon2)[C@H](C34)CN(CC3)CC4,AIDD_Results trypanosoma scaffold 1,AIDD_Results trypanosoma scaffold 1,0,,
,160,14423,false,false,false,255 255 255 255,false,,,,,,,0,0,0,CC(=O)NC1c(cncc2)c2C(O)c(c13)occ3,AIDD_Results trypanosoma scaffold 1,AIDD_Results trypanosoma scaffold 1,0,,
,161,14424,false,false,false,255 255 255 255,false,,,,,,,0,0,0,O1CN(C)C(=O)C1(O)CC(=O)N(n(c23)c(=O)ccn3)C4C(C2)CCCC4,AIDD_Results trypanosoma scaffold 1,AIDD_Results trypanosoma scaffold 1,0,,
,162,14509,false,false,false,255 255 255 255,false,,,,,,,0,0,0,c1cc(C(=O)O)cc2C(=CC)c(c3c12)cc(C(=O)O)cc3,AIDD_Results trypanosoma scaffold 1,AIDD_Results trypanosoma scaffold 1,0,,
,163,14777,false,false,false,255 255 255 255,false,,,,,,,0,0,0,OCC(=O)C1C(C)C(C=C1C#N)C(c2ncon2)[C@H](C34)CN(CC3)CC4,AIDD_Results trypanosoma scaffold 1,AIDD_Results trypanosoma scaffold 1,0,,
,164,15016,false,false,false,255 255 255 255,false,,,,,,,0,0,0,c1c(=O)occ(c12)CC(C#N)C(=O)C2/C(NC(=O)C)=C(\C34)CN(CC3F)CC4,AIDD_Results trypanosoma scaffold 1,AIDD_Results trypanosoma scaffold 1,0,,
,165,15065,false,false,false,255 255 255 255,false,,,,,,,0,0,0,OC1CN(CC2)C[C@@H](C12)c(cc3)n(c34)CC=CC4O,AIDD_Results trypanosoma scaffold 1,AIDD_Results trypanosoma scaffold 1,0,,
,166,15179,false,false,false,255 255 255 255,false,,,,,,,0,0,0,CC(=O)CC(=O)C(=C(C)N1C(=O)C)Sc(c12)ncn(c2=O)C(=O)C3CCCCN3,AIDD_Results trypanosoma scaffold 1,AIDD_Results trypanosoma scaffold 1,0,,
,167,15200,false,false,false,255 255 255 255,false,,,,,,,0,0,0,N=Cc1cc(C(=O)C)cc(c12)c(C)n3c2ncn(c3=O)C(=O)Cc4ccco4,AIDD_Results trypanosoma scaffold 1,AIDD_Results trypanosoma scaffold 1,0,,
,168,15350,false,false,false,255 255 255 255,false,,,,,,,0,0,0,O=c1cc[nH]c(c12)N(C3CN(C)CO3)c4c(S2)[nH]c(=O)c(Cl)c4,AIDD_Results trypanosoma scaffold 1,AIDD_Results trypanosoma scaffold 1,0,,
,169,15399,false,false,false,255 255 255 255,false,,,,,,,0,0,0,O=C(O)c(c1)ccc2C(=C\C)\c(c3c12)cc(C(=O)O)cc3,AIDD_Results trypanosoma scaffold 1,AIDD_Results trypanosoma scaffold 1,0,,
,170,15407,false,false,false,255 255 255 255,false,,,,,,,0,0,0,C1CN(CC2)C(C=C12)C(C#N)N3C=CSc(c34)cc(C(=O)O)cc4,AIDD_Results trypanosoma scaffold 1,AIDD_Results trypanosoma scaffold 1,0,,
,171,15495,false,false,false,255 255 255 255,false,,,,,,,0,0,0,N=CC1NCC(C12)N(C(=O)C)c3c(S2)ncn(c3=O)C(=O)C,AIDD_Results trypanosoma scaffold 1,AIDD_Results trypanosoma scaffold 1,0,,
,172,15511,false,false,false,255 255 255 255,false,,,,,,,0,0,0,CS(=O)(=O)CN1c(c(C(=O)O)cc(Cl)c2)c2Oc(c3)c1cc(c34)ocn4,AIDD_Results trypanosoma scaffold 1,AIDD_Results trypanosoma scaffold 1,0,,
,173,15605,false,false,false,255 255 255 255,false,,,,,,,0,0,0,Clc1cccc(c12)S(=O)c3c(CN2)c[nH]c(=O)c3,AIDD_Results trypanosoma scaffold 1,AIDD_Results trypanosoma scaffold 1,0,,
,174,15629,false,false,false,255 255 255 255,false,,,,,,,0,0,0,CC(=O)n(c1=O)cnc(S2)c1Nc(c23)n(cc3)S(=O)(=O)C,AIDD_Results trypanosoma scaffold 1,AIDD_Results trypanosoma scaffold 1,0,,
,175,15674,false,false,false,255 255 255 255,false,,,,,,,0,0,0,C1N=CNc(c12)n([C@H](C34)C(C#N)N(CO4)CC3)c(c2)C(=O)/C=C/NC(=O)C,AIDD_Results trypanosoma scaffold 1,AIDD_Results trypanosoma scaffold 1,0,,
,176,15754,false,false,false,255 255 255 255,false,,,,,,,0,0,0,N1C=CC(CC1=O)CC(O)[C@H](C23)CN(CC2)CC3,AIDD_Results trypanosoma scaffold 1,AIDD_Results trypanosoma scaffold 1,0,,
,177,15786,false,false,false,255 255 255 255,false,,,,,,,0,0,0,OCC(=O)CNc([nH]c1)cc1C(c2ncon2)[C@H](C34)C(C)N(CC3)CC4,AIDD_Results trypanosoma scaffold 1,AIDD_Results trypanosoma scaffold 1,0,,
,178,15829,false,false,false,255 255 255 255,false,,,,,,,0,0,0,CC(=O)c(n1)[nH]c(=O)c(c1c23)c(C)cc3oc(=O)cc2C=N,AIDD_Results trypanosoma scaffold 1,AIDD_Results trypanosoma scaffold 1,0,,
,179,15863,false,false,false,255 255 255 255,false,,,,,,,0,0,0,Oc1ccnc(c12)N(C3CN(C)CO3)c4c(S2)[nH]c(=O)c(Cl)c4,AIDD_Results trypanosoma scaffold 1,AIDD_Results trypanosoma scaffold 1,0,,
,180,15877,false,false,false,255 255 255 255,false,,,,,,,0,0,0,FCC(=O)C(=C1)CC(=C12)Cc3c(N2C(=O)C)c(=O)n(cn3)C(=O)C,AIDD_Results trypanosoma scaffold 1,AIDD_Results trypanosoma scaffold 1,0,,
,181,15952,false,false,false,255 255 255 255,false,,,,,,,0,0,0,CN(C1)CC1CC(n(c23)ccc2)N4C(C3)COC(F)C4=O,AIDD_Results trypanosoma scaffold 1,AIDD_Results trypanosoma scaffold 1,0,,
,182,16071,false,false,false,255 255 255 255,false,,,,,,,0,0,0,c1coc(c12)c(C(=O)O)cc(c2)Oc(cccc3)c3NCCCN4CCNCC4=O,AIDD_Results trypanosoma scaffold 1,AIDD_Results trypanosoma scaffold 1,0,,
,183,16159,false,false,false,255 255 255 255,false,,,,,,,0,0,0,CC(=O)n(c1=O)cnc(c12)c3c(cc2C)CCC=C3C=N,AIDD_Results trypanosoma scaffold 1,AIDD_Results trypanosoma scaffold 1,0,,
,184,16200,false,false,false,255 255 255 255,false,,,,,,,0,0,0,CC(=O)n(cn1)c(=O)c(c(C)c2)c1c3c2CC(=O)C(=C34)CN=C4,AIDD_Results trypanosoma scaffold 1,AIDD_Results trypanosoma scaffold 1,0,,
,185,16233,false,false,false,255 255 255 255,false,,,,,,,0,0,0,CC(O)C1CC(=O)C=C(S2=O)C1CNc(c2c34)n(C)c3[nH]cn4,AIDD_Results trypanosoma scaffold 1,AIDD_Results trypanosoma scaffold 1,0,,
,186,16244,false,false,false,255 255 255 255,false,,,,,,,0,0,0,CCC(=O)n1ccc(c1C)C(C2)N(CO3)CC(C23)N4CCNCC4=O,AIDD_Results trypanosoma scaffold 1,AIDD_Results trypanosoma scaffold 1,0,,
,187,16350,false,false,false,255 255 255 255,false,,,,,,,0,0,0,C1CC(C(=O)O)=NC(=C12)NC(=CS2)C[C@H](C34)CN(CC3)CC4,AIDD_Results trypanosoma scaffold 1,AIDD_Results trypanosoma scaffold 1,0,,
,188,16434,false,false,false,255 255 255 255,false,,,,,,,0,0,0,Nc1cc(C(=O)C)cc(N2C=O)c1Sc(c23)ncn(c3=O)C(=O)C,AIDD_Results trypanosoma scaffold 1,AIDD_Results trypanosoma scaffold 1,0,,
,189,16468,false,false,false,255 255 255 255,false,,,,,,,0,0,0,C1CN(CC2)C[C@@H](C12)/C=C(\C)c3c(CCF)cccc3S(=O)(=O)C,AIDD_Results trypanosoma scaffold 1,AIDD_Results trypanosoma scaffold 1,0,,
,190,16572,false,false,false,255 255 255 255,false,,,,,,,0,0,0,CC(=O)Nc1c(Cl)ccc(c12)Sc3c([nH]ccc3=O)N2C4CCN(C)CC4,AIDD_Results trypanosoma scaffold 1,AIDD_Results trypanosoma scaffold 1,0,,
,191,16596,false,false,false,255 255 255 255,false,,,,,,,0,0,0,CC(=O)n(c1=O)cnc(S2)c1N(C(=O)C)N(C23)CC(C3)C=N,AIDD_Results trypanosoma scaffold 1,AIDD_Results trypanosoma scaffold 1,0,,
,192,16696,false,false,false,255 255 255 255,false,,,,,,,0,0,0,n1coc(=O)n(c12)c(C(=O)/C=C/N)cc2C[C@H](C34)C(C(=O)C)N(CC3)CC4,AIDD_Results trypanosoma scaffold 1,AIDD_Results trypanosoma scaffold 1,0,,
,193,16793,false,false,false,255 255 255 255,false,,,,,,,0,0,0,O1CC(=O)C(C#N)=Nc(c12)n(cc2)CC(C34)=C(N)N(CC3)CC4,AIDD_Results trypanosoma scaffold 1,AIDD_Results trypanosoma scaffold 1,0,,
,194,16804,false,false,false,255 255 255 255,false,,,,,,,0,0,0,c1c(=O)scc(c12)CC(C#N)C(=O)C2/C=C(\C34)CN(CC3F)CC4,AIDD_Results trypanosoma scaffold 1,AIDD_Results trypanosoma scaffold 1,0,,
,195,16871,false,false,false,255 255 255 255,false,,,,,,,0,0,0,c1[nH]c(=O)cc(S2=O)c1CN(C(=O)C)c(c23)n(c(Br)c3)Cc4c[nH]cn4,AIDD_Results trypanosoma scaffold 1,AIDD_Results trypanosoma scaffold 1,0,,
,196,16955,false,false,false,255 255 255 255,false,,,,,,,0,0,0,C1CN(CC2)C[C@@H](C12)C(=O)C3CC(SC=N3)C(CC4=O)CCO4,AIDD_Results trypanosoma scaffold 1,AIDD_Results trypanosoma scaffold 1,0,,
,197,17001,false,false,false,255 255 255 255,false,,,,,,,0,0,0,c1occ(c12)cc(cc2C(=O)O)Oc(cccc3)c3NCCCN4CCNCC4=O,AIDD_Results trypanosoma scaffold 1,AIDD_Results trypanosoma scaffold 1,0,,
,198,17272,false,false,false,255 255 255 255,false,,,,,,,0,0,0,CC(=O)N(C)c1cn(c(c12)C=CC2O)C[C@H](C34)CN(CC3)CC4,AIDD_Results trypanosoma scaffold 1,AIDD_Results trypanosoma scaffold 1,0,,
,199,17311,false,false,false,255 255 255 255,false,,,,,,,0,0,0,C1CC(O)C=C(S2=O)C=1CN(C(=O)C)c(c23)n(c(Br)c3)Cc4c[nH]cn4,AIDD_Results trypanosoma scaffold 1,AIDD_Results trypanosoma scaffold 1,0,,
,200,17400,false,false,false,255 255 255 255,false,,,,,,,0,0,0,C1OCN(CC)CC1CN(C2C(C3=O)CCCC2)n(c34)c(=O)cc(n4)CO,AIDD_Results trypanosoma scaffold 1,AIDD_Results trypanosoma scaffold 1,0,,
,201,17415,false,false,false,255 255 255 255,false,,,,,,,0,0,0,C1CN(CC2)C(C)[C@@H](C12)Cn(c3)cc(c34)OC(=O)C4,AIDD_Results trypanosoma scaffold 1,AIDD_Results trypanosoma scaffold 1,0,,
,202,17418,false,false,false,255 255 255 255,false,,,,,,,0,0,0,C1CN(CC2)C[C@@H](C12)C(=O)C3NCCSC(C34)CCOC4=O,AIDD_Results trypanosoma scaffold 1,AIDD_Results trypanosoma scaffold 1,0,,
,203,17426,false,false,false,255 255 255 255,false,,,,,,,0,0,0,O=S1(=O)C=CC(C=C1)C(=O)N(C(C2=O)CCC2)[C@H]3CN(CC4)C=CC34,AIDD_Results trypanosoma scaffold 1,AIDD_Results trypanosoma scaffold 1,0,,
,204,17529,false,false,false,255 255 255 255,false,,,,,,,0,0,0,C1CN=CCC1CC(C(=O)C2)Nc(c23)cccc3,AIDD_Results trypanosoma scaffold 1,AIDD_Results trypanosoma scaffold 1,0,,
,205,17566,false,false,false,255 255 255 255,false,,,,,,,0,0,0,c1c(=O)occ(c12)CC(C#N)C(=O)C2/C(NC(=O)C)=C\3CN(CC=C34)CC4F,AIDD_Results trypanosoma scaffold 1,AIDD_Results trypanosoma scaffold 1,0,,
,206,17570,false,false,false,255 255 255 255,false,,,,,,,0,0,0,O=S1(=O)C=CC(C=C1)C(=O)N(CC(C2=O)CCC2)[C@H]3CN(CC4)C=CC34,AIDD_Results trypanosoma scaffold 1,AIDD_Results trypanosoma scaffold 1,0,,
,207,17604,false,false,false,255 255 255 255,false,,,,,,,0,0,0,CC(O)C1CC(=O)C=C(S2=O)C1CNc(c2c34)n(C)c3CCC4O,AIDD_Results trypanosoma scaffold 1,AIDD_Results trypanosoma scaffold 1,0,,
,208,17718,false,false,false,255 255 255 255,false,,,,,,,0,0,0,C1CN(CO2)C(CC12)Cc(ccc3F)c(c34)N=CCCC4=O,AIDD_Results trypanosoma scaffold 1,AIDD_Results trypanosoma scaffold 1,0,,
,209,17865,false,false,false,255 255 255 255,false,,,,,,,0,0,0,N#Cc1cc(C(=O)O)cc2n(C)c(c3c12)C(O)C(C=N3)C(=O)C,AIDD_Results trypanosoma scaffold 1,AIDD_Results trypanosoma scaffold 1,0,,
,210,17902,false,false,false,255 255 255 255,false,,,,,,,0,0,0,O=Cn(c1=O)cnc(S2)c1Nc(c3)c2cc(c34)N(CC4=O)S(=O)(=O)C,AIDD_Results trypanosoma scaffold 1,AIDD_Results trypanosoma scaffold 1,0,,
,211,17912,false,false,false,255 255 255 255,false,,,,,,,0,0,0,O1C=Nc2n(CF)c(cc(C#N)cc3)c3c2C14CCCCC4,AIDD_Results trypanosoma scaffold 1,AIDD_Results trypanosoma scaffold 1,0,,
,212,17924,false,false,false,255 255 255 255,false,,,,,,,0,0,0,c1cc(=S)n(C(=O)O)c(c12)N(C=CS2)C[C@H](C34)CN(CC4)C(C3)C(CC)OC,AIDD_Results trypanosoma scaffold 1,AIDD_Results trypanosoma scaffold 1,0,,
,213,17935,false,false,false,255 255 255 255,false,,,,,,,0,0,0,C1COC(N)C1N(C2)c(cc(C)cc3)c3S(=O)c(c24)cc(=O)[nH]c4,AIDD_Results trypanosoma scaffold 1,AIDD_Results trypanosoma scaffold 1,0,,
,214,18085,false,false,false,255 255 255 255,false,,,,,,,0,0,0,C1=CCCC(=C12)C(C(=O)C(C#N)C2)/C=C(\C34)CN(CC3F)CC4,AIDD_Results trypanosoma scaffold 1,AIDD_Results trypanosoma scaffold 1,0,,
,215,18189,false,false,false,255 255 255 255,false,,,,,,,0,0,0,C1CNCCN1CCCN2C=CSc(c23)n(S(=O)(=O)C)cc(C)c3=O,AIDD_Results trypanosoma scaffold 1,AIDD_Results trypanosoma scaffold 1,0,,
,216,18208,false,false,false,255 255 255 255,false,,,,,,,0,0,0,CC(=O)CN1c(cccc2)c2OC(=C13)CCC(Cl)=C3C(=O)O,AIDD_Results trypanosoma scaffold 1,AIDD_Results trypanosoma scaffold 1,0,,
,217,18288,false,false,false,255 255 255 255,false,,,,,,,0,0,0,c1oc(=O)cc(c12)CC(C#N)C(=O)C2/C=C(\C34)CN(C=C3)CC4F,AIDD_Results trypanosoma scaffold 1,AIDD_Results trypanosoma scaffold 1,0,,
,218,18344,false,false,false,255 255 255 255,false,,,,,,,0,0,0,O=C(O)c1cccc(c12)SC=CN2C[C@H](C34)CN(C(O4)C)CC3,AIDD_Results trypanosoma scaffold 1,AIDD_Results trypanosoma scaffold 1,0,,
,219,18413,false,false,false,255 255 255 255,false,,,,,,,0,0,0,N#Cc1ccc(C(=O)C)c2n(C=O)c(c3c12)C(=O)\C(C=N3)=C\C,AIDD_Results trypanosoma scaffold 1,AIDD_Results trypanosoma scaffold 1,0,,
,220,18418,false,false,false,255 255 255 255,false,,,,,,,0,0,0,O1CN(C)CC1(O)CC(=O)N(c(c23)cccc2)n4c(C3)nccc4=O,AIDD_Results trypanosoma scaffold 1,AIDD_Results trypanosoma scaffold 1,0,,
,221,18499,false,false,false,255 255 255 255,false,,,,,,,0,0,0,CC(=O)CC(=O)C(=C(C)N1C(=O)C)Sc(c12)ncn(c2=O)C(=O)C,AIDD_Results trypanosoma scaffold 1,AIDD_Results trypanosoma scaffold 1,0,,
,222,18534,false,false,false,255 255 255 255,false,,,,,,,0,0,0,O=C(O)c1cccc(c12)SC=CN2CC(=CC34)N(CC3)CC4,AIDD_Results trypanosoma scaffold 1,AIDD_Results trypanosoma scaffold 1,0,,
,223,18551,false,false,false,255 255 255 255,false,,,,,,,0,0,0,OCN(C)CCCN1c(cc(C)cn2)c2S(=O)c(c13)n(C)c(=O)c(C)c3,AIDD_Results trypanosoma scaffold 1,AIDD_Results trypanosoma scaffold 1,0,,
,224,18742,false,false,false,255 255 255 255,false,,,,,,,0,0,0,C1CN(C)CCC1Nc2c(O)c(Cl)ccc2Sc(c3=O)c[nH]cc3,AIDD_Results trypanosoma scaffold 1,AIDD_Results trypanosoma scaffold 1,0,,
,225,18768,false,false,false,255 255 255 255,false,,,,,,,0,0,0,CC(=O)N1C(C)=C(C(=O)CCC)Sc(c12)ncn(c2=O)C(=O)CN,AIDD_Results trypanosoma scaffold 1,AIDD_Results trypanosoma scaffold 1,0,,
,226,18855,false,false,false,255 255 255 255,false,,,,,,,0,0,0,CC(=O)C1CCC(=C12)S(=O)(=O)C=CC2CCC(CC34)N(CC3)CC4,AIDD_Results trypanosoma scaffold 1,AIDD_Results trypanosoma scaffold 1,0,,
,227,18967,false,false,false,255 255 255 255,false,,,,,,,0,0,0,c1c(Cl)c(C(F)(F)F)nc(S2)c1N(CC3CN(C)CO3)c(c24)[nH]ccc4=O,AIDD_Results trypanosoma scaffold 1,AIDD_Results trypanosoma scaffold 1,0,,
,228,18970,false,false,false,255 255 255 255,false,,,,,,,0,0,0,FC(F)C1=CC(=O)CC(=C12)S(=O)(=O)C=CC2C[C@H](C34)CN(CC3)CC4,AIDD_Results trypanosoma scaffold 1,AIDD_Results trypanosoma scaffold 1,0,,
,229,18982,false,false,false,255 255 255 255,false,,,,,,,0,0,0,O=C(O)c1cccc(c12)OC=CN2C[C@H](C34)CN(C(O4)C)CC3,AIDD_Results trypanosoma scaffold 1,AIDD_Results trypanosoma scaffold 1,0,,
,230,18990,false,false,false,255 255 255 255,false,,,,,,,0,0,0,OCC(=O)c1cc(ccc1)C2=CN(C=CC2)C[C@H](C34F)CN(CC3)CC4,AIDD_Results trypanosoma scaffold 1,AIDD_Results trypanosoma scaffold 1,0,,
,231,19200,false,false,false,255 255 255 255,false,,,,,,,0,0,0,c1cc(=S)n(C(=O)O)c(c12)N(C=CS2)C[C@H](C34)CN(C(CF)C4)CC3O,AIDD_Results trypanosoma scaffold 1,AIDD_Results trypanosoma scaffold 1,0,,
,232,19282,false,false,false,255 255 255 255,false,,,,,,,0,0,0,C1CN(CC2)C[C@@H](C12)C(O)CC3C=CC=CC3,AIDD_Results trypanosoma scaffold 1,AIDD_Results trypanosoma scaffold 1,0,,
,233,19323,false,false,false,255 255 255 255,false,,,,,,,0,0,0,c1cn(C(=O)O)c(c12)N(C=CS2)C[C@H]3CN(CC4)C=CC34,AIDD_Results trypanosoma scaffold 1,AIDD_Results trypanosoma scaffold 1,0,,
,234,19525,false,false,false,255 255 255 255,false,,,,,,,0,0,0,FCC(=O)C(CC1)=CC(N2C(=O)C)=C1Cc(c23)ncn(c3=O)C(=O)C,AIDD_Results trypanosoma scaffold 1,AIDD_Results trypanosoma scaffold 1,0,,
,235,19660,false,false,false,255 255 255 255,false,,,,,,,0,0,0,FC(F)C1=CC(=O)CC(=C1)C(S2(=O)=O)=CC(C=C2)C[C@H](C34)CN(CC3)CC4,AIDD_Results trypanosoma scaffold 1,AIDD_Results trypanosoma scaffold 1,0,,
,236,19670,false,false,false,255 255 255 255,false,,,,,,,0,0,0,C1CN(CC2)C(C)[C@@H](C12)CCn(c3)cc(c34)OC(=O)C4,AIDD_Results trypanosoma scaffold 1,AIDD_Results trypanosoma scaffold 1,0,,
,237,19749,false,false,false,255 255 255 255,false,,,,,,,0,0,0,C1CN(CC2)C[C@@H](C12)CC3C=CS(=O)(=O)c(c34)cccc4CF,AIDD_Results trypanosoma scaffold 1,AIDD_Results trypanosoma scaffold 1,0,,
,238,19772,false,false,false,255 255 255 255,false,,,,,,,0,0,0,c1cn(C(=O)O)c(c12)N(C(=O)CC(=O)O)c3c(S2)ccc(Cl)c3,AIDD_Results trypanosoma scaffold 1,AIDD_Results trypanosoma scaffold 1,0,,
,239,20012,false,false,false,255 255 255 255,false,,,,,,,0,0,0,N#CC1=CC(CC1=O)CC(O)[C@H](C23)CN(CC2)CC3,AIDD_Results trypanosoma scaffold 1,AIDD_Results trypanosoma scaffold 1,0,,
,240,20044,false,false,false,255 255 255 255,false,,,,,,,0,0,0,CC(=O)Nc(cc1Br)c(=O)n(c12)CC(C=C2)C(=O)[C@H](C34F)CN(CC3)CC4,AIDD_Results trypanosoma scaffold 1,AIDD_Results trypanosoma scaffold 1,0,,
,241,20212,false,false,false,255 255 255 255,false,,,,,,,0,0,0,CC(=O)c(c1Br)cc(=O)n(c12)CN(C=C2)C(=O)[C@H](C34F)CN(CC3)CC4,AIDD_Results trypanosoma scaffold 1,AIDD_Results trypanosoma scaffold 1,0,,
,242,20303,false,false,false,255 255 255 255,false,,,,,,,0,0,0,C1CN(CC2)C[C@@H](C12)C(C#N)C(=CS3)NC(=C34)N=C(C(=O)O)CC4,AIDD_Results trypanosoma scaffold 1,AIDD_Results trypanosoma scaffold 1,0,,
,243,20480,false,false,false,255 255 255 255,false,,,,,,,0,0,0,CC(=O)NCCCc(n(CO)cc1)c1C[C@H](C23)CN(CC2)CC3,AIDD_Results trypanosoma scaffold 1,AIDD_Results trypanosoma scaffold 1,0,,
,244,20525,false,false,false,255 255 255 255,false,,,,,,,0,0,0,N#Cc1cc(CO)cc2n(C(=O)C)c(c3c12)c(=O)n(cn3)C(=O)C,AIDD_Results trypanosoma scaffold 1,AIDD_Results trypanosoma scaffold 1,0,,
,245,20660,false,false,false,255 255 255 255,false,,,,,,,0,0,0,C1CNCC=C1CC(=O)n(c2=O)cnc(SC3)c2N(C34)N(C(=O)C)CC4O,AIDD_Results trypanosoma scaffold 1,AIDD_Results trypanosoma scaffold 1,0,,
,246,20672,false,false,false,255 255 255 255,false,,,,,,,0,0,0,OCN(C)CC#CN1c(cc(C)c(=O)n2C)c2S(=O)c(c13)ncc(C)c3,AIDD_Results trypanosoma scaffold 1,AIDD_Results trypanosoma scaffold 1,0,,
,247,20827,false,false,false,255 255 255 255,false,,,,,,,0,0,0,C1CC=C(C(=O)CF)C(N2C(=O)C)=C1Cc(c23)ncn(c3=O)C(=O)C,AIDD_Results trypanosoma scaffold 1,AIDD_Results trypanosoma scaffold 1,0,,
,248,20922,false,false,false,255 255 255 255,false,,,,,,,0,0,0,CC(=O)Nc1cc(n(c12)C=CC2O)C[C@H](C34)CN(CC3)CC4,AIDD_Results trypanosoma scaffold 1,AIDD_Results trypanosoma scaffold 1,0,,
,249,21023,false,false,false,255 255 255 255,false,,,,,,,0,0,0,N=CC1=CC(CC(=O)N1)CC(O)[C@H](C23)CN(CC2)CC3,AIDD_Results trypanosoma scaffold 1,AIDD_Results trypanosoma scaffold 1,0,,
,250,21064,false,false,false,255 255 255 255,false,,,,,,,0,0,0,c1cc(=S)n(C(=O)O)c(c12)N(C=CS2)CC(C3)N(CC4)CC(C34)O,AIDD_Results trypanosoma scaffold 1,AIDD_Results trypanosoma scaffold 1,0,,
,251,21095,false,false,false,255 255 255 255,false,,,,,,,0,0,0,N#CC(C1)N(CC2)C[C@@H](C12)N(C(=CS3(=O)=O)NC(=O)C)n(c34)c(=O)ccc4,AIDD_Results trypanosoma scaffold 1,AIDD_Results trypanosoma scaffold 1,0,,
,252,21129,false,false,false,255 255 255 255,false,,,,,,,0,0,0,N#Cc(c1)oc(=O)c(c1c23)n(c2CCC3=O)C/C=C/N(C)C,AIDD_Results trypanosoma scaffold 1,AIDD_Results trypanosoma scaffold 1,0,,
,253,21168,false,false,false,255 255 255 255,false,,,,,,,0,0,0,C1CN(CC2)C[C@@H](C12)CC(O)C3CC(SC=N3)C(CC4=O)OC4,AIDD_Results trypanosoma scaffold 1,AIDD_Results trypanosoma scaffold 1,0,,
,254,21308,false,false,false,255 255 255 255,false,,,,,,,0,0,0,O=C(O)c(c1)c(F)cc(O2)c1N(C)c(c23)cccc3NS(=O)(=O)C,AIDD_Results trypanosoma scaffold 1,AIDD_Results trypanosoma scaffold 1,0,,
,255,21309,false,false,false,255 255 255 255,false,,,,,,,0,0,0,CC(=O)CC(=O)C(=C(CF)N1C(=O)C)Sc(c12)ncn(c2=O)C(=O)C3CCCCN3,AIDD_Results trypanosoma scaffold 1,AIDD_Results trypanosoma scaffold 1,0,,
,256,21335,false,false,false,255 255 255 255,false,,,,,,,0,0,0,CC(=O)/C=C/C(N1C(=O)C)=C(C)Sc(c12)ncn(c2=O)C(=O)C,AIDD_Results trypanosoma scaffold 1,AIDD_Results trypanosoma scaffold 1,0,,
,257,21439,false,false,false,255 255 255 255,false,,,,,,,0,0,0,O=C(O)n(c1)c(=S)ccc1C2=CN(C=CS2)C[C@H](C34)CN(C(CF)C4)CC3O,AIDD_Results trypanosoma scaffold 1,AIDD_Results trypanosoma scaffold 1,0,,
,258,21442,false,false,false,255 255 255 255,false,,,,,,,0,0,0,O=c1oc(C(=O)CF)cc(N2C(=O)C)c1Sc(c23)ncn(c3=O)C(=O)C,AIDD_Results trypanosoma scaffold 1,AIDD_Results trypanosoma scaffold 1,0,,
,259,21522,false,false,false,255 255 255 255,false,,,,,,,0,0,0,CC(=O)c1c[nH]c(c12)Sc3c(N2)c(=O)n(cn3)C(=O)C,AIDD_Results trypanosoma scaffold 1,AIDD_Results trypanosoma scaffold 1,0,,
,260,21525,false,false,false,255 255 255 255,false,,,,,,,0,0,0,N#Cc1ccc(S(=O)(=O)C)c(c12)cc(nc2)C[C@H](C34)CN(CC3)CC4,AIDD_Results trypanosoma scaffold 1,AIDD_Results trypanosoma scaffold 1,0,,
,261,21552,false,false,false,255 255 255 255,false,,,,,,,0,0,0,C1CNCC=C1c2c(C(=O)O)ccc3\C(=C\C)c(c4c23)cc(C(=O)O)cc4,AIDD_Results trypanosoma scaffold 1,AIDD_Results trypanosoma scaffold 1,0,,
,262,21579,false,false,false,255 255 255 255,false,,,,,,,0,0,0,CC(=O)n(c1=O)cnc(S2)c1NC(C23)CNC3C4=NCCCC4,AIDD_Results trypanosoma scaffold 1,AIDD_Results trypanosoma scaffold 1,0,,
,263,21657,false,false,false,255 255 255 255,false,,,,,,,0,0,0,n1c[nH]cc1Cn(cc2)c(c23)OCc4c(S3=O)cc(=O)[nH]c4,AIDD_Results trypanosoma scaffold 1,AIDD_Results trypanosoma scaffold 1,0,,
,264,21672,false,false,false,255 255 255 255,false,,,,,,,0,0,0,C1CN(CC2)C[C@@H](C12)C(=O)C3CC(SC=N3)C(CC4=O)CCC4,AIDD_Results trypanosoma scaffold 1,AIDD_Results trypanosoma scaffold 1,0,,
,265,21702,false,false,false,255 255 255 255,false,,,,,,,0,0,0,CS(=O)(=O)n(c1=O)ccc(c12)C(C(=O)CC2C#N)/C=C(\C34)CN(CC3F)CC4,AIDD_Results trypanosoma scaffold 1,AIDD_Results trypanosoma scaffold 1,0,,
,266,21753,false,false,false,255 255 255 255,false,,,,,,,0,0,0,CCN(C1)CCC1CC2N(C(=O)CC(C)C3)C=3S(=O)(=O)C(=C24)C=NCC4,AIDD_Results trypanosoma scaffold 1,AIDD_Results trypanosoma scaffold 1,0,,
,267,21759,false,false,false,255 255 255 255,false,,,,,,,0,0,0,C1=CNS(=O)(=O)c(c12)cc3c(c2)CCCC3,AIDD_Results trypanosoma scaffold 1,AIDD_Results trypanosoma scaffold 1,0,,
,268,21854,false,false,false,255 255 255 255,false,,,,,,,0,0,0,C1CN(CC2)C(CC12)Cn(cc3)c(c34)ncc(=O)o4,AIDD_Results trypanosoma scaffold 1,AIDD_Results trypanosoma scaffold 1,0,,
,269,21863,false,false,false,255 255 255 255,false,,,,,,,0,0,0,CC(=O)N(CC1)C(C=12)S(=O)(=O)c3c(S2)ncn(c3=O)C(=O)C,AIDD_Results trypanosoma scaffold 1,AIDD_Results trypanosoma scaffold 1,0,,
,270,21867,false,false,false,255 255 255 255,false,,,,,,,0,0,0,FC(F)C1=CC(=O)CC(=C1)C(S2(=O)=O)=CC(C=C2)CC[C@H](C34)CN(CC3)CC4,AIDD_Results trypanosoma scaffold 1,AIDD_Results trypanosoma scaffold 1,0,,
,271,21881,false,false,false,255 255 255 255,false,,,,,,,0,0,0,OCc1ccc(=O)n(c12)N(CCC2)CC(CC34O)N(CC3)CC4,AIDD_Results trypanosoma scaffold 1,AIDD_Results trypanosoma scaffold 1,0,,
,272,21957,false,false,false,255 255 255 255,false,,,,,,,0,0,0,CCC(=O)n(cc1)c(C)c1C(C2)N(C3)CC(C23)N4CCNCC4=O,AIDD_Results trypanosoma scaffold 1,AIDD_Results trypanosoma scaffold 1,0,,
,273,21973,false,false,false,255 255 255 255,false,,,,,,,0,0,0,c1cccc(c12)OC(C#N)C(=O)C2/C=C(\C34)CN(CC3F)CC4,AIDD_Results trypanosoma scaffold 1,AIDD_Results trypanosoma scaffold 1,0,,
,274,22060,false,false,false,255 255 255 255,false,,,,,,,0,0,0,n1c[nH]c(c12)NS(=O)(=O)c3c2cc4c(c3)CCCC4,AIDD_Results trypanosoma scaffold 1,AIDD_Results trypanosoma scaffold 1,0,,
,275,22081,false,false,false,255 255 255 255,false,,,,,,,0,0,0,CC(=O)/C=C/1CC(=O)N(C1=2)c3c(SC2C)ncn(c3=O)C(=O)C,AIDD_Results trypanosoma scaffold 1,AIDD_Results trypanosoma scaffold 1,0,,
,276,22129,false,false,false,255 255 255 255,false,,,,,,,0,0,0,c1occc1CC(=O)c(cc2C=N)cc3n(C)c(c4c23)c(=O)n(cn4)C(=O)C,AIDD_Results trypanosoma scaffold 1,AIDD_Results trypanosoma scaffold 1,0,,
,277,22160,false,false,false,255 255 255 255,false,,,,,,,0,0,0,C1CN(CC2)C(CC12)Cn(cc3)c(c34)N=CC(C4)O,AIDD_Results trypanosoma scaffold 1,AIDD_Results trypanosoma scaffold 1,0,,
,278,22169,false,false,false,255 255 255 255,false,,,,,,,0,0,0,O=C1OC=NC(C(=O)O)C(C2)N1c(c23)c(F)ccc3,AIDD_Results trypanosoma scaffold 1,AIDD_Results trypanosoma scaffold 1,0,,
,279,22215,false,false,false,255 255 255 255,false,,,,,,,0,0,0,C1CN(CC2)C(CC12)CC(O)C(N=C3)C(C3=4)OCC(=O)C4,AIDD_Results trypanosoma scaffold 1,AIDD_Results trypanosoma scaffold 1,0,,
,280,22262,false,false,false,255 255 255 255,false,,,,,,,0,0,0,C1CN(CC2)C(C)[C@@H](C12)Cn(cc3)c(c34)ccc(n4)O,AIDD_Results trypanosoma scaffold 1,AIDD_Results trypanosoma scaffold 1,0,,
,281,22360,false,false,false,255 255 255 255,false,,,,,,,0,0,0,CC(=O)Nc(c1)cc(=O)n(c12)N(CC2O)C[C@H](C34)CN(CC3)CC4,AIDD_Results trypanosoma scaffold 1,AIDD_Results trypanosoma scaffold 1,0,,
,282,22370,false,false,false,255 255 255 255,false,,,,,,,0,0,0,CC(=O)c1cccc(c12)Sc3c(N2C(C)=N)c(=O)n(cn3)C(=O)C,AIDD_Results trypanosoma scaffold 1,AIDD_Results trypanosoma scaffold 1,0,,
,283,22478,false,false,false,255 255 255 255,false,,,,,,,0,0,0,CC(=O)Nc(c1F)cc(=O)n(c12)n(cc2)C(=O)[C@H](C34F)CN(CC3)CC4,AIDD_Results trypanosoma scaffold 1,AIDD_Results trypanosoma scaffold 1,0,,
,284,22608,false,false,false,255 255 255 255,false,,,,,,,0,0,0,C1C(=O)CC(C(C)O)C(CN2)C=1S(=O)c(c23)n4c(c3Cl)CCC4O,AIDD_Results trypanosoma scaffold 1,AIDD_Results trypanosoma scaffold 1,0,,
,285,22730,false,false,false,255 255 255 255,false,,,,,,,0,0,0,C1CCC(C1=O)C(O)C(=O)c2c(F)n(cc2)C[C@H](C34)CN(CC3)CC4,AIDD_Results trypanosoma scaffold 1,AIDD_Results trypanosoma scaffold 1,0,,
,286,22754,false,false,false,255 255 255 255,false,,,,,,,0,0,0,C1CN(CC2)C[C@@H](C12)C(C#N)N3C=CSC=C3c(cc4)oc(=O)c4C(=O)O,AIDD_Results trypanosoma scaffold 1,AIDD_Results trypanosoma scaffold 1,0,,
,287,22755,false,false,false,255 255 255 255,false,,,,,,,0,0,0,N=Cc(c1)cc(C(=O)C)c(c12)n(C)c(c2F)C(=O)N(C(=O)C)CCc3ccoc3,AIDD_Results trypanosoma scaffold 1,AIDD_Results trypanosoma scaffold 1,0,,
,288,22783,false,false,false,255 255 255 255,false,,,,,,,0,0,0,COCC(=O)c(c1F)c(N)c(c(c12)nc[nH]c2=O)C[C@H](C34)CN(CC3F)CC4,AIDD_Results trypanosoma scaffold 1,AIDD_Results trypanosoma scaffold 1,0,,
,289,22794,false,false,false,255 255 255 255,false,,,,,,,0,0,0,N=Cc1cc(C(=O)C)cc(c12)N(C)C(C2)C(=O)N(C(=O)C)C(=O)C,AIDD_Results trypanosoma scaffold 1,AIDD_Results trypanosoma scaffold 1,0,,
,290,22802,false,false,false,255 255 255 255,false,,,,,,,0,0,0,CCN(CO)CC#CN1c(cc(C)cn2)c2S(=O)c(c13)n(C)c(=O)c(C)c3,AIDD_Results trypanosoma scaffold 1,AIDD_Results trypanosoma scaffold 1,0,,
,291,22867,false,false,false,255 255 255 255,false,,,,,,,0,0,0,c1oc(=O)c(C)cc1C(=O)c2c(ccnc2)N3CCCCC3CCN(C)C,AIDD_Results trypanosoma scaffold 1,AIDD_Results trypanosoma scaffold 1,0,,
,292,22948,false,false,false,255 255 255 255,false,,,,,,,0,0,0,O=Cn(c1=O)cnc(S2)c1Nc3c2ccc(c34)N(CC4=O)S(=O)(=O)C,AIDD_Results trypanosoma scaffold 1,AIDD_Results trypanosoma scaffold 1,0,,
,293,23004,false,false,false,255 255 255 255,false,,,,,,,0,0,0,Fc1cccc(C2)c1N(C(=O)OC=N3)C2C34CCCCC4,AIDD_Results trypanosoma scaffold 1,AIDD_Results trypanosoma scaffold 1,0,,
,294,23039,false,false,false,255 255 255 255,false,,,,,,,0,0,0,CC(=O)Nc(c1C)cc(=O)n(c12)N(CC2O)C[C@H](C34)CN(CC3)CC4,AIDD_Results trypanosoma scaffold 1,AIDD_Results trypanosoma scaffold 1,0,,
,295,23308,false,false,false,255 255 255 255,false,,,,,,,0,0,0,N#Cc1cc(CO)cc(c12)N(C(=O)C)c3c(O2)ncc(c3)C(=O)C,AIDD_Results trypanosoma scaffold 1,AIDD_Results trypanosoma scaffold 1,0,,
,296,23324,false,false,false,255 255 255 255,false,,,,,,,0,0,0,CC(=O)/C=C/1CC(=O)N(C1=2)c3c(SC2CC)ncn(c3=O)C(=O)C,AIDD_Results trypanosoma scaffold 1,AIDD_Results trypanosoma scaffold 1,0,,
,297,23420,false,false,false,255 255 255 255,false,,,,,,,0,0,0,c1c(Cl)n(C(=O)O)c(c12)N(CC)c3c(O2)cccc3,AIDD_Results trypanosoma scaffold 1,AIDD_Results trypanosoma scaffold 1,0,,
,298,23451,false,false,false,255 255 255 255,false,,,,,,,0,0,0,C1CN=CCC1CC(CC(=O)C2)Nc(c23)cccc3,AIDD_Results trypanosoma scaffold 1,AIDD_Results trypanosoma scaffold 1,0,,
,299,23456,false,false,false,255 255 255 255,false,,,,,,,0,0,0,N=Cc1cc(C(=O)C)cc(c12)N(C)C(C2)C(=O)N(C(=O)C)C(=O)CC3=CCNCC3,AIDD_Results trypanosoma scaffold 1,AIDD_Results trypanosoma scaffold 1,0,,
,300,23545,false,false,false,255 255 255 255,false,,,,,,,0,0,0,C1CN=CCC1CN(CCC(=O)C2)c(c23)cccc3,AIDD_Results trypanosoma scaffold 1,AIDD_Results trypanosoma scaffold 1,0,,
,301,23551,false,false,false,255 255 255 255,false,,,,,,,0,0,0,O=C(O)c1cccc(c12)SC=CN2[C@H](C34)N(C(C)C3)CNC4,AIDD_Results trypanosoma scaffold 1,AIDD_Results trypanosoma scaffold 1,0,,
,302,23598,false,false,false,255 255 255 255,false,,,,,,,0,0,0,C12C=CN(CC2)C[C@@H]1Cn(cc3)c(c34)c(S(=O)C)ccc4,AIDD_Results trypanosoma scaffold 1,AIDD_Results trypanosoma scaffold 1,0,,
,303,23612,false,false,false,255 255 255 255,false,,,,,,,0,0,0,N#Cc1coc(=O)c(c1c23)n(c2CCC3=O)C/C=C/N(C)C,AIDD_Results trypanosoma scaffold 1,AIDD_Results trypanosoma scaffold 1,0,,
,304,23685,false,false,false,255 255 255 255,false,,,,,,,0,0,0,Cc(c1)c(C#N)nc(c12)S(=O)c3c(cc(C)c(=O)n3C)N2CCCN(C)CO,AIDD_Results trypanosoma scaffold 1,AIDD_Results trypanosoma scaffold 1,0,,
,305,23711,false,false,false,255 255 255 255,false,,,,,,,0,0,0,c1ccc(=O)n(C2=O)c1C(n(c23)c(=O)cc(n3)C)C4CCC(O)N4C,AIDD_Results trypanosoma scaffold 1,AIDD_Results trypanosoma scaffold 1,0,,
,306,23731,false,false,false,255 255 255 255,false,,,,,,,0,0,0,C1OC(=O)CC=C1C(CCC(C#N)C2=O)C2/C=C(/C34)CN(CC3F)CC4,AIDD_Results trypanosoma scaffold 1,AIDD_Results trypanosoma scaffold 1,0,,
,307,23902,false,false,false,255 255 255 255,false,,,,,,,0,0,0,C1CN(CO2)C(C(C12)C(=O)O)Cc(ccc3F)c(c34)N=CCCC4=O,AIDD_Results trypanosoma scaffold 1,AIDD_Results trypanosoma scaffold 1,0,,
,308,23933,false,false,false,255 255 255 255,false,,,,,,,0,0,0,C1CN(CC2)C(CC12)Cc3[nH]cc(c34)CC(C=N4)O,AIDD_Results trypanosoma scaffold 1,AIDD_Results trypanosoma scaffold 1,0,,
,309,24097,false,false,false,255 255 255 255,false,,,,,,,0,0,0,c1[nH]c(=O)cc(c12)S(=O)c3c(NC2)cccc3,AIDD_Results trypanosoma scaffold 1,AIDD_Results trypanosoma scaffold 1,0,,
,310,24126,false,false,false,255 255 255 255,false,,,,,,,0,0,0,OC1C=C(C(=O)N)Cn(c12)c(cc2)C[C@H](C34)CN(CC3)CC4,AIDD_Results trypanosoma scaffold 1,AIDD_Results trypanosoma scaffold 1,0,,
,311,24233,false,false,false,255 255 255 255,false,,,,,,,0,0,0,CC(=O)n(cn1)c(=O)c(c1c23)n(C)c2cc4c(cco4)c3C=N,AIDD_Results trypanosoma scaffold 1,AIDD_Results trypanosoma scaffold 1,0,,
,312,24285,false,false,false,255 255 255 255,false,,,,,,,0,0,0,c1cn(C(=O)O)c(=O)c(c1C)N(CC)[C@H]2CN(CC3)CC(C23)c4ccco4,AIDD_Results trypanosoma scaffold 1,AIDD_Results trypanosoma scaffold 1,0,,
,313,24297,false,false,false,255 255 255 255,false,,,,,,,0,0,0,CN(C)C(=O)C(N)CC(C1)c(ccc(C)c2)c2S(=O)c(c13)cc(=O)n4c3CCCC4,AIDD_Results trypanosoma scaffold 1,AIDD_Results trypanosoma scaffold 1,0,,
,314,24327,false,false,false,255 255 255 255,false,,,,,,,0,0,0,C1CN(CC2)C[C@@H](C12)Cn(ccc3=O)c(c34)C=CC(C4)O,AIDD_Results trypanosoma scaffold 1,AIDD_Results trypanosoma scaffold 1,0,,
,315,24483,false,false,false,255 255 255 255,false,,,,,,,0,0,0,C1C(=O)C=CC(C(=O)N)n(c12)c(C)cc2,AIDD_Results trypanosoma scaffold 1,AIDD_Results trypanosoma scaffold 1,0,,
,316,24555,false,false,false,255 255 255 255,false,,,,,,,0,0,0,CCCC(=O)c(c1F)c(N)c(C[C@H](C23)CN(CC2F)CC3)c(c14)N=CCC4O,AIDD_Results trypanosoma scaffold 1,AIDD_Results trypanosoma scaffold 1,0,,
,317,24631,false,false,false,255 255 255 255,false,,,,,,,0,0,0,C1CCC(C(=O)C)C(N2C(C)=N)C1Sc(c23)ncn(c3=O)C(=O)C,AIDD_Results trypanosoma scaffold 1,AIDD_Results trypanosoma scaffold 1,0,,
,318,24719,false,false,false,255 255 255 255,false,,,,,,,0,0,0,CC(=O)C1CCC(=C12)S(=O)(=O)C=CC2CC(CC34)N(CC3)CC4,AIDD_Results trypanosoma scaffold 1,AIDD_Results trypanosoma scaffold 1,0,,
,319,24892,false,false,false,255 255 255 255,false,,,,,,,0,0,0,N#Cc1ccc(S(=O)(=O)C)c(c12)cc(nc2)C[C@H](C34)CN(C4)CC3,AIDD_Results trypanosoma scaffold 1,AIDD_Results trypanosoma scaffold 1,0,,
,320,24910,false,false,false,255 255 255 255,false,,,,,,,0,0,0,O=C(O)c(c1)ccc(c12)SC=CN2C[C@H](C34)CN(CO4)CC3,AIDD_Results trypanosoma scaffold 1,AIDD_Results trypanosoma scaffold 1,0,,
,321,24963,false,false,false,255 255 255 255,false,,,,,,,0,0,0,O=Cn(c1=O)cnc(S2)c1N(C)c(c3)c2cc(c34)N(CC4=O)S(=O)(=O)C,AIDD_Results trypanosoma scaffold 1,AIDD_Results trypanosoma scaffold 1,0,,
,322,24969,false,false,false,255 255 255 255,false,,,,,,,0,0,0,CC(O)C1CC(=O)C=C(S2=O)C1CNc(c2c34)n(C)c3SCC4O,AIDD_Results trypanosoma scaffold 1,AIDD_Results trypanosoma scaffold 1,0,,
,323,25001,false,false,false,255 255 255 255,false,,,,,,,0,0,0,CC(=O)n(c1=O)cnc2c1c(C)cc(c23)c(=O)occ3C=N,AIDD_Results trypanosoma scaffold 1,AIDD_Results trypanosoma scaffold 1,0,,
,324,25108,false,false,false,255 255 255 255,false,,,,,,,0,0,0,C1CN(CC2)C(CC12)CCC3C=CS(=O)(=O)C(=C34)CCC4CC,AIDD_Results trypanosoma scaffold 1,AIDD_Results trypanosoma scaffold 1,0,,
,325,25138,false,false,false,255 255 255 255,false,,,,,,,0,0,0,FCC(=O)C(NC1)=CC(N2C(=O)C)=C1Sc(c23)ncn(c3=O)C(=O)C,AIDD_Results trypanosoma scaffold 1,AIDD_Results trypanosoma scaffold 1,0,,
,326,25145,false,false,false,255 255 255 255,false,,,,,,,0,0,0,O=Cn(c1=O)cnc(S2)c1N(CC)c(c3)c2cc(c34)N(CC4=O)S(=O)(=O)C,AIDD_Results trypanosoma scaffold 1,AIDD_Results trypanosoma scaffold 1,0,,
,327,25167,false,false,false,255 255 255 255,false,,,,,,,0,0,0,c1cn(C)c(c12)N(C(=O)C)CC3C(S2=O)=CC(=O)CC3,AIDD_Results trypanosoma scaffold 1,AIDD_Results trypanosoma scaffold 1,0,,
,328,25213,false,false,false,255 255 255 255,false,,,,,,,0,0,0,CCC(CC12)N(CC2)C(C1)c3ccoc3,AIDD_Results trypanosoma scaffold 1,AIDD_Results trypanosoma scaffold 1,0,,
,329,25217,false,false,false,255 255 255 255,false,,,,,,,0,0,0,N#CCC(=O)c(cc1C=N)cc2n(C)c(c3c12)c(=O)n(C(=O)C)cc3,AIDD_Results trypanosoma scaffold 1,AIDD_Results trypanosoma scaffold 1,0,,
,330,25241,false,false,false,255 255 255 255,false,,,,,,,0,0,0,C1CN(CC2)C[C@@H](C12)C(=O)C3CC(SC=N3)C(CO4)CCC4=O,AIDD_Results trypanosoma scaffold 1,AIDD_Results trypanosoma scaffold 1,0,,
,331,25282,false,false,false,255 255 255 255,false,,,,,,,0,0,0,Cc(c1)c(Cl)n(c12)S(=O)(=O)C3=C(N2C)C(=O)CC(C3)C4=CCNCC4,AIDD_Results trypanosoma scaffold 1,AIDD_Results trypanosoma scaffold 1,0,,
,332,25298,false,false,false,255 255 255 255,false,,,,,,,0,0,0,N#Cc1ccc(cn1)-c(c2C(=O)N)c(c[nH]2)C[C@H](C34)C(C)N(CC3)CC4,AIDD_Results trypanosoma scaffold 1,AIDD_Results trypanosoma scaffold 1,0,,
,333,25429,false,false,false,255 255 255 255,false,,,,,,,0,0,0,C12C=CN(CC2)C[C@@H]1C(C(C3=O)CCC3)C4C=CS(=O)C=C4,AIDD_Results trypanosoma scaffold 1,AIDD_Results trypanosoma scaffold 1,0,,
,334,25483,false,false,false,255 255 255 255,false,,,,,,,0,0,0,c1cc(O)cc(N2C(=O)C)c1Oc(c23)ncn(c3=O)C(=O)C,AIDD_Results trypanosoma scaffold 1,AIDD_Results trypanosoma scaffold 1,0,,
,335,21085,false,false,false,255 255 255 255,false,,,,,,,0,0,0.00109075,OC1CN(CC2)C[C@@H](C12)c(c3)cn(c34)CC=CC4O,AIDD_Results trypanosoma scaffold 1,AIDD_Results trypanosoma scaffold 1,0,2D6,
,336,24711,false,false,false,255 255 255 255,false,,,,,,,0,0,0.00942972,FCC(=O)C(C1=O)=CC(=C12)CN(C(=O)C)c3c(S2)nc4n(c3=O)C(=O)CC4,AIDD_Results trypanosoma scaffold 1,AIDD_Results trypanosoma scaffold 1,0,1A2,
,337,22418,false,false,false,255 255 255 255,false,,,,,,,0.00988963,0,0.00988963,CCC(=O)C1C(C)C(C=N1)C[C@H](C23)C(C(=O)O)N(CC2)CC3,AIDD_Results trypanosoma scaffold 1,AIDD_Results trypanosoma scaffold 1,0,Peff,
,338,11153,false,false,false,255 255 255 255,false,,,,,,,0,0,0.0152699,c1cc(N)cc(N2C(=O)C)c1Sc(c23)ncn(c3=O)C(=O)C,AIDD_Results trypanosoma scaffold 1,AIDD_Results trypanosoma scaffold 1,0,1A2,
,339,18260,false,false,false,255 255 255 255,false,,,,,,,0.0145,0,0.0145,CC(=O)n(c1=O)cnc(c12)Sc3c(N2C=O)cn(CN)c(=O)c3,AIDD_Results trypanosoma scaffold 1,AIDD_Results trypanosoma scaffold 1,0,ch,
,340,18926,false,false,false,255 255 255 255,false,,,,,,,0,0,0.0209388,FCC(=O)C1=CCC(=C12)Cc3c(N2C(=O)C)c(=O)n(cn3)C(=O)C,AIDD_Results trypanosoma scaffold 1,AIDD_Results trypanosoma scaffold 1,0,1A2,
,341,1579,false,false,false,255 255 255 255,false,,,,,,,0,0,0.0229182,C1CCN(CC)c(c12)cccc2,AIDD_Results trypanosoma scaffold 1,AIDD_Results trypanosoma scaffold 1,0,Vd,
,342,11180,false,false,false,255 255 255 255,false,,,,,,,0.0271062,0,0.0271062,c1cn(C(=O)O)c(c12)SC=3C(=C(CC)CCC3)N2CCCN4CCNCC4=O,AIDD_Results trypanosoma scaffold 1,AIDD_Results trypanosoma scaffold 1,0,Peff,
,343,13930,false,false,false,255 255 255 255,false,,,,,,,0,0,0.0291912,CC(=O)n(c1=O)cnc(c12)c3c(cc2C)CC(=O)C=C3C=N,AIDD_Results trypanosoma scaffold 1,AIDD_Results trypanosoma scaffold 1,0,2C9,
,344,13056,false,false,false,255 255 255 255,false,,,,,,,0,0,0.031102,N=CC(=O)c(cc1)cc(N2C(=O)C)c1Oc(c23)cc(C(=O)C)cc3O,AIDD_Results trypanosoma scaffold 1,AIDD_Results trypanosoma scaffold 1,0,2C9,
,345,24209,false,false,false,255 255 255 255,false,,,,,,,0.0321986,0,0.0321986,c1cc(=S)n(C(=O)O)c(c12)N(C=CS2)C[C@H](C34)CN(CC3O)C(C4)C(C(C)C)OC,AIDD_Results trypanosoma scaffold 1,AIDD_Results trypanosoma scaffold 1,0,Size,
,346,23734,false,false,false,255 255 255 255,false,,,,,,,0,0,0.0350791,COCC(=O)c(c1F)c(N)c(c(c12)N=CC2=O)C[C@H](C34)CN(CC3F)CC4,AIDD_Results trypanosoma scaffold 1,AIDD_Results trypanosoma scaffold 1,0,Vd,
,347,25339,false,false,false,255 255 255 255,false,,,,,,,0,0,0.0394679,C1CCC(=O)C(NC(=O)N)=C1c2cccn2[C@H](C34)CN(CC3)CC4,AIDD_Results trypanosoma scaffold 1,AIDD_Results trypanosoma scaffold 1,0,2D6,
,348,20990,false,false,false,255 255 255 255,false,,,,,,,0.0466202,0,0.0466202,CC(=O)Nc(cc1Br)c(=O)n(c12)CCC(C=C2)C(=O)[C@H](C34F)CN(CC3)CC4,AIDD_Results trypanosoma scaffold 1,AIDD_Results trypanosoma scaffold 1,0,Size,
,349,20683,false,false,false,255 255 255 255,false,,,,,,,0,0.0481531,0.0481531,OC1CN(CC2)C(C)[C@@H](C12)C(C)c3c[nH]c(c34)OCC(=O)C=N4,AIDD_Results trypanosoma scaffold 1,AIDD_Results trypanosoma scaffold 1,0,Xr,
,350,13435,false,false,false,255 255 255 255,false,,,,,,,0,0,0.0528759,FC1CN(CC2)CC(\C12)=C\C(C3)C(=O)CCc(c34)coc(=O)c4,AIDD_Results trypanosoma scaffold 1,AIDD_Results trypanosoma scaffold 1,0,3A4,
,351,13104,false,false,false,255 255 255 255,false,,,,,,,0,0,0.0538471,C1CN(CC2)C[C@@H](C12)c(cc3)n(c34)CC=CC4O,AIDD_Results trypanosoma scaffold 1,AIDD_Results trypanosoma scaffold 1,0,2D6,
,352,22977,false,false,false,255 255 255 255,false,,,,,,,0,0,0.0544245,CNC(=O)c1cccc(N2CC(=O)C)c1Oc(c23)cc(Cl)cc3C(=O)O,AIDD_Results trypanosoma scaffold 1,AIDD_Results trypanosoma scaffold 1,0,fu,
,353,12545,false,false,false,255 255 255 255,false,,,,,,,0,0.0559113,0.0559113,C1CNCC=C1CC(=O)n(c2=O)cnc(S3)c2NC(C34)N(C(=O)C)CC4,AIDD_Results trypanosoma scaffold 1,AIDD_Results trypanosoma scaffold 1,0,Xm,
,354,23823,false,false,false,255 255 255 255,false,,,,,,,0,0.0571485,0.0571485,OC1CN(CC2)C(C)[C@@H](C12)Cc3c[nH]c(c34)OCC(=O)C=N4,AIDD_Results trypanosoma scaffold 1,AIDD_Results trypanosoma scaffold 1,0,Xr,
,355,20951,false,false,false,255 255 255 255,false,,,,,,,0.0604438,0,0.0604438,O=c1ccn(S(=O)(=O)C)c(c12)SCN2C(C#N)N3CCNCC3C(C4=O)CCC4,AIDD_Results trypanosoma scaffold 1,AIDD_Results trypanosoma scaffold 1,0,HBA,
,356,24373,false,false,false,255 255 255 255,false,,,,,,,0.061,0,0.061,N#Cc1ccc(=O)n(c12)C(=O)c3n(c(=O)cc(n3)C)C2C4CCC(O)N4C,AIDD_Results trypanosoma scaffold 1,AIDD_Results trypanosoma scaffold 1,0,ch,
,357,24599,false,false,false,255 255 255 255,false,,,,,,,0.061,0,0.061,N#Cc1ccc(=O)n(c12)C(=O)c3n(c(=O)cc(n3)C)C2C4CC(O)N(C)C4,AIDD_Results trypanosoma scaffold 1,AIDD_Results trypanosoma scaffold 1,0,ch,
,358,22893,false,false,false,255 255 255 255,false,,,,,,,0,0,0.0646914,c1cc(C)cc(NC2)c1S(=O)c(c23)c[nH]c(=O)c3,AIDD_Results trypanosoma scaffold 1,AIDD_Results trypanosoma scaffold 1,0,2C19,
,359,5909,false,false,false,255 255 255 255,false,,,,,,,0,0.0674924,0.0674924,C1CN(CC2)CC(=C12)C(C#N)N3C=CSc(c34)cc(C(=O)O)cc4,AIDD_Results trypanosoma scaffold 1,AIDD_Results trypanosoma scaffold 1,0,Xm,
,360,16715,false,false,false,255 255 255 255,false,,,,,,,0,0,0.0709136,C1CN(CC2)C(C)[C@@H](C12)Cn(cc3)c(c34)CC(=O)CO4,AIDD_Results trypanosoma scaffold 1,AIDD_Results trypanosoma scaffold 1,0,2D6,
,361,20729,false,false,false,255 255 255 255,false,,,,,,,0,0,0.0706078,CN(C)\C=C\CCn1c(cc(C)cc2=O)n2c(=O)c3c1ccc(c34)nco4,AIDD_Results trypanosoma scaffold 1,AIDD_Results trypanosoma scaffold 1,0,1A2; 3A4,
,362,4854,false,false,false,255 255 255 255,false,,,,,,,0,0.071972,0.071972,C1CN(CC2)CC(=C12)C(C#N)N(C=CS3)c(c34)cccc4C(=O)O,AIDD_Results trypanosoma scaffold 1,AIDD_Results trypanosoma scaffold 1,0,Xm,
,363,15007,false,false,false,255 255 255 255,false,,,,,,,0,0.0728087,0.0728087,C1CN(CC2)C[C@@H](C12)CN3C=CSc(c34)cc(F)cc4S(=O)(=O)C,AIDD_Results trypanosoma scaffold 1,AIDD_Results trypanosoma scaffold 1,0,hERG,
,364,18005,false,false,false,255 255 255 255,false,,,,,,,0,0.0777795,0.0777795,NCC(=O)n(c1=O)cnc(c12)SC=3C2N(C(=O)C)CC3,AIDD_Results trypanosoma scaffold 1,AIDD_Results trypanosoma scaffold 1,0,Xr,
,365,19709,false,false,false,255 255 255 255,false,,,,,,,0.08,0,0.08,N#CCC(=O)c(c(c1)C=N)cc2n(C)c(c3c12)c(=O)n(cn3)C(=O)CC,AIDD_Results trypanosoma scaffold 1,AIDD_Results trypanosoma scaffold 1,0,ch,
,366,10209,false,false,false,255 255 255 255,false,,,,,,,0.0861254,0,0.0861254,NC(=O)NC(C1)N(CC2)C[C@@H](C12F)C(C)n(ccc3=O)n(c34)c(=O)ccc4Br,AIDD_Results trypanosoma scaffold 1,AIDD_Results trypanosoma scaffold 1,0,Size,
,367,17640,false,false,false,255 255 255 255,false,,,,,,,0,0,0.0869446,CCC(=O)C(C(C)C1)C=C1C[C@H](C23)N(CC2)CC3,AIDD_Results trypanosoma scaffold 1,AIDD_Results trypanosoma scaffold 1,0,2D6,
,368,9350,false,false,false,255 255 255 255,false,,,,,,,0,0.0909199,0.0909199,C1CN(CC2)C[C@@H](C12)C(=O)C3N=CSC(C34)CCOC4=O,AIDD_Results trypanosoma scaffold 1,AIDD_Results trypanosoma scaffold 1,0,Xm,
,369,19601,false,false,false,255 255 255 255,false,,,,,,,0,0,0.0906282,CC(=O)Nc(c1Br)cc(=O)n(c12)CC(C=C2)C(=O)[C@H](C34F)CN(CC3)CC4,AIDD_Results trypanosoma scaffold 1,AIDD_Results trypanosoma scaffold 1,0,3A4,
,370,22723,false,false,false,255 255 255 255,false,,,,,,,0.091323,0,0.091323,CCC(=O)C(CC1C)N=CC1C[C@H](C23)C(C(=O)O)N(CC2)CC3,AIDD_Results trypanosoma scaffold 1,AIDD_Results trypanosoma scaffold 1,0,Peff,
,371,14871,false,false,false,255 255 255 255,false,,,,,,,0,0.0946159,0.0946159,OCC(=O)n(c1=O)cnc(c12)SC=3C2N(C(=O)C)CC3,AIDD_Results trypanosoma scaffold 1,AIDD_Results trypanosoma scaffold 1,0,Xm,
,372,18213,false,false,false,255 255 255 255,false,,,,,,,0,0,0.0982062,c1cc(=S)n(C(=O)O)c(c12)N(C=CS2)C[C@H](C34)CN(CC4)CC3O,AIDD_Results trypanosoma scaffold 1,AIDD_Results trypanosoma scaffold 1,0,3A4,
,373,6383,false,false,false,255 255 255 255,false,,,,,,,0.107,0,0.107,NC(=O)c(c1)ccc(N2C(C)=N)c1Sc(c23)ncn(c3=O)C(=O)C,AIDD_Results trypanosoma scaffold 1,AIDD_Results trypanosoma scaffold 1,0,ch,
,374,6732,false,false,false,255 255 255 255,false,,,,,,,0,0.0450233,0.110613,C1CN(CC2)C[C@@H](C12)Cc(cc3)n(c34)CCCC4O,AIDD_Results trypanosoma scaffold 1,AIDD_Results trypanosoma scaffold 1,0,hERG; 2D6,
,375,20231,false,false,false,255 255 255 255,false,,,,,,,0.111466,0,0.111466,c1cc(=S)n(C(=O)O)c(c12)N(C=CS2)C[C@](F)(C34)CN(CC3O)C(C4)C(CC)OC,AIDD_Results trypanosoma scaffold 1,AIDD_Results trypanosoma scaffold 1,0,Size,
,376,22470,false,false,false,255 255 255 255,false,,,,,,,0,0,0.113745,O=C(O)c1cc(ccc1)C2=CN(C=CS2)C[C@H](C34)CN(C(O4)C)CC3,AIDD_Results trypanosoma scaffold 1,AIDD_Results trypanosoma scaffold 1,0,3A4,
,377,6254,false,false,false,255 255 255 255,false,,,,,,,0,0.114932,0.114932,CC(O)C(C1)N(CC2)C[C@@H](C12)CCN3C=CSc(c34)oc(=O)cc4,AIDD_Results trypanosoma scaffold 1,AIDD_Results trypanosoma scaffold 1,0,hERG,
,378,14724,false,false,false,255 255 255 255,false,,,,,,,0.118,0,0.118,N#Cc1cc(C(=O)C)cc(N2C(=O)C)c1Oc(c23)ncn(c3=O)C(=O)C,AIDD_Results trypanosoma scaffold 1,AIDD_Results trypanosoma scaffold 1,0,ch,
,379,15416,false,false,false,255 255 255 255,false,,,,,,,0.118,0,0.118,N#CC1CC(C(=O)C)CC(N2C(=O)C)C1Oc(c23)ncn(c3=O)C(=O)C,AIDD_Results trypanosoma scaffold 1,AIDD_Results trypanosoma scaffold 1,0,ch,
,380,17253,false,false,false,255 255 255 255,false,,,,,,,0,0,0.120956,O=C(O)c1cccc2\C(=C\Cl)c(c3c12)cc(C(=O)O)cc3,AIDD_Results trypanosoma scaffold 1,AIDD_Results trypanosoma scaffold 1,0,fu,
,381,21667,false,false,false,255 255 255 255,false,,,,,,,0,0,0.125477,CC(=N)c(c1)c(C(=O)C)cc2n(C)c(c3c12)c(=O)n(cn3)C(=O)Cc4ccco4,AIDD_Results trypanosoma scaffold 1,AIDD_Results trypanosoma scaffold 1,0,1A2,
,382,14580,false,false,false,255 255 255 255,false,,,,,,,0,0,0.126021,FCC(=O)c(c1=O)cc(c12)n(C(=O)C)c3c(s2)ncn(c3=O)C(=O)C,AIDD_Results trypanosoma scaffold 1,AIDD_Results trypanosoma scaffold 1,0,1A2,
,383,16684,false,false,false,255 255 255 255,false,,,,,,,0,0,0.127129,O=C(O)c(c1)ccc2C(=C\Cl)\c(c3c12)cc(C(=O)O)cc3,AIDD_Results trypanosoma scaffold 1,AIDD_Results trypanosoma scaffold 1,0,fu,
,384,20310,false,false,false,255 255 255 255,false,,,,,,,0,0.128039,0.128039,C12CC(C)N(CC2)C(C1)c3ccoc3,AIDD_Results trypanosoma scaffold 1,AIDD_Results trypanosoma scaffold 1,0,rat,
,385,16550,false,false,false,255 255 255 255,false,,,,,,,0.134545,0,0.134545,O=c1occc(c12)S(=O)(=O)N(C#N)C(=N)C2C[C@H](C34)CN(CC3F)CC4,AIDD_Results trypanosoma scaffold 1,AIDD_Results trypanosoma scaffold 1,0,HBA,
,386,22452,false,false,false,255 255 255 255,false,,,,,,,0,0,0.136874,N1CCCC1C(C2)C(C(=O)C)C(C=23)N(C=O)c4c(S3)ncn(c4=O)C(=O)C,AIDD_Results trypanosoma scaffold 1,AIDD_Results trypanosoma scaffold 1,0,2D6,
,387,14253,false,false,false,255 255 255 255,false,,,,,,,0,0,0.142707,CC(=O)Nc1cccc(N2CC(=O)C)c1Oc(c23)ccc(Cl)c3C(=O)O,AIDD_Results trypanosoma scaffold 1,AIDD_Results trypanosoma scaffold 1,0,fu,
,388,17514,false,false,false,255 255 255 255,false,,,,,,,0,0.14322,0.14322,C1CSC=C(C=12)CC(C#N)C(=O)C2/C=C(\C34)CN(CC3F)CC4,AIDD_Results trypanosoma scaffold 1,AIDD_Results trypanosoma scaffold 1,0,Xm,
,389,11009,false,false,false,255 255 255 255,false,,,,,,,0,0,0.147022,C1CCCc(c12)c3c(c(O)c2C(=O)C)N(C(=O)CF)c4c(S3)c(=O)n(cn4)C(=O)C,AIDD_Results trypanosoma scaffold 1,AIDD_Results trypanosoma scaffold 1,0,fu,
,390,15571,false,false,false,255 255 255 255,false,,,,,,,0,0.146879,0.146879,N#Cc(c1)ccc(c12)N(C(=O)CC)C3C(C2)=CN=C(C3)C(=O)C,AIDD_Results trypanosoma scaffold 1,AIDD_Results trypanosoma scaffold 1,0,Xr,
,391,18667,false,false,false,255 255 255 255,false,,,,,,,0,0,0.150583,O=C(O)c1cccc(c1c23)C(=C\Cl)/c2cc(C(=O)O)c4c3ocn4,AIDD_Results trypanosoma scaffold 1,AIDD_Results trypanosoma scaffold 1,0,fu,
,392,18569,false,false,false,255 255 255 255,false,,,,,,,0,0,0.165825,CNC(=O)c1cccc(N2CC(=O)C)c1Oc(c23)ccc(Cl)c3C(=O)O,AIDD_Results trypanosoma scaffold 1,AIDD_Results trypanosoma scaffold 1,0,fu,
,393,22596,false,false,false,255 255 255 255,false,,,,,,,0,0,0.171009,c1cc(C(=O)N)cc(N2CC)c1Oc(c23)ccc(Cl)c3C(=O)O,AIDD_Results trypanosoma scaffold 1,AIDD_Results trypanosoma scaffold 1,0,fu,
,394,1653,false,false,false,255 255 255 255,false,,,,,,,0.174,0,0.174,CC(=O)c(cc1)cc(N2C(=O)C)c1S(=O)(=O)c(c23)ncn(c3=O)C(=O)C,AIDD_Results trypanosoma scaffold 1,AIDD_Results trypanosoma scaffold 1,0,ch,
,395,5807,false,false,false,255 255 255 255,false,,,,,,,0.174,0,0.174,Clc1cc(C(=O)C)cc(N2C(=O)C)c1S(=O)(=O)c(c23)ncn(c3=O)C(=O)C,AIDD_Results trypanosoma scaffold 1,AIDD_Results trypanosoma scaffold 1,0,ch,
,396,4233,false,false,false,255 255 255 255,false,,,,,,,0.174,0,0.174,Cc1cc(C(=O)C)cc(N2C(=O)C)c1S(=O)(=O)c(c23)ncn(c3=O)C(=O)C,AIDD_Results trypanosoma scaffold 1,AIDD_Results trypanosoma scaffold 1,0,ch,
,397,22553,false,false,false,255 255 255 255,false,,,,,,,0,0.180087,0.180087,C1CN(CC2)C[C@@H](C12)Cc3cccc(c34)CC(O)C=C4,AIDD_Results trypanosoma scaffold 1,AIDD_Results trypanosoma scaffold 1,0,hERG,
,398,14955,false,false,false,255 255 255 255,false,,,,,,,0,0.181392,0.181392,N#Cc1cc(CO)cc2n(C)c(c3c12)c(=O)n(C(=O)C)c(n3)C4=CCNCC4,AIDD_Results trypanosoma scaffold 1,AIDD_Results trypanosoma scaffold 1,0,Xm,
,399,14648,false,false,false,255 255 255 255,false,,,,,,,0.18217,0,0.18217,NC(=O)Cn(c(Br)c1)c(c12)NCc3c(S2=O)cc(=O)[nH]c3,AIDD_Results trypanosoma scaffold 1,AIDD_Results trypanosoma scaffold 1,0,HBD,
,400,6038,false,false,false,255 255 255 255,false,,,,,,,0,0,0.184052,O=c1oc(C)cc(c12)n(CCN(C)C)c3c(c2=O)cccc3,AIDD_Results trypanosoma scaffold 1,AIDD_Results trypanosoma scaffold 1,0,2D6,
,401,14635,false,false,false,255 255 255 255,false,,,,,,,0.187406,0,0.187406,CS(=O)(=O)n(c1=O)ccc(c12)C(C(=O)C(C#N)C2)/C=C(\C34)CN(CC3F)CC4,AIDD_Results trypanosoma scaffold 1,AIDD_Results trypanosoma scaffold 1,0,Peff,
,402,11529,false,false,false,255 255 255 255,false,,,,,,,0,0,0.189746,C1CN(CC2)C[C@@H](C12)CC(C3C#C)=CSC(=C34)CCC(=N4)C(=O)O,AIDD_Results trypanosoma scaffold 1,AIDD_Results trypanosoma scaffold 1,0,3A4,
,403,8394,false,false,false,255 255 255 255,false,,,,,,,0.1915,0,0.1915,CC(=O)n(cn1)c(=O)c(c1c23)n(C(C)=N)c2ccc(c3)C(=O)N,AIDD_Results trypanosoma scaffold 1,AIDD_Results trypanosoma scaffold 1,0,ch,
,404,6744,false,false,false,255 255 255 255,false,,,,,,,0,0,0.196152,C1CN(CC2)C(C)[C@@H](C12)Cn(cc3)c(c34)ncoc4=O,AIDD_Results trypanosoma scaffold 1,AIDD_Results trypanosoma scaffold 1,0,2D6,
,405,5140,false,false,false,255 255 255 255,false,,,,,,,0,0,0.196254,O=C(O)c(c1)ccc(c12)Sc3c(cccc3)N2S(=O)(=O)CC,AIDD_Results trypanosoma scaffold 1,AIDD_Results trypanosoma scaffold 1,0,fu,
,406,426,false,false,false,255 255 255 255,false,,,,,,,0,0.196236,0.196236,N#Cc1cc(C(=O)C)cc(N2C(=O)C)c1Sc(c23)ncn(c3=O)C(=O)C,AIDD_Results trypanosoma scaffold 1,AIDD_Results trypanosoma scaffold 1,0,Xm,
,407,16360,false,false,false,255 255 255 255,false,,,,,,,0.2,0,0.2,c1cccc(c12)S(=O)c3c(cc(C)c(c3)NC(=O)C)N(C2)CC(C4=O)NCCN4CC,AIDD_Results trypanosoma scaffold 1,AIDD_Results trypanosoma scaffold 1,0,Size,
,408,18191,false,false,false,255 255 255 255,false,,,,,,,0.2,0,0.2,c1[nH]c(=O)cc(S2=O)c1CN(C(C)C(N)CCF)c(c23)cc(C)cc3C(C4=O)CCC4,AIDD_Results trypanosoma scaffold 1,AIDD_Results trypanosoma scaffold 1,0,Size,
,409,24068,false,false,false,255 255 255 255,false,,,,,,,0.2,0,0.2,N#CC1CC(C(=O)C)CC(N2C=O)C1C(c(c23)ncn(c3=S)C(=O)C)C4=CCNCC4,AIDD_Results trypanosoma scaffold 1,AIDD_Results trypanosoma scaffold 1,0,Size,
,410,24542,false,false,false,255 255 255 255,false,,,,,,,0.2,0,0.2,O=C1C=NCc(c12)c(c(cc2)NC(=O)C)Cc3c(Cl)c(=O)n(cc3)C(=O)C4CCCN4,AIDD_Results trypanosoma scaffold 1,AIDD_Results trypanosoma scaffold 1,0,Size,
,411,4144,false,false,false,255 255 255 255,false,,,,,,,0,0.200975,0.200975,CN1CCC1CC(N(C=23)C(=O)C(C)C2)c4c(S3(=O)=O)cccc4,AIDD_Results trypanosoma scaffold 1,AIDD_Results trypanosoma scaffold 1,0,Xm,
,412,20954,false,false,false,255 255 255 255,false,,,,,,,0,0,0.200984,CC(=O)n(c1=O)cnc(S2)c1N(C(=O)C)C(C23)CNC3C4=NCCCC4,AIDD_Results trypanosoma scaffold 1,AIDD_Results trypanosoma scaffold 1,0,3A4,
,413,19030,false,false,false,255 255 255 255,false,,,,,,,0,0,0.202849,FCC(=O)C(C1=O)=CC(=C12)CN(C(=O)C)c3c(S2)ncn(c3=O)C(=O)C,AIDD_Results trypanosoma scaffold 1,AIDD_Results trypanosoma scaffold 1,0,1A2,
,414,22316,false,false,false,255 255 255 255,false,,,,,,,0,0.204393,0.204393,C1C(=O)CC(C(C)O)C(CN2)C=1S(=O)c(c23)n4c(c3C)CCC4O,AIDD_Results trypanosoma scaffold 1,AIDD_Results trypanosoma scaffold 1,0,Xr,
,415,10056,false,false,false,255 255 255 255,false,,,,,,,0,0,0.211405,C1CN(CC2)C(C)[C@@H](C12)Cn(cc3)c(c34)ccoc4=O,AIDD_Results trypanosoma scaffold 1,AIDD_Results trypanosoma scaffold 1,0,2D6,
,416,5009,false,false,false,255 255 255 255,false,,,,,,,0,0,0.211722,CCC(=O)n1ccc(c1C)C(CC23)N(CC2)CC3,AIDD_Results trypanosoma scaffold 1,AIDD_Results trypanosoma scaffold 1,0,2D6,
,417,21997,false,false,false,255 255 255 255,false,,,,,,,0,0.216148,0.216148,C1=CCNc(c12)[nH]cc2C(CC34)N(CC3)CC4,AIDD_Results trypanosoma scaffold 1,AIDD_Results trypanosoma scaffold 1,0,rat,
,418,1931,false,false,false,255 255 255 255,false,,,,,,,0,0.223907,0.223907,N#Cc1c(C(=O)C)ccc(N2C(=O)C)c1Sc(c23)ncn(c3=O)C(=O)C,AIDD_Results trypanosoma scaffold 1,AIDD_Results trypanosoma scaffold 1,0,Xm,
,419,13634,false,false,false,255 255 255 255,false,,,,,,,0.0175,0,0.224796,O=C(O)C(C)C/C=C/c(c1C(=O)O)c(cnc1Cl)Sc2ccc(=O)[nH]c2,AIDD_Results trypanosoma scaffold 1,AIDD_Results trypanosoma scaffold 1,0,ch; fu,
,420,23554,false,false,false,255 255 255 255,false,,,,,,,0,0,0.228562,C1CN(CC2)C(C(C12)C(=O)N)Cn(cc3)c(c34)ncc(=O)o4,AIDD_Results trypanosoma scaffold 1,AIDD_Results trypanosoma scaffold 1,0,3A4,
,421,24875,false,false,false,255 255 255 255,false,,,,,,,0,0.228551,0.228551,O=C(O)C(C12)CN(CC2)C[C@@H]1Cn(c3)ncc3-c4cc(S(=O)C)ccc4,AIDD_Results trypanosoma scaffold 1,AIDD_Results trypanosoma scaffold 1,0,Xm,
,422,20546,false,false,false,255 255 255 255,false,,,,,,,0.2295,0,0.2295,NCC(=O)n(c1=O)cnc(c12)SC(=C(C)N2C(=O)C)C(=O)C3C(C)OCCC3,AIDD_Results trypanosoma scaffold 1,AIDD_Results trypanosoma scaffold 1,0,ch,
,423,22639,false,false,false,255 255 255 255,false,,,,,,,0,0.230057,0.230057,NC(=O)C(C)N(C)CCCN(C=CS1=O)n(c12)c(=O)ccc2,AIDD_Results trypanosoma scaffold 1,AIDD_Results trypanosoma scaffold 1,0,Xm,
,424,8639,false,false,false,255 255 255 255,false,,,,,,,0,0.232093,0.232093,c1cc(C(=O)N)cc(c12)SC=CN2C(C=N)[C@H](C34)CN(C(=O)C3)CC4,AIDD_Results trypanosoma scaffold 1,AIDD_Results trypanosoma scaffold 1,0,Xr,
,425,19467,false,false,false,255 255 255 255,false,,,,,,,0,0.233177,0.233177,CN(C)C/C=C/c1cc(CSCC2=O)c2c(c13)ccoc3=O,AIDD_Results trypanosoma scaffold 1,AIDD_Results trypanosoma scaffold 1,0,hERG,
,426,22426,false,false,false,255 255 255 255,false,,,,,,,0.248585,0,0.248585,O=c1c(C)c[nH]c(c12)S(=O)c3c(c[nH]c(=O)c3)CN2C4C(N)OCC4,AIDD_Results trypanosoma scaffold 1,AIDD_Results trypanosoma scaffold 1,0,HBD; ch,
,427,11154,false,false,false,255 255 255 255,false,,,,,,,0,0,0.251652,C1CN(CC2)C(C(C)C12)Cn(cc3)c(c34)ncoc4=O,AIDD_Results trypanosoma scaffold 1,AIDD_Results trypanosoma scaffold 1,0,2D6,
,428,22085,false,false,false,255 255 255 255,false,,,,,,,0,0,0.252972,CC(=O)NC(C1)CC(O)n(c12)ccc2C[C@H](C34)CN(CC3)CC4,AIDD_Results trypanosoma scaffold 1,AIDD_Results trypanosoma scaffold 1,0,3A4,
,429,24106,false,false,false,255 255 255 255,false,,,,,,,0,0.258705,0.258705,N#Cc1ccc(cn1)-c(c[nH]c2)c2C[C@H](C34)C(C)N(CC3)CC4,AIDD_Results trypanosoma scaffold 1,AIDD_Results trypanosoma scaffold 1,0,Xm,
,430,16818,false,false,false,255 255 255 255,false,,,,,,,0.21649,0,0.26287,C1CN(CC2)C[C@@H](C12)Cc3cccc(c34)cccc4S(=O)C,AIDD_Results trypanosoma scaffold 1,AIDD_Results trypanosoma scaffold 1,0,Kow; 2C19,
,431,12009,false,false,false,255 255 255 255,false,,,,,,,0,0,0.268863,CC(=O)CN(C)CCCN(c1c(S2)c(=O)cc[nH]1)c(c3O)c2nc(c34)cccc4,AIDD_Results trypanosoma scaffold 1,AIDD_Results trypanosoma scaffold 1,0,fu; 3A4,
,432,13806,false,false,false,255 255 255 255,false,,,,,,,0,0.269181,0.269181,C1CN(CC2)C[C@@H](C12)CC(C)c3c(CCF)cccc3S(=O)(=O)C,AIDD_Results trypanosoma scaffold 1,AIDD_Results trypanosoma scaffold 1,0,hERG,
,433,23729,false,false,false,255 255 255 255,false,,,,,,,0,0.275959,0.275959,O1CN(C)CC1CC(=O)N(c(c23)cc(Br)cc2)n4c(C3)nccc4=O,AIDD_Results trypanosoma scaffold 1,AIDD_Results trypanosoma scaffold 1,0,Xm,
,434,25179,false,false,false,255 255 255 255,false,,,,,,,0.276,0,0.276,Cc1c(CO)cc(C#N)c(c12)Oc3c(N2C(=O)C)c(=O)n(cn3)C(=O)C,AIDD_Results trypanosoma scaffold 1,AIDD_Results trypanosoma scaffold 1,0,ch,
,435,24703,false,false,false,255 255 255 255,false,,,,,,,0,0,0.277902,n1cc(=O)oc(c12)cn(c2C(F)(F)F)C[C@H](C34)C(C)N(CC3)CC4,AIDD_Results trypanosoma scaffold 1,AIDD_Results trypanosoma scaffold 1,0,2D6,
,436,5450,false,false,false,255 255 255 255,false,,,,,,,0.292912,0,0.292912,NC(=O)NC(=C1C(=O)O)CCC(=C12)SC=CN2C[C@](F)(C34F)CN(CC3)CC4,AIDD_Results trypanosoma scaffold 1,AIDD_Results trypanosoma scaffold 1,0,HBD,
,437,9880,false,false,false,255 255 255 255,false,,,,,,,0.297281,0,0.297281,CC(=O)c(c1)ccc(S2)c1N(C(=O)C)c(c23)cc([nH]c3=O)C(CN)CO,AIDD_Results trypanosoma scaffold 1,AIDD_Results trypanosoma scaffold 1,0,HBD,
,438,17302,false,false,false,255 255 255 255,false,,,,,,,0,0,0.299111,CC(=O)n(c1=O)cnc(c12)Sc3c(N2C=O)cc(C=N)cc3,AIDD_Results trypanosoma scaffold 1,AIDD_Results trypanosoma scaffold 1,0,1A2,
,439,23949,false,false,false,255 255 255 255,false,,,,,,,0,0,0.300208,O=C(O)c1cccc2\C(=C\Cl)c(c3c12)cc(C(=O)O)c(c3)O,AIDD_Results trypanosoma scaffold 1,AIDD_Results trypanosoma scaffold 1,0,fu,
,440,20313,false,false,false,255 255 255 255,false,,,,,,,0,0,0.3008,O=C(O)c(c1)c(F)cc(c12)Sc3c(N2S(=O)(=O)C)cccc3,AIDD_Results trypanosoma scaffold 1,AIDD_Results trypanosoma scaffold 1,0,fu,
,441,23744,false,false,false,255 255 255 255,false,,,,,,,0,0.173541,0.305576,c1cc(C#N)nc(c12)[nH]cc2C[C@H](C34)C(C)N(CC3)CC4,AIDD_Results trypanosoma scaffold 1,AIDD_Results trypanosoma scaffold 1,0,Vd; Xm,
,442,16298,false,false,false,255 255 255 255,false,,,,,,,0,0,0.307932,O1CN(C)CC1(O)CC(=O)N(c(c23)cc(O)cc2)n4c(C3)nccc4=O,AIDD_Results trypanosoma scaffold 1,AIDD_Results trypanosoma scaffold 1,0,2C9,
,443,5873,false,false,false,255 255 255 255,false,,,,,,,0.309103,0,0.309103,NC(=O)NC(=C1C(=O)O)CC(F)C(=C12)SC=CN2C[C@](F)(C34F)CN(CC3)CC4,AIDD_Results trypanosoma scaffold 1,AIDD_Results trypanosoma scaffold 1,0,HBD,
,444,14520,false,false,false,255 255 255 255,false,,,,,,,0,0,0.309743,C1COc(c12)cc3c(c2C(=O)O)Sc4c(N3)c(C(=O)O)ccc4F,AIDD_Results trypanosoma scaffold 1,AIDD_Results trypanosoma scaffold 1,0,fu,
,445,21701,false,false,false,255 255 255 255,false,,,,,,,0.312,0,0.312,CC(=O)c(c1)c(NC(=O)C)cc(c12)N3C(C(=O)N(C=N3)C(=O)C)=CN2C(C)=N,AIDD_Results trypanosoma scaffold 1,AIDD_Results trypanosoma scaffold 1,0,ch,
,446,24347,false,false,false,255 255 255 255,false,,,,,,,0.312,0,0.312,CC(=O)Nc(c1C)c(C(=O)C)cc(c12)N(C(C)=N)C=C3N2N=CN(C3=O)C(=O)C,AIDD_Results trypanosoma scaffold 1,AIDD_Results trypanosoma scaffold 1,0,ch,
,447,15202,false,false,false,255 255 255 255,false,,,,,,,0.276,0,0.314277,N#Cc1cc(C(C)O)cc(N2C(=O)C)c1Oc(c23)ncn(c3=O)C(=O)C,AIDD_Results trypanosoma scaffold 1,AIDD_Results trypanosoma scaffold 1,0,ch; 1A2,
,448,23378,false,false,false,255 255 255 255,false,,,,,,,0.057,0,0.315321,N#Cc1cc(CO)cc2n(C)c(c3c12)c(=O)n(cn3)C(=O)CO,AIDD_Results trypanosoma scaffold 1,AIDD_Results trypanosoma scaffold 1,0,ch; 1A2,
,449,7413,false,false,false,255 255 255 255,false,,,,,,,0,0,0.325892,CN(C)\C=C\CN1c(c(N)ccc2)c2S(=O)(=O)c(c13)cccc3C4=CC(=O)N=CC4,AIDD_Results trypanosoma scaffold 1,AIDD_Results trypanosoma scaffold 1,0,2C9,
,450,15797,false,false,false,255 255 255 255,false,,,,,,,0,0.332714,0.332714,N#CC1CC(C(O)CC)CC2NC(C3C12C)NCC3,AIDD_Results trypanosoma scaffold 1,AIDD_Results trypanosoma scaffold 1,0,Xm,
,451,23982,false,false,false,255 255 255 255,false,,,,,,,0.334304,0,0.334304,C1C(F)CC(N)C1NCn(cc2)c(cc2=O)S(=O)c(cc3)c(cc3C)C(C4=O)CCC4,AIDD_Results trypanosoma scaffold 1,AIDD_Results trypanosoma scaffold 1,0,Size; Peff,
,452,21515,false,false,false,255 255 255 255,false,,,,,,,0,0,0.336284,CC#CC(=O)N1c(cccc2)c2Oc(c13)ccc(F)c3C(=O)O,AIDD_Results trypanosoma scaffold 1,AIDD_Results trypanosoma scaffold 1,0,fu,
,453,5349,false,false,false,255 255 255 255,false,,,,,,,0.2,0,0.340717,FC(F)(F)c1cccc(c12)Sc3c(cc(C(=O)O)cc3)N2CCCN4CCNCC4=O,AIDD_Results trypanosoma scaffold 1,AIDD_Results trypanosoma scaffold 1,0,Size; fu,
,454,12933,false,false,false,255 255 255 255,false,,,,,,,0,0.340901,0.340901,C1C(F)CC(F)C(N(C)C2)C1S(=O)c(c2c34)cc(=O)n4CCC3,AIDD_Results trypanosoma scaffold 1,AIDD_Results trypanosoma scaffold 1,0,Xr,
,455,2510,false,false,false,255 255 255 255,false,,,,,,,0,0,0.348521,c1cccc(C2C(=O)C)c1Oc(c23)ccc(Cl)c3C(=O)O,AIDD_Results trypanosoma scaffold 1,AIDD_Results trypanosoma scaffold 1,0,fu,
,456,7305,false,false,false,255 255 255 255,false,,,,,,,0.351,0,0.351,CC(=O)c(cc1)cc(C2C(C)=N)c1S(=O)(=O)c(c23)ncn(c3=O)C(=O)C,AIDD_Results trypanosoma scaffold 1,AIDD_Results trypanosoma scaffold 1,0,ch,
,457,15473,false,false,false,255 255 255 255,false,,,,,,,0,0,0.353695,N#CC1=CC(CC(=O)N1)CC(O)[C@H](C23)CN(CC2)CC3,AIDD_Results trypanosoma scaffold 1,AIDD_Results trypanosoma scaffold 1,0,2D6,
,458,12634,false,false,false,255 255 255 255,false,,,,,,,0,0,0.357468,Oc1cccc(N2CC(=O)C)c1Oc(c23)ccc(Cl)c3C(=O)O,AIDD_Results trypanosoma scaffold 1,AIDD_Results trypanosoma scaffold 1,0,fu,
,459,21989,false,false,false,255 255 255 255,false,,,,,,,0,0.361683,0.361683,O=C(O)n(c1)c(=S)ccc1C2=CN(C=CS2)/C=C(/C34)CN(C(CF)C4)CC3O,AIDD_Results trypanosoma scaffold 1,AIDD_Results trypanosoma scaffold 1,0,Xm,
,460,23548,false,false,false,255 255 255 255,false,,,,,,,0,0.364163,0.364163,n1c[nH]cc1Cn(cc2)c(c23)N(C(=O)C)CC4C(S3=O)=CC(=O)CC4C(C)O,AIDD_Results trypanosoma scaffold 1,AIDD_Results trypanosoma scaffold 1,0,Xr,
,461,6025,false,false,false,255 255 255 255,false,,,,,,,0.365238,0,0.365238,CN(C)Cc1c(c(O)c(F)cc1)N2C(C(=O)OCC=C3)=C3Sc(c24)[nH]c(=O)c(c4)N,AIDD_Results trypanosoma scaffold 1,AIDD_Results trypanosoma scaffold 1,0,HBD,
,462,24685,false,false,false,255 255 255 255,false,,,,,,,0,0.367608,0.367608,C1C(F)C(F)CC(N(C)C2)C1S(=O)c(c2c34)cc(=O)n4CCC3,AIDD_Results trypanosoma scaffold 1,AIDD_Results trypanosoma scaffold 1,0,Xr,
,463,2329,false,false,false,255 255 255 255,false,,,,,,,0,0,0.371222,O1CCN(C)CC1CN2c(cc(Cl)c(=O)[nH]3)c3Sc(c24)ccoc4=O,AIDD_Results trypanosoma scaffold 1,AIDD_Results trypanosoma scaffold 1,0,fu,
,464,23569,false,false,false,255 255 255 255,false,,,,,,,0,0,0.370544,O=C(O)c1cc(Cl)cc(c12)Oc3c(cccc3)N2CC(C)O,AIDD_Results trypanosoma scaffold 1,AIDD_Results trypanosoma scaffold 1,0,fu,
,465,25053,false,false,false,255 255 255 255,false,,,,,,,0.2,0,0.37194,c1coc(c12)c(C(=O)O)cc(c2)Sc(cccc3)c3NCCCN(CC4=O)CCNC4,AIDD_Results trypanosoma scaffold 1,AIDD_Results trypanosoma scaffold 1,0,Size; fu,
,466,14863,false,false,false,255 255 255 255,false,,,,,,,0,0,0.37574,O=C(O)c1c(Cl)c(C#N)cc(c12)Oc3c(N2CC)cccc3,AIDD_Results trypanosoma scaffold 1,AIDD_Results trypanosoma scaffold 1,0,fu,
,467,21255,false,false,false,255 255 255 255,false,,,,,,,0,0.392636,0.392636,CC(=O)c(cc1)cc(c12)N(C)C(C2N)C(=O)N(C(=O)C)C(=O)C,AIDD_Results trypanosoma scaffold 1,AIDD_Results trypanosoma scaffold 1,0,Xr,
,468,16134,false,false,false,255 255 255 255,false,,,,,,,0.394695,0,0.394695,CN(C)CCCN1c([nH]ccc2=O)c2Sc(c13)cc(O)c(Cl)c3O,AIDD_Results trypanosoma scaffold 1,AIDD_Results trypanosoma scaffold 1,0,Peff,
,469,9677,false,false,false,255 255 255 255,false,,,,,,,0,0,0.398863,O=C(O)c1ccc(F)c(c12)Sc3c(N2)cccc3C(=O)O,AIDD_Results trypanosoma scaffold 1,AIDD_Results trypanosoma scaffold 1,0,fu,
,470,16900,false,false,false,255 255 255 255,false,,,,,,,0,0.398621,0.398621,CCC(O)C(C1C#N)CCC2NC(C3C12C)NCC3,AIDD_Results trypanosoma scaffold 1,AIDD_Results trypanosoma scaffold 1,0,Xm,
,471,20637,false,false,false,255 255 255 255,false,,,,,,,0.4,0,0.4,c1cccc(c12)S(=O)c3c(cc(CC)c(c3)NC(=O)C)N(C2)CC(C4=O)NCCN4CC,AIDD_Results trypanosoma scaffold 1,AIDD_Results trypanosoma scaffold 1,0,Size,
,472,22552,false,false,false,255 255 255 255,false,,,,,,,0.4,0,0.4,CC(=O)NCc(c1)cc(C)c(S2=O)c1N(N(C2=3)C(=O)C(CF)C3)c(nco4)c4CN(C)C,AIDD_Results trypanosoma scaffold 1,AIDD_Results trypanosoma scaffold 1,0,Size,
,473,25051,false,false,false,255 255 255 255,false,,,,,,,0.4,0,0.4,c1[nH]c(=O)cc(S2=O)c1C(C)N(C(C)C(N)CCF)c(c23)cc(C)cc3C(C4=O)CCC4,AIDD_Results trypanosoma scaffold 1,AIDD_Results trypanosoma scaffold 1,0,Size,
,474,7093,false,false,false,255 255 255 255,false,,,,,,,0,0,0.410221,N#Cc1cc(Cl)cc(c12)Sc3c(cc(C(=O)O)cc3)N2C(=O)C(C(=O)O)CC,AIDD_Results trypanosoma scaffold 1,AIDD_Results trypanosoma scaffold 1,0,fu,
,475,10950,false,false,false,255 255 255 255,false,,,,,,,0.412559,0,0.412559,n1c[nH]cc1Cn(c(c2)O)c(c23)NCc4c(S3=O)cc(=O)[nH]c4,AIDD_Results trypanosoma scaffold 1,AIDD_Results trypanosoma scaffold 1,0,HBD,
,476,11716,false,false,false,255 255 255 255,false,,,,,,,0,0.419542,0.419542,C1C(=O)N(CC2)C[C@@H](C12)C(=O)N\C=C\C(=CS3(=O)=O)CCN3,AIDD_Results trypanosoma scaffold 1,AIDD_Results trypanosoma scaffold 1,0,Xr,
,477,17964,false,false,false,255 255 255 255,false,,,,,,,0.4205,0,0.4205,CC(=O)n(c1)cc(c12)S(=O)(=O)c3c(N2C(=O)C)c(=O)n(cn3)C(=O)C,AIDD_Results trypanosoma scaffold 1,AIDD_Results trypanosoma scaffold 1,0,ch,
,478,3874,false,false,false,255 255 255 255,false,,,,,,,0,0,0.421574,c1cccc(N2C(=O)C)c1Oc(c23)ccc(Cl)c3C(=O)O,AIDD_Results trypanosoma scaffold 1,AIDD_Results trypanosoma scaffold 1,0,fu,
,479,3241,false,false,false,255 255 255 255,false,,,,,,,0,0.0116695,0.431227,C1CN(CC2)C[C@@H](C12)Cn(cc3)c(c34)CCCC4O,AIDD_Results trypanosoma scaffold 1,AIDD_Results trypanosoma scaffold 1,0,hERG; 2D6,
,480,23968,false,false,false,255 255 255 255,false,,,,,,,0,0,0.43261,O=C(O)c(c1)ccc(c1c23)CC(=C\Cl)\c2cc(C(=O)O)cc3,AIDD_Results trypanosoma scaffold 1,AIDD_Results trypanosoma scaffold 1,0,fu,
,481,2749,false,false,false,255 255 255 255,false,,,,,,,0,0,0.442773,N#Cc1cc(C(=O)C)cc2n(C=O)c(c3c12)c(=O)n(cn3)C(=O)C,AIDD_Results trypanosoma scaffold 1,AIDD_Results trypanosoma scaffold 1,0,2C9,
,482,18897,false,false,false,255 255 255 255,false,,,,,,,0,0,0.445528,O=C(O)n(c1=O)cc(Cl)c(O2)c1N(CC(=O)C)c(c2c34)ccc3CCCC4,AIDD_Results trypanosoma scaffold 1,AIDD_Results trypanosoma scaffold 1,0,fu,
,483,7472,false,false,false,255 255 255 255,false,,,,,,,0,0,0.447611,C1CN(CC2)C(CC12)Cn(cc3)c(c34)ncoc4=O,AIDD_Results trypanosoma scaffold 1,AIDD_Results trypanosoma scaffold 1,0,2D6,
,484,15426,false,false,false,255 255 255 255,false,,,,,,,0,0,0.44961,CC(=O)CN1c(cccc2)c2Oc(c13)c(Cl)ccc3C(=O)O,AIDD_Results trypanosoma scaffold 1,AIDD_Results trypanosoma scaffold 1,0,fu,
,485,21467,false,false,false,255 255 255 255,false,,,,,,,0.455805,0,0.455805,CC(=O)c(c1)ccc(S2(=O)=O)c1N(C(=O)C)c(c3)c2cc(c34)OCC4CCN,AIDD_Results trypanosoma scaffold 1,AIDD_Results trypanosoma scaffold 1,0,Peff,
,486,21040,false,false,false,255 255 255 255,false,,,,,,,0,0.449691,0.472081,CS(=O)(=O)Cc1cc(F)cc(c12)SC=CN2C[C@H](C34)CN(CC3)CC4,AIDD_Results trypanosoma scaffold 1,AIDD_Results trypanosoma scaffold 1,0,hERG; Xm; 3A4,
,487,1352,false,false,false,255 255 255 255,false,,,,,,,0,0.477255,0.477255,N#Cc1cc(C(=O)C)cc(N2C=O)c1Sc(c23)ncn(c3=O)C(=O)C,AIDD_Results trypanosoma scaffold 1,AIDD_Results trypanosoma scaffold 1,0,Xm,
,488,16970,false,false,false,255 255 255 255,false,,,,,,,0.477077,0,0.477077,CC(=O)c(c(F)c1)cc(c1c23)n(C(=O)C)c2c4c(nc[nH]4)c(c3)C(CF)CN,AIDD_Results trypanosoma scaffold 1,AIDD_Results trypanosoma scaffold 1,0,Sw,
,489,1975,false,false,false,255 255 255 255,false,,,,,,,0,0,0.482237,CCC(=O)N1c(cccc2)c2Oc(c13)ccc(Cl)c3C(=O)O,AIDD_Results trypanosoma scaffold 1,AIDD_Results trypanosoma scaffold 1,0,fu,
,490,4623,false,false,false,255 255 255 255,false,,,,,,,0.481966,0,0.481966,NC(=O)c1c[nH]c(=O)c(c12)SCCC2C(C=N)[C@H](C34)CN(CC3)CC4,AIDD_Results trypanosoma scaffold 1,AIDD_Results trypanosoma scaffold 1,0,Peff,
,491,25065,false,false,false,255 255 255 255,false,,,,,,,0,0,0.486183,FCC(=O)C1=CCC(=C12)Cc3c(N2C(=O)C)c(=O)n(cn3)C(=O)CF,AIDD_Results trypanosoma scaffold 1,AIDD_Results trypanosoma scaffold 1,0,1A2,
,492,15191,false,false,false,255 255 255 255,false,,,,,,,0,0,0.487498,O=C1CCCc(c12)c(F)n3c2CN=C4N(C3)CCCC4,AIDD_Results trypanosoma scaffold 1,AIDD_Results trypanosoma scaffold 1,0,2D6,
,493,9739,false,false,false,255 255 255 255,false,,,,,,,0,0,0.488341,CC(=O)CN1c(cccc2)c2Oc(c13)cc(Cl)cc3C(=O)O,AIDD_Results trypanosoma scaffold 1,AIDD_Results trypanosoma scaffold 1,0,fu,
,494,7043,false,false,false,255 255 255 255,false,,,,,,,0.49071,0,0.49071,C1CNCCN1CCC2(CCCCC2)N3C=CS(=O)(=O)c(c34)ncn(C)c4=O,AIDD_Results trypanosoma scaffold 1,AIDD_Results trypanosoma scaffold 1,0,Peff,
,495,6815,false,false,false,255 255 255 255,false,,,,,,,0,0.019127,0.49782,N#Cc1c(Cl)ccc(c12)Sc3c(cc(C(=O)O)cc3)N2C(=O)C(C(=O)O)CC,AIDD_Results trypanosoma scaffold 1,AIDD_Results trypanosoma scaffold 1,0,fu; Xm,
,496,6762,false,false,false,255 255 255 255,false,,,,,,,0,0.5,0.5,O=c1[nH]cnc(c12)c([C@H](C34)CN(CO4)CC3)c5c(c2)C(=O)COC=N5,AIDD_Results trypanosoma scaffold 1,AIDD_Results trypanosoma scaffold 1,0,Xr-,
,497,2637,false,false,false,255 255 255 255,false,,,,,,,0,0.5,0.5,N#Cc1cc(C(=O)C)cc(c12)N(C=O)c3c(C2)ncn(c3=S)C(=O)C,AIDD_Results trypanosoma scaffold 1,AIDD_Results trypanosoma scaffold 1,0,Xm-,
,498,2096,false,false,false,255 255 255 255,false,,,,,,,0,0.5,0.5,O=C(O)c(c1)ccc(c12)SC=CN2C[C@H](C34)CN(CC3)CC4,AIDD_Results trypanosoma scaffold 1,AIDD_Results trypanosoma scaffold 1,0,Xm-,
,499,5927,false,false,false,255 255 255 255,false,,,,,,,0,0.5,0.5,O=C(O)c1cccc(c12)SC=CN2CC(CC3CC4)N4c(c35)c[nH]c5,AIDD_Results trypanosoma scaffold 1,AIDD_Results trypanosoma scaffold 1,0,Xr-,
,500,5269,false,false,false,255 255 255 255,false,,,,,,,0,0.5,0.5,O=C(O)c1cccc(c12)SC=CN2CC(CC3CC4)N4c(c35)[nH]cc5,AIDD_Results trypanosoma scaffold 1,AIDD_Results trypanosoma scaffold 1,0,Xr-,
,501,2274,false,false,false,255 255 255 255,false,,,,,,,0,0.5,0.5,O=C(O)c1cccc(c12)SC=CN2C[C@H](C34)CN(CC3)CC4,AIDD_Results trypanosoma scaffold 1,AIDD_Results trypanosoma scaffold 1,0,Xm-,
,502,4730,false,false,false,255 255 255 255,false,,,,,,,0,0.5,0.5,O=C(O)c1cccc(c12)SC=CN2C[C@H](C34)CN(CC4)CC3c5ncon5,AIDD_Results trypanosoma scaffold 1,AIDD_Results trypanosoma scaffold 1,0,Xr-,
,503,3779,false,false,false,255 255 255 255,false,,,,,,,0,0.5,0.5,c1cc(=O)n(C(=O)O)c(c12)N(C=CS2)C[C@H](C34)CN(CC4)C(C3)c5ccco5,AIDD_Results trypanosoma scaffold 1,AIDD_Results trypanosoma scaffold 1,0,Xr-,
,504,6900,false,false,false,255 255 255 255,false,,,,,,,0,0.5,0.5,CC(=O)Nc(c1)cc(=O)n(c12)N(CC2)C[C@H](C34)CN(CC3)CC4,AIDD_Results trypanosoma scaffold 1,AIDD_Results trypanosoma scaffold 1,0,Xm-,
,505,4024,false,false,false,255 255 255 255,false,,,,,,,0,0.5,0.5,C1CN(CC2)C[C@@H](C12)C(=O)N(c(c34)cccc4)C5C3=CC(=O)OC5,AIDD_Results trypanosoma scaffold 1,AIDD_Results trypanosoma scaffold 1,0,Xr-,
,506,2922,false,false,false,255 255 255 255,false,,,,,,,0,0.5,0.5,CC(=O)c(cc1)cc(c12)N(C(=O)C)n3c(C2)ccc(c3=O)C(=O)N,AIDD_Results trypanosoma scaffold 1,AIDD_Results trypanosoma scaffold 1,0,Xm-,
,507,3739,false,false,false,255 255 255 255,false,,,,,,,0,0.5,0.5,C1CN(CC2)C[C@@H](C12)Cn(c(c3c45)ocn3)c4C=CCC5O,AIDD_Results trypanosoma scaffold 1,AIDD_Results trypanosoma scaffold 1,0,Xr-,
,508,7530,false,false,false,255 255 255 255,false,,,,,,,0,0.5,0.5,CNC(=O)c(c1)cc(=O)n(c12)N(CC2)C[C@H](C34)CN(CC3)CC4,AIDD_Results trypanosoma scaffold 1,AIDD_Results trypanosoma scaffold 1,0,Xm+,
,509,7629,false,false,false,255 255 255 255,false,,,,,,,0,0.5,0.5,NCC1CCCC(C12)N(C=CC2)C[C@H](C34F)CN(CC4)CC3O,AIDD_Results trypanosoma scaffold 1,AIDD_Results trypanosoma scaffold 1,0,Xm+,
,510,8129,false,false,false,255 255 255 255,false,,,,,,,0,0.5,0.5,O=c1[nH]cnc(c12)c(C(CC34)N(CO4)CC3)c5c(c2)C(=O)COC=N5,AIDD_Results trypanosoma scaffold 1,AIDD_Results trypanosoma scaffold 1,0,Xr-,
,511,8451,false,false,false,255 255 255 255,false,,,,,,,0,0.5,0.5,C1CN(CC2)C(CC12O)CN(CCC3)n(c34)c(=O)ccc4C,AIDD_Results trypanosoma scaffold 1,AIDD_Results trypanosoma scaffold 1,0,Xm+,
,512,8800,false,false,false,255 255 255 255,false,,,,,,,0,0.5,0.5,c1cc(=S)n(C(=O)O)c(c12)N(C=CS2)C[C@H](C34)CN(CC3O)C(C4)C5(C)CCCO5,AIDD_Results trypanosoma scaffold 1,AIDD_Results trypanosoma scaffold 1,0,Xr-,
,513,9297,false,false,false,255 255 255 255,false,,,,,,,0,0.5,0.5,C1CN(CC2)C[C@@H](C12)C(CC#N)N(C=CS3)c(c34)cccc4C(=O)CO,AIDD_Results trypanosoma scaffold 1,AIDD_Results trypanosoma scaffold 1,0,Xm-,
,514,9779,false,false,false,255 255 255 255,false,,,,,,,0,0.5,0.5,C1CN(CC2)C(C(=O)C)[C@@H](C12)C(C#C)c3c(ncoc4=O)n4c(c35)c(=O)cc[nH]5,AIDD_Results trypanosoma scaffold 1,AIDD_Results trypanosoma scaffold 1,0,Xr-,
,515,9858,false,false,false,255 255 255 255,false,,,,,,,0,0.5,0.5,C1CN(CC2)C[C@@H](C12)C(=O)n(c(c3c=45)cccc3)c5=CC(=O)C4NS(=O)(=O)C,AIDD_Results trypanosoma scaffold 1,AIDD_Results trypanosoma scaffold 1,0,Xr-,
,516,10106,false,false,false,255 255 255 255,false,,,,,,,0,0.5,0.5,CN(C1)CCC1Cn2c(c(C)c(C)c(C#N)c3=O)n3c(=O)c4c2ccc(c45)NCO5,AIDD_Results trypanosoma scaffold 1,AIDD_Results trypanosoma scaffold 1,0,Xr-,
,517,10226,false,false,false,255 255 255 255,false,,,,,,,0,0.5,0.5,C1CN(CC2)C[C@@H](C12)Cc3ccn(c34)C(O)C(N)CC4,AIDD_Results trypanosoma scaffold 1,AIDD_Results trypanosoma scaffold 1,0,Xm+,
,518,10342,false,false,false,255 255 255 255,false,,,,,,,0,0.5,0.5,C1CN(CC2)C[C@@H](C12)CC(O)C(c(c34)[nH]cc3)C5C(S4)=CC(=O)CC5,AIDD_Results trypanosoma scaffold 1,AIDD_Results trypanosoma scaffold 1,0,Xr-,
,519,10729,false,false,false,255 255 255 255,false,,,,,,,0,0.5,0.5,CC(=O)Nc(cc1)cc(c12)n3c(ncoc3=O)c2C[C@H](C45)CN(CO5)CC4,AIDD_Results trypanosoma scaffold 1,AIDD_Results trypanosoma scaffold 1,0,Xr-,
,520,10792,false,false,false,255 255 255 255,false,,,,,,,0,0.5,0.5,O=C(O)c1cc(ccc1)C2=CSC=CN2C[C@H](C34)CN(CC3)CC4,AIDD_Results trypanosoma scaffold 1,AIDD_Results trypanosoma scaffold 1,0,Xm-,
,521,10847,false,false,false,255 255 255 255,false,,,,,,,0,0.5,0.5,n1cccnc1Cc(c2)ccc(N(C3)C(C4N)CCC4)c2S(=O)c(c35)cc(=O)[nH]c5,AIDD_Results trypanosoma scaffold 1,AIDD_Results trypanosoma scaffold 1,0,Xr-,
,522,11035,false,false,false,255 255 255 255,false,,,,,,,0,0.5,0.5,C1CN(CC2)C(C)[C@@H](C12)C(c3ncon3)n(cc4)c(c45)N=CC(=O)CO5,AIDD_Results trypanosoma scaffold 1,AIDD_Results trypanosoma scaffold 1,0,Xr-,
,523,11037,false,false,false,255 255 255 255,false,,,,,,,0,0.5,0.5,C1CN(CC2)C[C@@H](C12)C(C)c3c(N=COC(=O)C4)n4c(c35)cccc5C,AIDD_Results trypanosoma scaffold 1,AIDD_Results trypanosoma scaffold 1,0,Xr-,
,524,11576,false,false,false,255 255 255 255,false,,,,,,,0,0.5,0.5,C1CN(CC2)C[C@@H](C12)C(C#N)n(c3NC=NC4)c(c5c34)c(=O)ccn5C(=O)C,AIDD_Results trypanosoma scaffold 1,AIDD_Results trypanosoma scaffold 1,0,Xr-,
,525,11654,false,false,false,255 255 255 255,false,,,,,,,0,0.5,0.5,C1CN(CC2)C[C@@H](C12N)CN(CCS3)n(c34)c(=O)ccc4,AIDD_Results trypanosoma scaffold 1,AIDD_Results trypanosoma scaffold 1,0,Xm+,
,526,11685,false,false,false,255 255 255 255,false,,,,,,,0,0.5,0.5,C1CN(CC2)C(C)[C@@H](C12)C(c3ncon3)c(c4)[nH]c(c45)N=CC(=O)CO5,AIDD_Results trypanosoma scaffold 1,AIDD_Results trypanosoma scaffold 1,0,Xr-,
,527,11945,false,false,false,255 255 255 255,false,,,,,,,0,0.5,0.5,c1c(=O)occ(c12)n3c(ncoc3=O)c2C(C45)CN(CC4F)CC5,AIDD_Results trypanosoma scaffold 1,AIDD_Results trypanosoma scaffold 1,0,Xr-,
,528,12015,false,false,false,255 255 255 255,false,,,,,,,0,0.5,0.5,O=C(O)n(c1=O)ccc(c12)SC=CN2[C@H](C34)CN(CC4)C(C3)c5ccco5,AIDD_Results trypanosoma scaffold 1,AIDD_Results trypanosoma scaffold 1,0,Xr-,
,529,12076,false,false,false,255 255 255 255,false,,,,,,,0,0.5,0.5,C1CN(CS2)C[C@@H](C12)C(C#N)N(C=CS3)c(c34)cccc4C(=O)O,AIDD_Results trypanosoma scaffold 1,AIDD_Results trypanosoma scaffold 1,0,Xm+,
,530,12103,false,false,false,255 255 255 255,false,,,,,,,0,0.5,0.5,C1CN(CC2)C[C@@H](C12)C(F)c3c(N=COC(=O)C4)n4c(c35)cccc5,AIDD_Results trypanosoma scaffold 1,AIDD_Results trypanosoma scaffold 1,0,Xr-,
,531,12125,false,false,false,255 255 255 255,false,,,,,,,0,0.5,0.5,c1cc(=S)n(C(=O)O)c(c12)N(C=CS2)C[C@H](C34)CN(CC3F)C(C4)C5CCCO5,AIDD_Results trypanosoma scaffold 1,AIDD_Results trypanosoma scaffold 1,0,Xr-,
,532,12173,false,false,false,255 255 255 255,false,,,,,,,0,0.5,0.5,O=c1[nH]cnc(c12)c([C@H](C34)CN(CC3)CC4)c5c(c2)C(=O)COC=N5,AIDD_Results trypanosoma scaffold 1,AIDD_Results trypanosoma scaffold 1,0,Xr-,
,533,12210,false,false,false,255 255 255 255,false,,,,,,,0,0.5,0.5,C1CN(CC2)C[C@@H](C12)C(C#N)n(c3NC=NC4)c(c5c34)c(=O)ccn5C=O,AIDD_Results trypanosoma scaffold 1,AIDD_Results trypanosoma scaffold 1,0,Xr-,
,534,12788,false,false,false,255 255 255 255,false,,,,,,,0,0.5,0.5,NCC1CCCC(C12)N(C=CC2)C[C@H](C34F)CN(C(C3)O)CC4,AIDD_Results trypanosoma scaffold 1,AIDD_Results trypanosoma scaffold 1,0,Xm-,
,535,12797,false,false,false,255 255 255 255,false,,,,,,,0,0.5,0.5,OCC(=O)c1cccc(c12)SC=CN2C[C@H](C34)CN(CN4)C(C3)c5ccc(o5)F,AIDD_Results trypanosoma scaffold 1,AIDD_Results trypanosoma scaffold 1,0,Xr-,
,536,12809,false,false,false,255 255 255 255,false,,,,,,,0,0.5,0.5,Cc1cc(C)cc(c12)N(CCCN(C)C)n3c(S2=O)cc(CN)cc3=O,AIDD_Results trypanosoma scaffold 1,AIDD_Results trypanosoma scaffold 1,0,Xm+,
,537,12898,false,false,false,255 255 255 255,false,,,,,,,0,0.5,0.5,C1CN(CC2)C(C)[C@@H](C12)C(c3ncon3)c4c[nH]c(c45)OCC(=O)C=N5,AIDD_Results trypanosoma scaffold 1,AIDD_Results trypanosoma scaffold 1,0,Xr-,
,538,12909,false,false,false,255 255 255 255,false,,,,,,,0,0.5,0.5,C1CN(CC2)C[C@@](C)(C12)C(C#N)n(c3NC=NC4)c(c5c34)c(=O)ccn5C=O,AIDD_Results trypanosoma scaffold 1,AIDD_Results trypanosoma scaffold 1,0,Xr-,
,539,12991,false,false,false,255 255 255 255,false,,,,,,,0,0.5,0.5,O=C(O)n(c1=O)ccc(c12)SC=CN2[C@H](C34)CN(CC4)C(C3)c5ccoc5,AIDD_Results trypanosoma scaffold 1,AIDD_Results trypanosoma scaffold 1,0,Xr-,
,540,13211,false,false,false,255 255 255 255,false,,,,,,,0,0.5,0.5,CN(C)CCCN1n(c(=O)c(CN)cc2)c2S(=O)c(c13)cccc3,AIDD_Results trypanosoma scaffold 1,AIDD_Results trypanosoma scaffold 1,0,Xm+,
,541,13231,false,false,false,255 255 255 255,false,,,,,,,0,0.5,0.5,O=C(O)c1cccc(c12)SC=C(c3c[nH]cn3)N2[C@H](C45)N(C(C)C4)NC5,AIDD_Results trypanosoma scaffold 1,AIDD_Results trypanosoma scaffold 1,0,Xr-,
,542,13372,false,false,false,255 255 255 255,false,,,,,,,0,0.5,0.5,O=C(O)c1cccc(c12)SC=CN2C[C@H](C34)CN(CC4)CC3C,AIDD_Results trypanosoma scaffold 1,AIDD_Results trypanosoma scaffold 1,0,Xm-,
,543,13377,false,false,false,255 255 255 255,false,,,,,,,0,0.5,0.5,c1cc(C(=O)N)c(F)c(c12)n3c(ncoc3=O)c2C(CC45)N(CO5)CC4,AIDD_Results trypanosoma scaffold 1,AIDD_Results trypanosoma scaffold 1,0,Xr-,
,544,13516,false,false,false,255 255 255 255,false,,,,,,,0,0.5,0.5,CC(=O)Nc(c1)ccc(c12)N3C(N=COC3=O)C2C[C@H](C45)CN(CC4)CC5,AIDD_Results trypanosoma scaffold 1,AIDD_Results trypanosoma scaffold 1,0,Xr-,
,545,13676,false,false,false,255 255 255 255,false,,,,,,,0,0.5,0.5,CN(C1)C=CC1Cn2c(cc(C)cc3=O)n3c(=O)c4c2ccc(c45)nco5,AIDD_Results trypanosoma scaffold 1,AIDD_Results trypanosoma scaffold 1,0,Xr-,
,546,13717,false,false,false,255 255 255 255,false,,,,,,,0,0.5,0.5,O=C(O)c1cccc(c12)SC=C(c3c[nH]cn3)N2[C@H](C45)N(CC4)NC5,AIDD_Results trypanosoma scaffold 1,AIDD_Results trypanosoma scaffold 1,0,Xr-,
,547,13740,false,false,false,255 255 255 255,false,,,,,,,0,0.5,0.5,c1c(Br)n(C)c(c12)NCc3c4n(c(=O)cc3S2=O)CCCC4,AIDD_Results trypanosoma scaffold 1,AIDD_Results trypanosoma scaffold 1,0,Xr-,
,548,13785,false,false,false,255 255 255 255,false,,,,,,,0,0.5,0.5,C1CN(CC2)C[C@@H](C12)Cn(cc3)c(c34)c(S(=O)C)c5c(c4)nco5,AIDD_Results trypanosoma scaffold 1,AIDD_Results trypanosoma scaffold 1,0,Xr-,
,549,13817,false,false,false,255 255 255 255,false,,,,,,,0,0.5,0.5,C1CN(CC2)C(C(=O)C)[C@@H](C12)Cc3c(ncoc4=O)n4c(c35)c(=O)cc[nH]5,AIDD_Results trypanosoma scaffold 1,AIDD_Results trypanosoma scaffold 1,0,Xr-,
,550,13907,false,false,false,255 255 255 255,false,,,,,,,0,0.5,0.5,C1CN(CC2)C[C@@H](C12)C(C#N)N(c(c34)c(=O)cc[nH]4)C(C3)N/C=N/C,AIDD_Results trypanosoma scaffold 1,AIDD_Results trypanosoma scaffold 1,0,Xm-,
,551,13921,false,false,false,255 255 255 255,false,,,,,,,0,0.5,0.5,O=C(O)c1cccc(c12)SC=CN2CC(=CC34)N(CC4)CC3c5ncon5,AIDD_Results trypanosoma scaffold 1,AIDD_Results trypanosoma scaffold 1,0,Xr-,
,552,14133,false,false,false,255 255 255 255,false,,,,,,,0,0.5,0.5,C1CN(CC2)C[C@@H](C12)C(F)c3c(N=COC(=O)C4)n4c(c35)cccc5C,AIDD_Results trypanosoma scaffold 1,AIDD_Results trypanosoma scaffold 1,0,Xr-,
,553,14409,false,false,false,255 255 255 255,false,,,,,,,0,0.5,0.5,c1cc(=S)n(C(=O)O)c(c12)N(C=CS2)CC(C3)N(CC(C34)O)C(C4)C5CCCO5,AIDD_Results trypanosoma scaffold 1,AIDD_Results trypanosoma scaffold 1,0,Xr-,
,554,14518,false,false,false,255 255 255 255,false,,,,,,,0,0.5,0.5,C1CN(CC2)C[C@@H](C12)C(F)n(c3cc(N)cc4)c(c5c34)N=COC5,AIDD_Results trypanosoma scaffold 1,AIDD_Results trypanosoma scaffold 1,0,Xr-,
,555,14748,false,false,false,255 255 255 255,false,,,,,,,0,0.5,0.5,C1C(N)Oc(c12)c3c(c(F)c2Cl)N(C)N4C(S3)=NC(NC4=O)C(C5=O)CCC5,AIDD_Results trypanosoma scaffold 1,AIDD_Results trypanosoma scaffold 1,0,Xr-,
,556,14789,false,false,false,255 255 255 255,false,,,,,,,0,0.5,0.5,CC(=O)Nc(c1)ccc(c12)N3C(N=CCC3=O)C2C[C@H](C45)CN(CC4)CC5,AIDD_Results trypanosoma scaffold 1,AIDD_Results trypanosoma scaffold 1,0,Xr-,
,557,15040,false,false,false,255 255 255 255,false,,,,,,,0,0.5,0.5,C1CCNc(c12)cccc2,AIDD_Results trypanosoma scaffold 1,AIDD_Results trypanosoma scaffold 1,0,HEPX+,
,558,15077,false,false,false,255 255 255 255,false,,,,,,,0,0,0.5,FCC(=O)C(C1=O)=CC(=C12)N(C(=O)C)c3c(C2)ncn(c3=O)C(=O)C,AIDD_Results trypanosoma scaffold 1,AIDD_Results trypanosoma scaffold 1,0,CL-,
,559,15257,false,false,false,255 255 255 255,false,,,,,,,0,0.5,0.5,CC(=O)Nc(cn1)c(=O)n(c12)C(C3N2C(=O)OC=N3)C[C@H](C45)CN(CC4)CC5,AIDD_Results trypanosoma scaffold 1,AIDD_Results trypanosoma scaffold 1,0,Xr-,
,560,15271,false,false,false,255 255 255 255,false,,,,,,,0,0.5,0.5,C1CN(CC2)C(C(=O)C)[C@@H](C12)C(CC)c3c(N=CCOC4=O)n4c(c35)c(=O)cc[nH]5,AIDD_Results trypanosoma scaffold 1,AIDD_Results trypanosoma scaffold 1,0,Xr-,
,561,15318,false,false,false,255 255 255 255,false,,,,,,,0,0.5,0.5,C1CN(CC2)C(C)[C@@H](C12)C(c3ncon3)c(c4)n(S(=O)(=O)C)c(c45)N=CCCO5,AIDD_Results trypanosoma scaffold 1,AIDD_Results trypanosoma scaffold 1,0,Xr-,
,562,15429,false,false,false,255 255 255 255,false,,,,,,,0,0.5,0.5,C1CN(CC2)C(CC12O)C(C)N(CCS3)n(c34)c(=O)ccc4C,AIDD_Results trypanosoma scaffold 1,AIDD_Results trypanosoma scaffold 1,0,Xm+,
,563,15466,false,false,false,255 255 255 255,false,,,,,,,0,0.5,0.5,C1CN(CC2)C(C(=O)C)[C@@H](C12)C(C)c3c(ncoc4=O)n4c(c35)c(O)ccn5,AIDD_Results trypanosoma scaffold 1,AIDD_Results trypanosoma scaffold 1,0,Xr-,
,564,15542,false,false,false,255 255 255 255,false,,,,,,,0,0.5,0.5,O=C(O)c(c1)ccc(c12)SC=CN2CC(CC34)N(CC3)CC4,AIDD_Results trypanosoma scaffold 1,AIDD_Results trypanosoma scaffold 1,0,Xm-,
,565,15563,false,false,false,255 255 255 255,false,,,,,,,0,0.5,0.5,o1ncnc1-n(ccc2=O)c(c23)SCCN3C(CC45O)N(CC4)CC5,AIDD_Results trypanosoma scaffold 1,AIDD_Results trypanosoma scaffold 1,0,Xr-,
,566,15672,false,false,false,255 255 255 255,false,,,,,,,0,0.5,0.5,n1cccnc1C([C@H](C23)C(C)N(CC2)CC3)c(c4)n(S(=O)(=O)C)c(c45)N=CCCO5,AIDD_Results trypanosoma scaffold 1,AIDD_Results trypanosoma scaffold 1,0,Xr-,
,567,15763,false,false,false,255 255 255 255,false,,,,,,,0,0.5,0.5,C1CN(CC2)C[C@@](C)(C12)C(C#N)(C)n(c3NC=NC4)c(c5c34)c(=O)ccn5C=O,AIDD_Results trypanosoma scaffold 1,AIDD_Results trypanosoma scaffold 1,0,Xr-,
,568,15772,false,false,false,255 255 255 255,false,,,,,,,0,0.5,0.5,c1cc(=O)n(C(=O)O)c(c12)N(C=CS2)[C@H](C34)CN(CC4)C(C3)C5CCCO5,AIDD_Results trypanosoma scaffold 1,AIDD_Results trypanosoma scaffold 1,0,Xr-,
,569,15830,false,false,false,255 255 255 255,false,,,,,,,0,0.5,0.5,NC(=O)c(c1)cc(F)c(c12)n3c(ncoc3=O)c2C(CC45)N(CO5)CC4,AIDD_Results trypanosoma scaffold 1,AIDD_Results trypanosoma scaffold 1,0,Xr-,
,570,15896,false,false,false,255 255 255 255,false,,,,,,,0,0.5,0.5,CC(O)Cc(c1)ccc(c12)N3C(N=COC3=O)C2C[C@H](C45)CN(CC4)CC5,AIDD_Results trypanosoma scaffold 1,AIDD_Results trypanosoma scaffold 1,0,Xr-,
,571,16032,false,false,false,255 255 255 255,false,,,,,,,0,0.5,0.5,C1CN(C)C=CC1n(c(c2c34)C(=O)CC=C2)c3CC(N)CC4=O,AIDD_Results trypanosoma scaffold 1,AIDD_Results trypanosoma scaffold 1,0,Xm-,
,572,16075,false,false,false,255 255 255 255,false,,,,,,,0,0.5,0.5,NCC1CCCC(C12)N(C=CC2C)C[C@H](C34F)CN(C(C3)O)CC4,AIDD_Results trypanosoma scaffold 1,AIDD_Results trypanosoma scaffold 1,0,Xm-,
,573,16121,false,false,false,255 255 255 255,false,,,,,,,0,0.5,0.5,Cc1cc(C)cc(c12)N(CCCN(C)C)N3C(S2=O)=CC(CF)=CS3(=O)=O,AIDD_Results trypanosoma scaffold 1,AIDD_Results trypanosoma scaffold 1,0,Xm+,
,574,16230,false,false,false,255 255 255 255,false,,,,,,,0,0.5,0.5,O1CNC(C)C1C(=O)N2C(CC=CN=C3)N3C(=O)c4c2c(F)cc(c45)nco5,AIDD_Results trypanosoma scaffold 1,AIDD_Results trypanosoma scaffold 1,0,Xr-,
,575,16232,false,false,false,255 255 255 255,false,,,,,,,0,0.5,0.5,CC(=O)Nc(cn1)c(=O)n(c12)C(C3N2C(=O)OC=N3)C[C@H](C45)C(C)N(CC4)CC5,AIDD_Results trypanosoma scaffold 1,AIDD_Results trypanosoma scaffold 1,0,Xr-,
,576,16381,false,false,false,255 255 255 255,false,,,,,,,0,0.5,0.5,NCn1cnc(cc1=O)S(=O)c(cc2C#C)c(cc2)NC(C)CCN(C)C,AIDD_Results trypanosoma scaffold 1,AIDD_Results trypanosoma scaffold 1,0,Xm-,
,577,16394,false,false,false,255 255 255 255,false,,,,,,,0,0.5,0.5,n1c[nH]cc1C(C(=O)OC2)C(C=23)CC(C#N)C(=O)C3/C=C(\C45)CN(CC4F)CC5,AIDD_Results trypanosoma scaffold 1,AIDD_Results trypanosoma scaffold 1,0,Xr+,
,578,16666,false,false,false,255 255 255 255,false,,,,,,,0,0.5,0.5,O=C1CC(C=CO1)C2=CC(C(=O)C(C#N)C2)/C=C(\C3C(F)C4)CN4c(c35)[nH]cc5,AIDD_Results trypanosoma scaffold 1,AIDD_Results trypanosoma scaffold 1,0,Xr+,
,579,16701,false,false,false,255 255 255 255,false,,,,,,,0,0.5,0.5,Cc1cccc(c12)n3c(N=COC(=O)C3)c2[C@H](C45)C(C)N(CC4)CC5,AIDD_Results trypanosoma scaffold 1,AIDD_Results trypanosoma scaffold 1,0,Xr-,
,580,16706,false,false,false,255 255 255 255,false,,,,,,,0,0.5,0.5,CC(=O)Nc(c(C#N)c1)cc(c12)n3c(ncoc3=O)c2C[C@H](C45)CN(C(O5)C)CC4,AIDD_Results trypanosoma scaffold 1,AIDD_Results trypanosoma scaffold 1,0,Xr-,
,581,16779,false,false,false,255 255 255 255,false,,,,,,,0,0.5,0.5,C1N=CNc2n([C@H](C34)C(C#N)N(CC3)CC4)c(c5c12)c(=O)ccn5C=O,AIDD_Results trypanosoma scaffold 1,AIDD_Results trypanosoma scaffold 1,0,Xr-,
,582,17029,false,false,false,255 255 255 255,false,,,,,,,0,0.5,0.5,FC1CN(CC2)C[C@@H](C12)Cc(c(c34)nc[nH]c3=O)c5c(c4)C(=O)COC=N5,AIDD_Results trypanosoma scaffold 1,AIDD_Results trypanosoma scaffold 1,0,Xr-,
,583,17163,false,false,false,255 255 255 255,false,,,,,,,0,0.5,0.5,CN(C1)CCC1n2c(c(C)c(C)c(C#N)c3=O)n3c(=O)c4c2ccc(c45)NCO5,AIDD_Results trypanosoma scaffold 1,AIDD_Results trypanosoma scaffold 1,0,Xr-,
,584,17183,false,false,false,255 255 255 255,false,,,,,,,0,0.5,0.5,NC(=O)c1cccc(c12)n3c(N=COS3(=O)=O)c2C[C@H](C45)CN(CC4)CC5,AIDD_Results trypanosoma scaffold 1,AIDD_Results trypanosoma scaffold 1,0,Xr-,
,585,17252,false,false,false,255 255 255 255,false,,,,,,,0,0.5,0.5,c1cc(=O)cc(S2=O)n1CN(C(=O)C)c(c23)n(c(Br)c3)Cc4c[nH]cn4,AIDD_Results trypanosoma scaffold 1,AIDD_Results trypanosoma scaffold 1,0,Xr-,
,586,17288,false,false,false,255 255 255 255,false,,,,,,,0,0.5,0.5,CCC(=O)C(C)C(C)NC[C@H](C12)CN(CC1)CC2,AIDD_Results trypanosoma scaffold 1,AIDD_Results trypanosoma scaffold 1,0,Xm-,
,587,17297,false,false,false,255 255 255 255,false,,,,,,,0,0.5,0.5,c1cc(=O)n(C(=O)O)c(c12)N(C=CS2)[C@H](C34)CN(CC4)C(C3)CC5CCCO5,AIDD_Results trypanosoma scaffold 1,AIDD_Results trypanosoma scaffold 1,0,Xr-,
,588,17324,false,false,false,255 255 255 255,false,,,,,,,0,0.5,0.5,CN(C)CCCN1c(cccc2)c2S(=O)c(c13)ncn(c3=O)CN,AIDD_Results trypanosoma scaffold 1,AIDD_Results trypanosoma scaffold 1,0,Xm-,
,589,17343,false,false,false,255 255 255 255,false,,,,,,,0,0.5,0.5,O=C(O)n(c1=O)ccc(c12)SC=CN2[C@H](C34)CN(CC4)C(C3)C5=COCC5,AIDD_Results trypanosoma scaffold 1,AIDD_Results trypanosoma scaffold 1,0,Xr-,
,590,17364,false,false,false,255 255 255 255,false,,,,,,,0,0.5,0.5,O1CC(=O)C(C#N)=Nc(c12)n(cc2)C3([C@H](C45)C(C)N(CC4)CC5)CCCCC3,AIDD_Results trypanosoma scaffold 1,AIDD_Results trypanosoma scaffold 1,0,Xr-,
,591,17398,false,false,false,255 255 255 255,false,,,,,,,0,0.5,0.5,CC(=O)Nc(cn1)c(=O)n(c12)C(CC(CC34)N(CC3)CC4)C5N2C(=O)OC=N5,AIDD_Results trypanosoma scaffold 1,AIDD_Results trypanosoma scaffold 1,0,Xr-,
,592,17494,false,false,false,255 255 255 255,false,,,,,,,0,0.5,0.5,N#Cc(n1)cc(=O)n2c1S(=O)(=O)C(N3N(C24)CCC4)=C5C(C(C)C3=O)CCCC5,AIDD_Results trypanosoma scaffold 1,AIDD_Results trypanosoma scaffold 1,0,Xr-,
,593,17574,false,false,false,255 255 255 255,false,,,,,,,0,0.5,0.5,C1CN(CC2)C[C@@H](C12)C(=O)n(c3C(=O)C=CC4)c(c5c34)c(=O)ccn5S(=O)(=O)C,AIDD_Results trypanosoma scaffold 1,AIDD_Results trypanosoma scaffold 1,0,Xr-,
,594,17771,false,false,false,255 255 255 255,false,,,,,,,0,0.5,0.5,c1cc(C(=O)O)cc(c12)SC=CN2CC(CC34)N(CC3)CC4,AIDD_Results trypanosoma scaffold 1,AIDD_Results trypanosoma scaffold 1,0,Xm-,
,595,17875,false,false,false,255 255 255 255,false,,,,,,,0,0.5,0.5,O=C(O)c1cccc(c12)SCCN2[C@H](C34)CN(CC3)C(O4)c5ccoc5,AIDD_Results trypanosoma scaffold 1,AIDD_Results trypanosoma scaffold 1,0,Xr-,
,596,17959,false,false,false,255 255 255 255,false,,,,,,,0,0.5,0.5,C1CN(CC2)C[C@@H](C12)Cn(c(=O)cc3)c(c34)CCC(N)C4O,AIDD_Results trypanosoma scaffold 1,AIDD_Results trypanosoma scaffold 1,0,Xm-,
,597,18194,false,false,false,255 255 255 255,false,,,,,,,0,0.5,0.5,CC(C12)CN(CN2)C(C1)c3c(N=CC=CC4)n4c(c35)c(=O)c(Br)c[nH]5,AIDD_Results trypanosoma scaffold 1,AIDD_Results trypanosoma scaffold 1,0,Xr-,
,598,18243,false,false,false,255 255 255 255,false,,,,,,,0,0.5,0.5,O=C(O)c1cccc(c12)SC=CN2C[C@H]3CN(C=CC34)C(C4)C5CC=CO5,AIDD_Results trypanosoma scaffold 1,AIDD_Results trypanosoma scaffold 1,0,Xr-,
,599,18294,false,false,false,255 255 255 255,false,,,,,,,0,0.5,0.5,C1CC(F)C(F)C(N(C)C2)C1S(=O)c(c2c34)cc(=O)n4CCC3,AIDD_Results trypanosoma scaffold 1,AIDD_Results trypanosoma scaffold 1,0,Xr+,
,600,18324,false,false,false,255 255 255 255,false,,,,,,,0,0.5,0.5,CN(C1)CC(C1C)n2c(cc(C)cc3=O)n3c(=O)c4c2ccc(c45)nco5,AIDD_Results trypanosoma scaffold 1,AIDD_Results trypanosoma scaffold 1,0,Xr-,
,601,18335,false,false,false,255 255 255 255,false,,,,,,,0,0.5,0.5,C1CN(CC2)C[C@@H](C12)Cc3c(n(S(=O)(=O)C)ccc4=O)n4c(c35)N=CCC5,AIDD_Results trypanosoma scaffold 1,AIDD_Results trypanosoma scaffold 1,0,Xr-,
,602,18420,false,false,false,255 255 255 255,false,,,,,,,0,0.5,0.5,O=C(O)c(c1)ccc(c12)SC=CN2[C@H](C34)CN(C(C)C3)CC4,AIDD_Results trypanosoma scaffold 1,AIDD_Results trypanosoma scaffold 1,0,Xm-,
,603,18539,false,false,false,255 255 255 255,false,,,,,,,0,0.5,0.5,OC1CN(CC2)C(C)[C@@H](C12)C(c3ncon3)c4c[nH]c(c45)OCC(=O)C=N5,AIDD_Results trypanosoma scaffold 1,AIDD_Results trypanosoma scaffold 1,0,Xr+,
,604,18564,false,false,false,255 255 255 255,false,,,,,,,0,0.5,0.5,N#Cc1cc(C(=O)C)cc2n(c(c3c12)c(O)c(cn3)C(=O)C)CC4=CCNCC4,AIDD_Results trypanosoma scaffold 1,AIDD_Results trypanosoma scaffold 1,0,Xm-,
,605,18575,false,false,false,255 255 255 255,false,,,,,,,0,0.5,0.5,Cc1cc(C)cc(c12)N(CCCN(C)C)n3c(S2=O)cc(cc3=O)-c4ncon4,AIDD_Results trypanosoma scaffold 1,AIDD_Results trypanosoma scaffold 1,0,Xm+,
,606,18646,false,false,false,255 255 255 255,false,,,,,,,0,0.5,0.5,n1ocnc1CC(=O)/C=C/2CCCN(C23)C(=O)C(C3)[C@H](C45)CN(CC4)CC5,AIDD_Results trypanosoma scaffold 1,AIDD_Results trypanosoma scaffold 1,0,Xr-,
,607,18690,false,false,false,255 255 255 255,false,,,,,,,0,0.5,0.5,CC(=O)NC1C(N)CCc(c12)n(c(=O)cc2)C[C@H](C34)CN(CC3)CC4,AIDD_Results trypanosoma scaffold 1,AIDD_Results trypanosoma scaffold 1,0,Xm-,
,608,18707,false,false,false,255 255 255 255,false,,,,,,,0,0.5,0.5,Brc1ccc(=O)n(c12)n(cn2)C[C@H](C34F)CN(CC4)CC3c5c(O)coc5,AIDD_Results trypanosoma scaffold 1,AIDD_Results trypanosoma scaffold 1,0,Xr-,
,609,18710,false,false,false,255 255 255 255,false,,,,,,,0,0.5,0.5,CC(=O)Nc(c(c1)C=N)cc(c12)n3c(ncoc3=O)c2C[C@H](C45)CN(C(O5)C)CC4,AIDD_Results trypanosoma scaffold 1,AIDD_Results trypanosoma scaffold 1,0,Xr-,
,610,18786,false,false,false,255 255 255 255,false,,,,,,,0,0.5,0.5,C1CN(CC2)C(CC)[C@@H](C12F)c3c(N=COC(=O)C4)n4c(c35)cccc5C,AIDD_Results trypanosoma scaffold 1,AIDD_Results trypanosoma scaffold 1,0,Xr-,
,611,18814,false,false,false,255 255 255 255,false,,,,,,,0,0.5,0.5,c1cn(C(=O)O)c(c12)N(C=CS2)C[C@H]3CN(C=CC34)C(C4)c5ccoc5,AIDD_Results trypanosoma scaffold 1,AIDD_Results trypanosoma scaffold 1,0,Xr-,
,612,18833,false,false,false,255 255 255 255,false,,,,,,,0,0.5,0.5,C12C=CN(CC2)C[C@@H]1C(\C(C3=O)CCC3)=C\C4C=CS(=O)C=C4,AIDD_Results trypanosoma scaffold 1,AIDD_Results trypanosoma scaffold 1,0,HEPX+,
,613,18918,false,false,false,255 255 255 255,false,,,,,,,0,0.5,0.5,c1cc(=O)n(C(=O)O)c(c12)N(C=CS2)C[C@H](C34)CN(CC4)CC3c5ncon5,AIDD_Results trypanosoma scaffold 1,AIDD_Results trypanosoma scaffold 1,0,Xr-,
,614,18935,false,false,false,255 255 255 255,false,,,,,,,0,0.5,0.5,O=C(O)n(c1)c(=O)cc(c12)SC=CN2C[C@H](C34)CN(CC3)C(O4)c5ccoc5,AIDD_Results trypanosoma scaffold 1,AIDD_Results trypanosoma scaffold 1,0,Xr-,
,615,19066,false,false,false,255 255 255 255,false,,,,,,,0,0.5,0.5,O=C(O)c1cccc(c12)SC=CN2CC(CC34)N(CC3)CC4,AIDD_Results trypanosoma scaffold 1,AIDD_Results trypanosoma scaffold 1,0,Xm-,
,616,19183,false,false,false,255 255 255 255,false,,,,,,,0,0.5,0.5,Cc(c1)c(Cl)n(c12)S(=O)(=O)C3=C(N2CCN(C)C)C(=O)CC(C3)C4=CCNCC4,AIDD_Results trypanosoma scaffold 1,AIDD_Results trypanosoma scaffold 1,0,Xm-,
,617,19225,false,false,false,255 255 255 255,false,,,,,,,0,0.5,0.5,O=C(O)c1ccc(O)c(c12)SC=CN2[C@H](C34)N(CC4)C(C3)c5ccoc5,AIDD_Results trypanosoma scaffold 1,AIDD_Results trypanosoma scaffold 1,0,Xr-,
,618,19238,false,false,false,255 255 255 255,false,,,,,,,0,0.5,0.5,c1occc1-c2cn(C)c(c23)NC(c4c[nH]cn4)C5C(S3=O)=CC(=O)CC5,AIDD_Results trypanosoma scaffold 1,AIDD_Results trypanosoma scaffold 1,0,Xr-,
,619,19332,false,false,false,255 255 255 255,false,,,,,,,0,0.5,0.5,O=c1[nH]cnc(c12)c(C(C34)CN(CO4)CC3)c5c(c2)C(=O)COC=N5,AIDD_Results trypanosoma scaffold 1,AIDD_Results trypanosoma scaffold 1,0,Xr-,
,620,19407,false,false,false,255 255 255 255,false,,,,,,,0,0.5,0.5,CC(=O)Nc(cn1)c(=O)n(c12)C(C3N2C(=O)OC=N3)C(C)[C@H](C45)CN(CC4)CC5,AIDD_Results trypanosoma scaffold 1,AIDD_Results trypanosoma scaffold 1,0,Xr-,
,621,19486,false,false,false,255 255 255 255,false,,,,,,,0,0.5,0.5,CN(C)CCC(C)Nc(ccc1CC)c2S(=O)c(c3c12)c(=O)n(cn3)CN,AIDD_Results trypanosoma scaffold 1,AIDD_Results trypanosoma scaffold 1,0,Xm-,
,622,19538,false,false,false,255 255 255 255,false,,,,,,,0,0.5,0.5,FCC(=O)Nc(cn1)c(=O)n(c12)C(C3N2C(=O)OC=N3)C(C)[C@H](C45)CN(CC4)CC5,AIDD_Results trypanosoma scaffold 1,AIDD_Results trypanosoma scaffold 1,0,Xr-,
,623,19551,false,false,false,255 255 255 255,false,,,,,,,0,0.5,0.5,C1CN(CC2)C(C)[C@@H](C12)C(c3ncno3)c4c[nH]c(c45)OCC(=O)C=N5,AIDD_Results trypanosoma scaffold 1,AIDD_Results trypanosoma scaffold 1,0,Xr-,
,624,19580,false,false,false,255 255 255 255,false,,,,,,,0,0.5,0.5,C1CN(CC2)[C@@H](C12)C(=O)C3OC(Cc(c34)nco4)C5=CCC(=O)OC5,AIDD_Results trypanosoma scaffold 1,AIDD_Results trypanosoma scaffold 1,0,Xr-,
,625,19686,false,false,false,255 255 255 255,false,,,,,,,0,0.5,0.5,O=C(O)c1cc(F)cc(c12)SCN2[C@H](C34)CN(CC3)C(O4)c5ccoc5,AIDD_Results trypanosoma scaffold 1,AIDD_Results trypanosoma scaffold 1,0,Xr-,
,626,19704,false,false,false,255 255 255 255,false,,,,,,,0,0.5,0.5,FC1CN(CC2)C[C@@H](C12)Cc(c(c34)nc[nH]c4=O)c5c(c3F)C(=O)COC=N5,AIDD_Results trypanosoma scaffold 1,AIDD_Results trypanosoma scaffold 1,0,Xr-,
,627,19721,false,false,false,255 255 255 255,false,,,,,,,0,0.5,0.5,C1CN(CC2)C[C@@H](C12)C(C#N)n(c3NC=NC4)c(c5c34)c(=O)ccn5S(=O)(=O)C,AIDD_Results trypanosoma scaffold 1,AIDD_Results trypanosoma scaffold 1,0,Xr-,
,628,19751,false,false,false,255 255 255 255,false,,,,,,,0,0.5,0.5,C1CC=CC1/C=C/[C@H](C23)C(NC)N(CC2)CC3,AIDD_Results trypanosoma scaffold 1,AIDD_Results trypanosoma scaffold 1,0,Xr-,
,629,19924,false,false,false,255 255 255 255,false,,,,,,,0,0.5,0.5,O1CNC(C)C1C(=O)N2C(C=CN=C3)N3C(=O)c4c2c(F)cc(c45)nco5,AIDD_Results trypanosoma scaffold 1,AIDD_Results trypanosoma scaffold 1,0,Xr+,
,630,20109,false,false,false,255 255 255 255,false,,,,,,,0,0.5,0.5,Nc1c(C(=O)O)ccc(c12)SC=CN2[C@H](C34)CN(C(C)C3)CC4,AIDD_Results trypanosoma scaffold 1,AIDD_Results trypanosoma scaffold 1,0,Xm-,
,631,20253,false,false,false,255 255 255 255,false,,,,,,,0,0.5,0.5,FC1CCC(F)C(N(C)C2)C1S(=O)c(c2c34)cc(=O)n4CCC3,AIDD_Results trypanosoma scaffold 1,AIDD_Results trypanosoma scaffold 1,0,Xr+,
,632,20300,false,false,false,255 255 255 255,false,,,,,,,0,0.5,0.5,NCC(=O)C(S1)=CN(n(c12)c(=O)c(Cl)cn2)C(c3ccco3)CCN(C)CC,AIDD_Results trypanosoma scaffold 1,AIDD_Results trypanosoma scaffold 1,0,Xm+,
,633,20360,false,false,false,255 255 255 255,false,,,,,,,0,0.5,0.5,C1CN(CC2)[C@@H](C12)Cc3c(n(S(=O)(=O)C)ccc4=O)n4c(c35)N=CCC5,AIDD_Results trypanosoma scaffold 1,AIDD_Results trypanosoma scaffold 1,0,Xr-,
,634,20443,false,false,false,255 255 255 255,false,,,,,,,0,0.5,0.5,c1cc(=S)n(C(=O)O)c(c12)N(C=CS2)C[C@H](C34)CN(CC4)CC3c5ncon5,AIDD_Results trypanosoma scaffold 1,AIDD_Results trypanosoma scaffold 1,0,Xr-,
,635,20453,false,false,false,255 255 255 255,false,,,,,,,0,0.5,0.5,O=C(O)n(c1=O)ccc(c12)SC=CN2[C@H](C34F)CN(CC4)C(C3)C5=COCC5,AIDD_Results trypanosoma scaffold 1,AIDD_Results trypanosoma scaffold 1,0,Xr-,
,636,20568,false,false,false,255 255 255 255,false,,,,,,,0,0.5,0.5,c1cc(C)cc(N23)c1S(=O)c(cc(=O)[nH]c4)c4C3CC(C25)COC5N,AIDD_Results trypanosoma scaffold 1,AIDD_Results trypanosoma scaffold 1,0,Xr-,
,637,20676,false,false,false,255 255 255 255,false,,,,,,,0,0.5,0.5,O=C(O)c1cc(N)cc(c12)SC=CN2C3CN(CC4)CC(C34)c5ccoc5,AIDD_Results trypanosoma scaffold 1,AIDD_Results trypanosoma scaffold 1,0,Xr-,
,638,20838,false,false,false,255 255 255 255,false,,,,,,,0,0.5,0.5,C1=CCC(=O)N(C(=O)C)C(O2)=C1Sc(c2c34)n(c3[nH]cn4)C(=O)C5NCCO5,AIDD_Results trypanosoma scaffold 1,AIDD_Results trypanosoma scaffold 1,0,Xr+,
,639,20913,false,false,false,255 255 255 255,false,,,,,,,0,0.5,0.5,CC(C1)CC(C12)NC3N2c4c(cc(C)cc4)S(=O)c5n3c(=O)[nH]c(=O)c5,AIDD_Results trypanosoma scaffold 1,AIDD_Results trypanosoma scaffold 1,0,Xr-,
,640,20921,false,false,false,255 255 255 255,false,,,,,,,0,0.5,0.5,C1C(=O)C(C)=CN=c(c2=O)n1nc(c2=3)NC=CC3,AIDD_Results trypanosoma scaffold 1,AIDD_Results trypanosoma scaffold 1,0,Xm+,
,641,21083,false,false,false,255 255 255 255,false,,,,,,,0,0.5,0.5,c1c(F)c(C)cc(N23)c1S(=O)c(cc(=O)[nH]c4)c4C3CC(C25)COC5N,AIDD_Results trypanosoma scaffold 1,AIDD_Results trypanosoma scaffold 1,0,Xr-,
,642,21169,false,false,false,255 255 255 255,false,,,,,,,0,0.5,0.5,C1CN(CC2)C[C@@H](C12)Cn(c(=O)c(C)c3)c(c34)CC(N)CC4O,AIDD_Results trypanosoma scaffold 1,AIDD_Results trypanosoma scaffold 1,0,Xm-,
,643,21175,false,false,false,255 255 255 255,false,,,,,,,0,0.5,0.5,c1oc(=O)cc(S2(=O)=O)c1N(c3ccn(c34)CC4)N(C25)C(=O)CC=5CN,AIDD_Results trypanosoma scaffold 1,AIDD_Results trypanosoma scaffold 1,0,Xr-,
,644,21242,false,false,false,255 255 255 255,false,,,,,,,0,0.5,0.5,c1cn(C(=O)O)c(c12)N(C=CS2)C[C@H]3CN(C=CC34)C(C4)c5cc(N)oc5,AIDD_Results trypanosoma scaffold 1,AIDD_Results trypanosoma scaffold 1,0,Xr-,
,645,21319,false,false,false,255 255 255 255,false,,,,,,,0,0.5,0.5,C1CN(CC2)C(CC12)C(C)N(C=CC3)n(c34)c(=O)ccc4,AIDD_Results trypanosoma scaffold 1,AIDD_Results trypanosoma scaffold 1,0,Xm+,
,646,21431,false,false,false,255 255 255 255,false,,,,,,,0,0.5,0.5,C1CN(CC2)C[C@@](C)(C12)C(F)c3c(N=COC(=O)C4)n4c(c35)cccc5,AIDD_Results trypanosoma scaffold 1,AIDD_Results trypanosoma scaffold 1,0,Xr-,
,647,21444,false,false,false,255 255 255 255,false,,,,,,,0,0.5,0.5,CC(=O)Nc(cc1)cc(c12)n3c(ncoc3=O)c2O[C@H](C45)CN(CO5)CC4,AIDD_Results trypanosoma scaffold 1,AIDD_Results trypanosoma scaffold 1,0,Xr-,
,648,21506,false,false,false,255 255 255 255,false,,,,,,,0,0.5,0.5,C12C=CN(CC2)C(C1)C(\C(C3=O)CCC3)=C\C4C=CS(=O)C=C4,AIDD_Results trypanosoma scaffold 1,AIDD_Results trypanosoma scaffold 1,0,HEPX+,
,649,21698,false,false,false,255 255 255 255,false,,,,,,,0,0.5,0.5,CC(=O)CC(=O)C(=C(C)C1C(C)O)Sc(c12)ncn(c2=O)C(=O)C3CCCCN3,AIDD_Results trypanosoma scaffold 1,AIDD_Results trypanosoma scaffold 1,0,Xr-,
,650,22029,false,false,false,255 255 255 255,false,,,,,,,0,0.5,0.5,C1CN(CC2)C[C@@H](C12)Cc(c(c34)ocn4)n5c3C(O)CC=C5,AIDD_Results trypanosoma scaffold 1,AIDD_Results trypanosoma scaffold 1,0,Xr-,
,651,22053,false,false,false,255 255 255 255,false,,,,,,,0,0.5,0.5,CN(C)Cc1c(nco1)N(N(C=23)C(=O)C(CF)C2)c4c(S3=O)c(C)cc(C)c4,AIDD_Results trypanosoma scaffold 1,AIDD_Results trypanosoma scaffold 1,0,Xm-,
,652,22171,false,false,false,255 255 255 255,false,,,,,,,0,0.5,0.5,o1ccnc1C(=O)N2c(cc(C(=O)N)cc3)c3SC(=C24)N=CC(=C\Br)\C4=O,AIDD_Results trypanosoma scaffold 1,AIDD_Results trypanosoma scaffold 1,0,Xm+,
,653,22450,false,false,false,255 255 255 255,false,,,,,,,0,0.5,0.5,C1CN(CC2)C[C@@H](C12)C(C)c3c(N=COC(=O)C4)n4c(c35)nccc5Cl,AIDD_Results trypanosoma scaffold 1,AIDD_Results trypanosoma scaffold 1,0,Xr-,
,654,22474,false,false,false,255 255 255 255,false,,,,,,,0,0.5,0.5,CC(=O)n(cn1)c(=S)c(c1c23)n(C)c2oc(=O)cc3CC=N,AIDD_Results trypanosoma scaffold 1,AIDD_Results trypanosoma scaffold 1,0,Xm-,
,655,22502,false,false,false,255 255 255 255,false,,,,,,,0,0.5,0.5,CC(=O)NC(NC1=O)CN(C12)C3c4c(cccc4)S(=O)c5c(N3C2)cc(C)nc5,AIDD_Results trypanosoma scaffold 1,AIDD_Results trypanosoma scaffold 1,0,Xr-,
,656,22575,false,false,false,255 255 255 255,false,,,,,,,0,0.5,0.5,O=C(O)c1cc(ccc1)C2=CN(C=CS2)/C=C(/C34F)CN(CS4)CC3,AIDD_Results trypanosoma scaffold 1,AIDD_Results trypanosoma scaffold 1,0,Xm+,
,657,22634,false,false,false,255 255 255 255,false,,,,,,,0,0.5,0.5,C1CSC=C(C=12)CC(C#N)C(=O)C2/C=C(\C34)CN(CC3F)C(C4)C(C5=O)CCC5,AIDD_Results trypanosoma scaffold 1,AIDD_Results trypanosoma scaffold 1,0,Xr-,
,658,22650,false,false,false,255 255 255 255,false,,,,,,,0,0.5,0.5,C1CN(CC2)C[C@@H](C12)CC3CNC(C34)CC(O)C(=O)N4,AIDD_Results trypanosoma scaffold 1,AIDD_Results trypanosoma scaffold 1,0,Xm+,
,659,22670,false,false,false,255 255 255 255,false,,,,,,,0,0.5,0.5,O=C(O)n(c1=O)ccc(c12)CCCN2[C@H]3CN(CC4)CC(C34)c5ccco5,AIDD_Results trypanosoma scaffold 1,AIDD_Results trypanosoma scaffold 1,0,Xr-,
,660,22773,false,false,false,255 255 255 255,false,,,,,,,0,0.5,0.5,Brc1cn(C)c(c12)NCc3c4n(c(=O)cc3S2=O)CCCC4,AIDD_Results trypanosoma scaffold 1,AIDD_Results trypanosoma scaffold 1,0,Xr-,
,661,22805,false,false,false,255 255 255 255,false,,,,,,,0,0.5,0.5,C1CN(CC2)C[C@@H](C12)C(O)c3c(N=COC(=O)C4)n4c(c35)cccc5F,AIDD_Results trypanosoma scaffold 1,AIDD_Results trypanosoma scaffold 1,0,Xr-,
,662,22934,false,false,false,255 255 255 255,false,,,,,,,0,0.5,0.5,C1CN(CC2)C[C@@H](C12)Cc(nc3)cc(c34)c(S(=O)(=O)C)ccc4CN,AIDD_Results trypanosoma scaffold 1,AIDD_Results trypanosoma scaffold 1,0,Xm+,
,663,22965,false,false,false,255 255 255 255,false,,,,,,,0,0.5,0.5,CC(=O)n(c1=O)cnc(S2)c1N(C(=O)C)C(C23)CNC3C(C4)=NCc(c45)occ5,AIDD_Results trypanosoma scaffold 1,AIDD_Results trypanosoma scaffold 1,0,Xr+,
,664,22966,false,false,false,255 255 255 255,false,,,,,,,0,0.5,0.5,n1ocnc1CC(=O)/C=C/2CCCN(C23)C(=O)C(C3)[C@](F)(C45)CN(CC4)CC5,AIDD_Results trypanosoma scaffold 1,AIDD_Results trypanosoma scaffold 1,0,Xr+,
,665,23042,false,false,false,255 255 255 255,false,,,,,,,0,0.5,0.5,c1c(=O)scc(c12)CC(C#N)C(=O)C2/C=C(\C34)CN(CC4)C(C3)c5ccoc5,AIDD_Results trypanosoma scaffold 1,AIDD_Results trypanosoma scaffold 1,0,Xr-,
,666,23170,false,false,false,255 255 255 255,false,,,,,,,0,0.5,0.5,C1CN(CC2)C(C)[C@@H](C12)C(c3ncno3)c4c[nH]c(c45)OCC(=O)C=C5,AIDD_Results trypanosoma scaffold 1,AIDD_Results trypanosoma scaffold 1,0,Xr-,
,667,23288,false,false,false,255 255 255 255,false,,,,,,,0,0.5,0.5,n1ocnc1CC(=O)/C=C/2CCCCN(C23)C(=O)C(C3)[C@H](C45)CN(CC4)CC5,AIDD_Results trypanosoma scaffold 1,AIDD_Results trypanosoma scaffold 1,0,Xr-,
,668,23368,false,false,false,255 255 255 255,false,,,,,,,0,0.5,0.5,c1cn(C)c(c12)N3C4C(COC4N)CC3c5c(S2=O)c[nH]c(=O)c5,AIDD_Results trypanosoma scaffold 1,AIDD_Results trypanosoma scaffold 1,0,Xr-,
,669,23427,false,false,false,255 255 255 255,false,,,,,,,0,0.5,0.5,O=c1[nH]cnc(c12)c(CC(CC34)N(CO4)CC3)c5c(c2)C(=O)COC=N5,AIDD_Results trypanosoma scaffold 1,AIDD_Results trypanosoma scaffold 1,0,Xr-,
,670,23515,false,false,false,255 255 255 255,false,,,,,,,0,0.5,0.5,C1NN(C)CCC1N2c(cccc3)c3S(=O)c(c24)ncn(c4=O)-c5csnn5,AIDD_Results trypanosoma scaffold 1,AIDD_Results trypanosoma scaffold 1,0,Xr-,
,671,23542,false,false,false,255 255 255 255,false,,,,,,,0,0.5,0.5,CN(C1)CC(C1C)n2c(cc(C)c(C)c3=O)n3c(=O)c4c2ccc(c45)nco5,AIDD_Results trypanosoma scaffold 1,AIDD_Results trypanosoma scaffold 1,0,Xr-,
,672,23561,false,false,false,255 255 255 255,false,,,,,,,0,0.5,0.5,C1N=COc2n([C@H](C34)C(C#N)N(CC3)CC4)c(c5c12)c(=O)ccn5C=O,AIDD_Results trypanosoma scaffold 1,AIDD_Results trypanosoma scaffold 1,0,Xr-,
,673,23588,false,false,false,255 255 255 255,false,,,,,,,0,0.5,0.5,N#CC(C1)Cc(c12)c3c(c(O)c2C(=O)C)N(C=O)C4=C(S3)CC(C=N4)C(=O)C,AIDD_Results trypanosoma scaffold 1,AIDD_Results trypanosoma scaffold 1,0,Xm-,
,674,23611,false,false,false,255 255 255 255,false,,,,,,,0,0.5,0.5,C1CN(CC2)C(C)[C@@H](C12)Cn(c3CCC4)c(c5c34)N=CC(=O)C(O5)C,AIDD_Results trypanosoma scaffold 1,AIDD_Results trypanosoma scaffold 1,0,Xr-,
,675,23848,false,false,false,255 255 255 255,false,,,,,,,0,0.5,0.5,CC(=O)n(cn1)c(=S)c(c1c23)n(C)c2oc(=O)c(-c4ccco4)c3CC=N,AIDD_Results trypanosoma scaffold 1,AIDD_Results trypanosoma scaffold 1,0,Xm-,
,676,23864,false,false,false,255 255 255 255,false,,,,,,,0,0.5,0.5,CC(=O)Nc(c1)cc(=O)n(c12)N(CC2O)C[C@H](C34)CN(CC4)C(C3)c5ncon5,AIDD_Results trypanosoma scaffold 1,AIDD_Results trypanosoma scaffold 1,0,Xr-,
,677,23962,false,false,false,255 255 255 255,false,,,,,,,0,0.5,0.5,c1cc(=O)cc(S2=O)n1CN(C(=O)C)c(c23)n(c(Br)c3)Cc4cnc[nH]4,AIDD_Results trypanosoma scaffold 1,AIDD_Results trypanosoma scaffold 1,0,Xr-,
,678,23990,false,false,false,255 255 255 255,false,,,,,,,0,0.5,0.5,CC(=O)Nc(ccc1)c(c12)n3c(ncoc3=O)c2C[C@H](C45)CN(CO5)CC4,AIDD_Results trypanosoma scaffold 1,AIDD_Results trypanosoma scaffold 1,0,Xr-,
,679,23998,false,false,false,255 255 255 255,false,,,,,,,0,0.5,0.5,o1cnnc1-c(c2)ccc(c23)CC(=O)n4c3nncc4=O,AIDD_Results trypanosoma scaffold 1,AIDD_Results trypanosoma scaffold 1,0,Xm+,
,680,24015,false,false,false,255 255 255 255,false,,,,,,,0,0.5,0.5,C1CN(CC2)C[C@@H](C12)Cc3c(C=CC(C4)O)n4c(c35)[nH]cc5,AIDD_Results trypanosoma scaffold 1,AIDD_Results trypanosoma scaffold 1,0,Xr-,
,681,24081,false,false,false,255 255 255 255,false,,,,,,,0,0.5,0.5,c1c(F)n(C)c(c12)N3C4C(COC4N)CC3c5c(S2=O)cc(=O)[nH]c5,AIDD_Results trypanosoma scaffold 1,AIDD_Results trypanosoma scaffold 1,0,Xr-,
,682,24098,false,false,false,255 255 255 255,false,,,,,,,0,0.5,0.5,C1CN(CO2)C(C(C12)C(=O)O)Cc(c(C(F)(F)F)cc3F)c(c34)N=CCCC4=O,AIDD_Results trypanosoma scaffold 1,AIDD_Results trypanosoma scaffold 1,0,Xr-,
,683,24116,false,false,false,255 255 255 255,false,,,,,,,0,0.5,0.5,c1cc(=S)n(C(=O)O)c(c12)N(C=CS2)CC(CC34)N(C(C4)O)C(C3)C5CCCO5,AIDD_Results trypanosoma scaffold 1,AIDD_Results trypanosoma scaffold 1,0,Xr-,
,684,24197,false,false,false,255 255 255 255,false,,,,,,,0,0.5,0.5,C1CN(CC2)C[C@@H](C12)C(C)c3c(N=CCOC4=O)n4c(c35)c(=O)cc[nH]5,AIDD_Results trypanosoma scaffold 1,AIDD_Results trypanosoma scaffold 1,0,Xr-,
,685,24228,false,false,false,255 255 255 255,false,,,,,,,0,0.5,0.5,C1=CN=CN(C2=O)C1N(C(=O)C3C(C)NCO3)c(c4F)c2cc(c45)ocn5,AIDD_Results trypanosoma scaffold 1,AIDD_Results trypanosoma scaffold 1,0,Xr+,
,686,24242,false,false,false,255 255 255 255,false,,,,,,,0,0.5,0.5,C1CN(CC2)C[C@@H](C12)C(O)c3c(N=CC(=O)OC4)n4c(c35)cccc5F,AIDD_Results trypanosoma scaffold 1,AIDD_Results trypanosoma scaffold 1,0,Xr-,
,687,24296,false,false,false,255 255 255 255,false,,,,,,,0,0.5,0.5,C1CN(CS2)C[C@@H](C12)C(C#N)N3C=CSC=C3c(ccc4)cc4C(=O)O,AIDD_Results trypanosoma scaffold 1,AIDD_Results trypanosoma scaffold 1,0,Xm+,
,688,24303,false,false,false,255 255 255 255,false,,,,,,,0,0.5,0.5,n1ocnc1CC(=O)/C=C/2CCCN(C23)C(=O)C(C3)C(CC45)N(CC4)CC5,AIDD_Results trypanosoma scaffold 1,AIDD_Results trypanosoma scaffold 1,0,Xr-,
,689,24337,false,false,false,255 255 255 255,false,,,,,,,0,0.5,0.5,CN(C)CCCN1C(=CC(C)CC=2C)C2S(=O)c3n1c(=O)cc(c34)CNC4,AIDD_Results trypanosoma scaffold 1,AIDD_Results trypanosoma scaffold 1,0,Xm+,
,690,24358,false,false,false,255 255 255 255,false,,,,,,,0,0.5,0.5,[nH]1cnc(C2)c1Cc(c3)n2c(c34)N(C(=O)C)CC5C(S4=O)=CC(=O)CC5C(C)O,AIDD_Results trypanosoma scaffold 1,AIDD_Results trypanosoma scaffold 1,0,Xr+,
,691,24485,false,false,false,255 255 255 255,false,,,,,,,0,0.5,0.5,C1CN(CC2)CC(\C12)=C\C3C(N=COC4=O)N4c(c35)ccc(c5)CC(O)CC,AIDD_Results trypanosoma scaffold 1,AIDD_Results trypanosoma scaffold 1,0,Xr-,
,692,24501,false,false,false,255 255 255 255,false,,,,,,,0,0.5,0.5,C1CN(CC2)C[C@@H](C12)C(c3ncon3)C(C=C4)C(C45)CC(F)C5=O,AIDD_Results trypanosoma scaffold 1,AIDD_Results trypanosoma scaffold 1,0,Xr-,
,693,24566,false,false,false,255 255 255 255,false,,,,,,,0,0.5,0.5,C1CN(CC2)C[C@@H](C12)CN3C=CCc(c34)oc(=O)cc4,AIDD_Results trypanosoma scaffold 1,AIDD_Results trypanosoma scaffold 1,0,Xm-,
,694,24666,false,false,false,255 255 255 255,false,,,,,,,0,0.5,0.5,C1CN(CC2)C[C@@H](C12)C(F)c3c(N=COC(=O)C4)n4c(c35)coc(=O)c5C,AIDD_Results trypanosoma scaffold 1,AIDD_Results trypanosoma scaffold 1,0,Xr-,
,695,24739,false,false,false,255 255 255 255,false,,,,,,,0,0.5,0.5,C1CN(CC2)C[C@@H](C12)C(C(=O)N)C3C(N=COC4=O)N4c(c35)ccc(Cl)c5,AIDD_Results trypanosoma scaffold 1,AIDD_Results trypanosoma scaffold 1,0,Xr-,
,696,24895,false,false,false,255 255 255 255,false,,,,,,,0,0.5,0.5,C1=CCSC(=C12)CC(C#N)C(=O)C2/C=C(\C34)CN(CC3F)C(C4)C(C5=O)CCC5,AIDD_Results trypanosoma scaffold 1,AIDD_Results trypanosoma scaffold 1,0,Xr-,
,697,25037,false,false,false,255 255 255 255,false,,,,,,,0,0.5,0.5,C1CN(CO2)C(CC12)c3c(-c4ccco4)[nH]c(c35)C(=O)COC=N5,AIDD_Results trypanosoma scaffold 1,AIDD_Results trypanosoma scaffold 1,0,Xr-,
,698,25231,false,false,false,255 255 255 255,false,,,,,,,0,0.5,0.5,N1=COC(=O)N2C1C(n(c23)c(=O)c(cn3)C(=O)C)C[C@H](C45)CN(CC4)CC5,AIDD_Results trypanosoma scaffold 1,AIDD_Results trypanosoma scaffold 1,0,Xr-,
,699,25233,false,false,false,255 255 255 255,false,,,,,,,0,0.5,0.5,C1CN(CC2)C(CO)[C@@H](C12)Cn(c(c34)N=C(C#N)C(=O)CO4)c(c3)-c5ccoc5,AIDD_Results trypanosoma scaffold 1,AIDD_Results trypanosoma scaffold 1,0,Xr-,
,700,25249,false,false,false,255 255 255 255,false,,,,,,,0,0.5,0.5,c1c(F)n(C)c(c12)N3C4C(COC4N)CC3c5c(S2=O)ccc(=O)[nH]5,AIDD_Results trypanosoma scaffold 1,AIDD_Results trypanosoma scaffold 1,0,Xr-,
,701,25258,false,false,false,255 255 255 255,false,,,,,,,0,0.5,0.5,FC1CN(CC2)C[C@@H](C12)Cc(c(c34)N=CC3=O)c5c(c4F)C(=O)CN5,AIDD_Results trypanosoma scaffold 1,AIDD_Results trypanosoma scaffold 1,0,Xr-,
,702,25295,false,false,false,255 255 255 255,false,,,,,,,0,0.5,0.5,C1CN(CC2)CC(\C12)=C(F)\n(c3cc(C#N)cc4)c(c5c34)N=COC5NC(=O)C,AIDD_Results trypanosoma scaffold 1,AIDD_Results trypanosoma scaffold 1,0,Xr-,
,703,25354,false,false,false,255 255 255 255,false,,,,,,,0,0.5,0.5,C1CCC(C1=O)c2cccc(c23)N(C(C4N)CC(F)C4)Cn5c(S3=O)cc(=O)cc5,AIDD_Results trypanosoma scaffold 1,AIDD_Results trypanosoma scaffold 1,0,Xr-,
,704,25405,false,false,false,255 255 255 255,false,,,,,,,0.5005,0,0.5005,N#Cc1ccc(=O)n(c12)C(=O)c3n(c(=O)cc(n3)C)C2C(C)CC(O)NC,AIDD_Results trypanosoma scaffold 1,AIDD_Results trypanosoma scaffold 1,0,ch,
,705,25418,false,false,false,255 255 255 255,false,,,,,,,0,0.5,0.5,c1c(=O)scc(c12)CC(C#N)C(=O)C2/C=C(\C34)CN(CC4)C(C3F)C5C=COC5,AIDD_Results trypanosoma scaffold 1,AIDD_Results trypanosoma scaffold 1,0,Xr-,
,706,25467,false,false,false,255 255 255 255,false,,,,,,,0,0.5,0.5,C1C(=O)C=C(CF)N=C(C2=O)N1N(C)C(=C23)CCc4c3ccc(=O)o4,AIDD_Results trypanosoma scaffold 1,AIDD_Results trypanosoma scaffold 1,0,Xr-,
,707,14946,false,false,false,255 255 255 255,false,,,,,,,0,0.502443,0.502443,CN(C1)CC1CC2N(C(=O)C(F)OC3)C3Cc(c24)ccnc4,AIDD_Results trypanosoma scaffold 1,AIDD_Results trypanosoma scaffold 1,0,Xm,
,708,24620,false,false,false,255 255 255 255,false,,,,,,,0,0.5,0.504726,O1CC(=O)C(C#N)=Nc(c12)n(cc2F)C3([C@H](C45)C(C)N(CC4)CC5)CCCCC3,AIDD_Results trypanosoma scaffold 1,AIDD_Results trypanosoma scaffold 1,0,Xr-; 3A4,
,709,8938,false,false,false,255 255 255 255,false,,,,,,,0,0.50621,0.50621,c1c(=O)occ(c12)n3c(ncoc3=O)c2C(C45)CN(CC4)CC5,AIDD_Results trypanosoma scaffold 1,AIDD_Results trypanosoma scaffold 1,0,hERG; Xr-,
,710,18028,false,false,false,255 255 255 255,false,,,,,,,0,0.508045,0.508045,c1cc(C#N)cc2n(c(c3c12)N=COC3)/C(F)=C(\C45)CN(CC4)CC5,AIDD_Results trypanosoma scaffold 1,AIDD_Results trypanosoma scaffold 1,0,Xr-; Xm,
,711,17263,false,false,false,255 255 255 255,false,,,,,,,0,0.508703,0.508703,c1cc(C(=O)N)cc(N2C=O)c1SC(=C23)N=CC(=C\Br)\C3=O,AIDD_Results trypanosoma scaffold 1,AIDD_Results trypanosoma scaffold 1,0,Xr,
,712,19830,false,false,false,255 255 255 255,false,,,,,,,0,0.0459911,0.508893,CC(=O)n(c1=O)cnc2c1cc(CC3=CCNCC3)c(c24)cccc4C=N,AIDD_Results trypanosoma scaffold 1,AIDD_Results trypanosoma scaffold 1,0,Vd; Xm,
,713,5963,false,false,false,255 255 255 255,false,,,,,,,0.51,0,0.51,N#Cc1cc(C(=O)C)cc(N2S(=O)(=O)C)c1Sc(c23)ncn(c3=O)C(=O)C,AIDD_Results trypanosoma scaffold 1,AIDD_Results trypanosoma scaffold 1,0,ch,
,714,5655,false,false,false,255 255 255 255,false,,,,,,,0.513,0,0.513,CC(=O)c(cc1)cc(N2C(C)=N)c1S(=O)(=O)c(c23)ncn(c3=O)C(=O)C,AIDD_Results trypanosoma scaffold 1,AIDD_Results trypanosoma scaffold 1,0,ch,
,715,17269,false,false,false,255 255 255 255,false,,,,,,,0.513,0,0.513,N=Cc1cc(C(=O)C)cc(N2S(=O)(=O)C)c1Sc(c23)ncn(c3=O)C(=O)C,AIDD_Results trypanosoma scaffold 1,AIDD_Results trypanosoma scaffold 1,0,ch,
,716,4398,false,false,false,255 255 255 255,false,,,,,,,0,0,0.515096,CC(=O)CN1c(cccc2)c2Oc(c13)ccc(Cl)c3C(=O)O,AIDD_Results trypanosoma scaffold 1,AIDD_Results trypanosoma scaffold 1,0,fu,
,717,15402,false,false,false,255 255 255 255,false,,,,,,,0.515856,0,0.515856,FC(F)(F)c1cccc(c12)S(=O)(=O)C3N(C(=O)CC(C)C3)N2C(C)C4C(CC)NCC4,AIDD_Results trypanosoma scaffold 1,AIDD_Results trypanosoma scaffold 1,0,Size; ch,
,718,5755,false,false,false,255 255 255 255,false,,,,,,,0,0,0.518363,c1cn(C(=O)O)c(c12)N(S(=O)(=O)C)c3c(S2)ccc(C(F)(F)F)c3,AIDD_Results trypanosoma scaffold 1,AIDD_Results trypanosoma scaffold 1,0,fu,
,719,8127,false,false,false,255 255 255 255,false,,,,,,,0,0,0.518562,O=C(O)c1ccc(F)c(c12)Sc3c(N2)ccc(c3)C(=O)O,AIDD_Results trypanosoma scaffold 1,AIDD_Results trypanosoma scaffold 1,0,fu,
,720,16881,false,false,false,255 255 255 255,false,,,,,,,0.160998,0.359351,0.520349,CN(C)C(=O)C(N)CN1Cc(c(C)c(=O)[nH]c2)c2S(=O)c(c13)[nH]c(CC)c3C,AIDD_Results trypanosoma scaffold 1,AIDD_Results trypanosoma scaffold 1,0,HBD; Xr,
,721,19116,false,false,false,255 255 255 255,false,,,,,,,0,0,0.520235,OC1CC=CCc(c12)cc(cc2)[C@H](C34)CN(CC3)CC4,AIDD_Results trypanosoma scaffold 1,AIDD_Results trypanosoma scaffold 1,0,2D6,
,722,13978,false,false,false,255 255 255 255,false,,,,,,,0,0.5,0.525587,C1NC(C)CC1Cn2c(c(C)c(C)c(C#N)c3=O)n3c(=O)c4c2ccc(c45)NCO5,AIDD_Results trypanosoma scaffold 1,AIDD_Results trypanosoma scaffold 1,0,Xr-; 2D6,
,723,14287,false,false,false,255 255 255 255,false,,,,,,,0.0258303,0.5,0.52583,NCC(=O)NC1CN(CC2)C[C@@H](C12)CC3=C(F)CSC(C34)CCC(C4)NC(=O)C,AIDD_Results trypanosoma scaffold 1,AIDD_Results trypanosoma scaffold 1,0,HBD; Xm+,
,724,14006,false,false,false,255 255 255 255,false,,,,,,,0,0.527072,0.527072,N#CC(=N1)C(=O)CSc(c12)cn(c2)CC(C34)=C(C)N(CC3)CC4,AIDD_Results trypanosoma scaffold 1,AIDD_Results trypanosoma scaffold 1,0,hERG; Xm+,
,725,22088,false,false,false,255 255 255 255,false,,,,,,,0.0269846,0.5,0.526985,CC(C12)CN(CN2)C(C1)c3c(N=CC=CC4)n4c(c35)C(=O)C(Br)=CS5(=O)=O,AIDD_Results trypanosoma scaffold 1,AIDD_Results trypanosoma scaffold 1,0,Size; Xr-,
,726,4683,false,false,false,255 255 255 255,false,,,,,,,0.0296095,0.5,0.529609,NCC(=O)NC1CN(CC2)C[C@@H](C12)CC3CCSc(c34)cc(cc4)NC(=O)C,AIDD_Results trypanosoma scaffold 1,AIDD_Results trypanosoma scaffold 1,0,HBD; Xm+,
,727,16475,false,false,false,255 255 255 255,false,,,,,,,0,0,0.529849,O1CN(C)CC1(O)CC(=O)N(c(c23)cc(Br)cc2)n4c(C3)nccc4=O,AIDD_Results trypanosoma scaffold 1,AIDD_Results trypanosoma scaffold 1,0,2C9,
,728,16645,false,false,false,255 255 255 255,false,,,,,,,0,0,0.532673,CC(C)C(=O)N1c(cccc2)c2Oc(c13)ccc(Cl)c3C(=O)O,AIDD_Results trypanosoma scaffold 1,AIDD_Results trypanosoma scaffold 1,0,fu,
,729,21374,false,false,false,255 255 255 255,false,,,,,,,0,0,0.5361,C1CCc2n(C)c(c3c12)NCC4C(S3=O)=CC(=O)CC4,AIDD_Results trypanosoma scaffold 1,AIDD_Results trypanosoma scaffold 1,0,2C19,
,730,24423,false,false,false,255 255 255 255,false,,,,,,,0.0385,0.5,0.5385,C1N=CN(S(=O)(=O)C)c2n([C@H](C34)C(C#N)N(CC3)CC4)c(c5c12)c(=O)ccn5C=O,AIDD_Results trypanosoma scaffold 1,AIDD_Results trypanosoma scaffold 1,0,ch; Xr-,
,731,8175,false,false,false,255 255 255 255,false,,,,,,,0.0434063,0.5,0.543406,NCC(=O)NC1CN(CC2)C[C@@H](C12)CC3C(F)CSC(C34)CCC(C4)NC(=O)C,AIDD_Results trypanosoma scaffold 1,AIDD_Results trypanosoma scaffold 1,0,HBD; ch; Xm+,
,732,18523,false,false,false,255 255 255 255,false,,,,,,,0,0.5,0.543759,CC(=O)Nc1cccc(c12)c(F)c3c(N=COCC3)c2[C@H](C45)CN(C5)CC4O,AIDD_Results trypanosoma scaffold 1,AIDD_Results trypanosoma scaffold 1,0,Xr-; 2C9,
,733,18433,false,false,false,255 255 255 255,false,,,,,,,0,0.5,0.54509,O=C(O)c1cccc(c12)SCN2[C@H](C34)CN(CC3)C(O4)c5ccoc5,AIDD_Results trypanosoma scaffold 1,AIDD_Results trypanosoma scaffold 1,0,Xr-; 2C19,
,734,24955,false,false,false,255 255 255 255,false,,,,,,,0,0.0464453,0.546445,C1CCCN(C12)CCCC2,AIDD_Results trypanosoma scaffold 1,AIDD_Results trypanosoma scaffold 1,0,rat; CL-,
,735,11665,false,false,false,255 255 255 255,false,,,,,,,0.547291,0,0.547291,C1CN(CC2)C(CC12)CCN3C=CS(=O)(=O)c(c34)c[nH]c(=O)c4,AIDD_Results trypanosoma scaffold 1,AIDD_Results trypanosoma scaffold 1,0,Peff,
,736,5402,false,false,false,255 255 255 255,false,,,,,,,0.05,0.5,0.55,N1CCCC1C(CC2)CC(N3CCCN(C)C)C2S(=O)(=O)C(C34)CCC(Cl)=C4,AIDD_Results trypanosoma scaffold 1,AIDD_Results trypanosoma scaffold 1,0,Size; Xm+,
,737,18261,false,false,false,255 255 255 255,false,,,,,,,0.05,0.5,0.55,N1CCCC1C(CC2)CC(N3CCCN(C)C)C2S(=O)(=O)C(C34)CCC=C4Cl,AIDD_Results trypanosoma scaffold 1,AIDD_Results trypanosoma scaffold 1,0,Size; Xm+,
,738,21378,false,false,false,255 255 255 255,false,,,,,,,0,0.5,0.556908,O=C(O)c1ccc(O)c(c12)SC(c3cccnc3)=CCN2CC(C45F)N(CC4)CC5,AIDD_Results trypanosoma scaffold 1,AIDD_Results trypanosoma scaffold 1,0,Xr-; 3A4,
,739,14842,false,false,false,255 255 255 255,false,,,,,,,0,0.213898,0.558804,c1cccc2cc(C(=O)C)c(c3c12)N(C=O)c4c(S3)ncn(c4=O)C(=O)C,AIDD_Results trypanosoma scaffold 1,AIDD_Results trypanosoma scaffold 1,0,Xm; 1A2,
,740,13805,false,false,false,255 255 255 255,false,,,,,,,0.0601246,0.5,0.560125,Cc(c1)c(Cl)n(c12)S(=O)(=O)C3=C(N2CCCN(C)C)C(=O)CCC3C4=CCNCC4,AIDD_Results trypanosoma scaffold 1,AIDD_Results trypanosoma scaffold 1,0,Size; Xm-,
,741,14507,false,false,false,255 255 255 255,false,,,,,,,0.0601246,0.5,0.560125,Cc(c1)c(Cl)n(c12)S(=O)(=O)C3=C(N2CCCN(C)C)C(=O)CC(C3)C4=CCNCC4,AIDD_Results trypanosoma scaffold 1,AIDD_Results trypanosoma scaffold 1,0,Size; Xm-,
,742,25464,false,false,false,255 255 255 255,false,,,,,,,0.0601246,0.5,0.560125,CN(C)CCCN(c(c12)cn(C)c1Cl)C3=C(S2(=O)=O)C(CCC3=O)C4=CCNCC4,AIDD_Results trypanosoma scaffold 1,AIDD_Results trypanosoma scaffold 1,0,Size; Xm-,
,743,10142,false,false,false,255 255 255 255,false,,,,,,,0,0,0.563639,CC(=O)CN1c(cccc2)c2Nc(c13)cc(Cl)cc3C(=O)O,AIDD_Results trypanosoma scaffold 1,AIDD_Results trypanosoma scaffold 1,0,fu,
,744,9698,false,false,false,255 255 255 255,false,,,,,,,0,0.5,0.570565,C1CN(CC2)C[C@@H](C12)Cc3cccc(c34)C(O)C(N)CC4,AIDD_Results trypanosoma scaffold 1,AIDD_Results trypanosoma scaffold 1,0,Xm+; 2D6,
,745,20506,false,false,false,255 255 255 255,false,,,,,,,0.570641,0,0.570641,NC(=O)Cn(cc1Br)c(c12)NCc3c(S2=O)c(c(=O)[nH]c3)C(C4=O)CCC4,AIDD_Results trypanosoma scaffold 1,AIDD_Results trypanosoma scaffold 1,0,Size; HBD; ch,
,746,21684,false,false,false,255 255 255 255,false,,,,,,,0,0.570604,0.570604,FCC(=O)N(CC1)C2C=1Sc(c23)ncn(c3=O)C(=O)CN,AIDD_Results trypanosoma scaffold 1,AIDD_Results trypanosoma scaffold 1,0,Xr; Xm,
,747,19391,false,false,false,255 255 255 255,false,,,,,,,0.571695,0,0.571695,NC(=O)Cn(c(Br)c1)c(c12)NCc3c(S2=O)c(c(=O)[nH]c3)C(C4=O)CCC4,AIDD_Results trypanosoma scaffold 1,AIDD_Results trypanosoma scaffold 1,0,Size; HBD; ch,
,748,2708,false,false,false,255 255 255 255,false,,,,,,,0,0,0.57275,n1coc(c12)c(C(=O)C)c(O)c3c2Sc4c(N3C(=O)C)nc(C(=O)C)cc4,AIDD_Results trypanosoma scaffold 1,AIDD_Results trypanosoma scaffold 1,0,fu,
,749,24045,false,false,false,255 255 255 255,false,,,,,,,0,0,0.572507,COCC(=O)c(c1F)c(N)c(C[C@H](C23)CN(CC2F)CC3)c(c14)N=CCC4O,AIDD_Results trypanosoma scaffold 1,AIDD_Results trypanosoma scaffold 1,0,1A2,
,750,20923,false,false,false,255 255 255 255,false,,,,,,,0,0,0.577462,FCC(=O)C(C1=O)=CC(C1=2)N(C(=O)C)c3c(SC2)ncn(c3=O)C(=O)C,AIDD_Results trypanosoma scaffold 1,AIDD_Results trypanosoma scaffold 1,0,1A2,
,751,17821,false,false,false,255 255 255 255,false,,,,,,,0.231652,0,0.579571,CC(=O)C1CC(NC(=O)C)C(C12)Sc3c(N2)c(=O)n(cn3)C(=O)CC4=CCNCC4,AIDD_Results trypanosoma scaffold 1,AIDD_Results trypanosoma scaffold 1,0,ch; Peff; 3A4,
,752,18641,false,false,false,255 255 255 255,false,,,,,,,0.08,0.5,0.58,N#CCC(=O)c(cc1C=N)cc2n(C)c(c3c12)c(=O)n(cn3)C(=O)CC,AIDD_Results trypanosoma scaffold 1,AIDD_Results trypanosoma scaffold 1,0,ch; Xr-,
,753,23981,false,false,false,255 255 255 255,false,,,,,,,0.08,0.5,0.58,N#CCC(=O)c(cc1C=N)cc2n(C)c(c3c12)c(=O)n(cn3)C(=O)C,AIDD_Results trypanosoma scaffold 1,AIDD_Results trypanosoma scaffold 1,0,ch; Xr-,
,754,20236,false,false,false,255 255 255 255,false,,,,,,,0,0.585275,0.585275,C1CN(CC2)C[C@@H](C12)C(S3=O)Oc(c34)cccc4Sc5cc(=O)[nH]cc5,AIDD_Results trypanosoma scaffold 1,AIDD_Results trypanosoma scaffold 1,0,Xr-; Xm,
,755,20587,false,false,false,255 255 255 255,false,,,,,,,0,0.58623,0.58623,N#Cc1c(=O)occ(c12)n3c(ncoc3=O)c2C(C45)CN(CC4)CC5,AIDD_Results trypanosoma scaffold 1,AIDD_Results trypanosoma scaffold 1,0,hERG; Xr-,
,756,13245,false,false,false,255 255 255 255,false,,,,,,,0,0.587052,0.587052,C1CN(CC2)C[C@@H](C12)CC(c(c34)cccc4)C5C3=CC(=O)OC5,AIDD_Results trypanosoma scaffold 1,AIDD_Results trypanosoma scaffold 1,0,rat; Xr-,
,757,24525,false,false,false,255 255 255 255,false,,,,,,,0,0.588095,0.588095,C1CN(CC2)C[C@@H](C12)Cc(c(c34)oc(=O)[nH]4)n5c3C(O)CC=C5,AIDD_Results trypanosoma scaffold 1,AIDD_Results trypanosoma scaffold 1,0,rat; Xr-,
,758,18302,false,false,false,255 255 255 255,false,,,,,,,0,0,0.589557,O=C(O)n1ccc(S2)c1N(S(=O)(=O)C)c(c3)c2cc(c34)occ4,AIDD_Results trypanosoma scaffold 1,AIDD_Results trypanosoma scaffold 1,0,fu,
,759,1463,false,false,false,255 255 255 255,false,,,,,,,0,0,0.591474,CCCC(=O)N1c(cccc2)c2Oc(c13)ccc(Cl)c3C(=O)O,AIDD_Results trypanosoma scaffold 1,AIDD_Results trypanosoma scaffold 1,0,fu,
,760,12857,false,false,false,255 255 255 255,false,,,,,,,0,0.5,0.590707,O=c1cc[nH]c(c12)N(C3CCN(C)CS3)c4c(S2)ccc(Cl)c4,AIDD_Results trypanosoma scaffold 1,AIDD_Results trypanosoma scaffold 1,0,Xm-; 2C9,
,761,12896,false,false,false,255 255 255 255,false,,,,,,,0.316389,0.274562,0.590951,CN(C)C(=O)C(N)CN1Cc(c(C)c(=O)[nH]c2)c2S(=O)c(c13)[nH]c(C)c3,AIDD_Results trypanosoma scaffold 1,AIDD_Results trypanosoma scaffold 1,0,HBD; Peff; Xr,
,762,23423,false,false,false,255 255 255 255,false,,,,,,,0,0,0.595897,CCC(=O)n(cc1)c(N)c1C[C@H](C23)CN(CO3)CC2,AIDD_Results trypanosoma scaffold 1,AIDD_Results trypanosoma scaffold 1,0,2D6,
,763,17882,false,false,false,255 255 255 255,false,,,,,,,0,0.5,0.603465,O=C1COC=Nc(c2C(CC34)N(C4)CC3)c1c(F)c(c25)cccc5,AIDD_Results trypanosoma scaffold 1,AIDD_Results trypanosoma scaffold 1,0,Vd; Xr-,
,764,6517,false,false,false,255 255 255 255,false,,,,,,,0,0,0.604136,CC(=O)c(c1O)ccc(c12)SC(\CN2C(=O)C)=C\C(C(=O)O)Cc3ccccc3,AIDD_Results trypanosoma scaffold 1,AIDD_Results trypanosoma scaffold 1,0,fu,
,765,23620,false,false,false,255 255 255 255,false,,,,,,,0.00166255,0.5,0.604779,O1CN(C)CC1(O)CC(=O)N2c(cccn3)c3Cc4c2cc(O)c(c45)ocn5,AIDD_Results trypanosoma scaffold 1,AIDD_Results trypanosoma scaffold 1,0,HBA; Xr-; 2C9,
,766,14436,false,false,false,255 255 255 255,false,,,,,,,0.107,0.5,0.607,CC(=O)n(cn1)c(=O)c(N2C(C)=N)c1Sc(cc3C(=O)N)c2c(c34)cccc4,AIDD_Results trypanosoma scaffold 1,AIDD_Results trypanosoma scaffold 1,0,ch; Xm+,
,767,11805,false,false,false,255 255 255 255,false,,,,,,,0,0,0.610455,C1CN(CC2)C[C@@H](C12)Cn(cc3)c(c34)c(S(=O)C)ccc4,AIDD_Results trypanosoma scaffold 1,AIDD_Results trypanosoma scaffold 1,0,2C19,
,768,14951,false,false,false,255 255 255 255,false,,,,,,,0.110968,0.5,0.610968,c1cc(=S)n(C(=O)O)c(c12)N(C=CS2)C[C@H](C34)CN(CC3F)C(C4)C(C5F)OCC5,AIDD_Results trypanosoma scaffold 1,AIDD_Results trypanosoma scaffold 1,0,Size; Xr-,
,769,8410,false,false,false,255 255 255 255,false,,,,,,,0,0.5,0.611642,CC(=O)c(c1=O)cc(c12)n(C(=O)C)c3c(s2)ncn(c3=O)C(=O)C,AIDD_Results trypanosoma scaffold 1,AIDD_Results trypanosoma scaffold 1,0,Xm-; 1A2,
,770,3172,false,false,false,255 255 255 255,false,,,,,,,0,0,0.613341,n1coc(c12)c(C(=O)C)c(O)c3c2Sc4c(N3C(=O)C)nc(C(=O)C)c(C)c4,AIDD_Results trypanosoma scaffold 1,AIDD_Results trypanosoma scaffold 1,0,fu,
,771,14030,false,false,false,255 255 255 255,false,,,,,,,0,0,0.615101,C1CN(CC2)C[C@@H](C12)Cn(cc3)c(c34)CC=COC4=O,AIDD_Results trypanosoma scaffold 1,AIDD_Results trypanosoma scaffold 1,0,2D6,
,772,17894,false,false,false,255 255 255 255,false,,,,,,,0,0.616034,0.616034,C1NC(C)CC1CN2N(CC(=O)C(C)=CN3)C=3C(=O)C4C2CCc(c45)cccc5,AIDD_Results trypanosoma scaffold 1,AIDD_Results trypanosoma scaffold 1,0,rat; Xr-,
,773,2563,false,false,false,255 255 255 255,false,,,,,,,0.617192,0,0.617192,c1cccc(S(=O)(=O)N)c1Cc2c(c(=O)cc[nH]2)N[C@H](C34)CN(CC3)CC4,AIDD_Results trypanosoma scaffold 1,AIDD_Results trypanosoma scaffold 1,0,HBD; Peff,
,774,13935,false,false,false,255 255 255 255,false,,,,,,,0,0.619927,0.619927,CN(C1)CC1CC(c(c23)nccc2)N4C(C3)COC(F)C4=O,AIDD_Results trypanosoma scaffold 1,AIDD_Results trypanosoma scaffold 1,0,Xm,
,775,22277,false,false,false,255 255 255 255,false,,,,,,,0.1195,0.5,0.6195,c1occc1CC(=O)c(cc(c2)C=N)c(c23)n(C)c(c3N)C(=O)N(C(=O)C)CC,AIDD_Results trypanosoma scaffold 1,AIDD_Results trypanosoma scaffold 1,0,ch; Xm-,
,776,24949,false,false,false,255 255 255 255,false,,,,,,,0,0.532365,0.619943,O=C1COC=Nc(c2C(CC34C)N(C4)CC3)c1c(F)c(c25)cccc5,AIDD_Results trypanosoma scaffold 1,AIDD_Results trypanosoma scaffold 1,0,Vd; hERG; Xr-,
,777,9253,false,false,false,255 255 255 255,false,,,,,,,0,0.5,0.62057,c1ccccc1C(=O)c2ccc(cc2)S/C=C/S(=O)(=O)C[C@H](C34)CN(CC3)CC4,AIDD_Results trypanosoma scaffold 1,AIDD_Results trypanosoma scaffold 1,0,Vd; Xm+,
,778,11809,false,false,false,255 255 255 255,false,,,,,,,0.6215,0,0.6215,CC(=O)CC(=O)C(=C(C)N1C(=O)C)Sc(c12)ncn(c2=O)C(=O)CN,AIDD_Results trypanosoma scaffold 1,AIDD_Results trypanosoma scaffold 1,0,ch,
,779,13392,false,false,false,255 255 255 255,false,,,,,,,0.6215,0,0.6215,CC(=O)CC(=O)C(=C(C)N1C(=O)C)CSc(c12)ncn(c2=O)C(=O)CN,AIDD_Results trypanosoma scaffold 1,AIDD_Results trypanosoma scaffold 1,0,ch,
,780,14541,false,false,false,255 255 255 255,false,,,,,,,0.6215,0,0.6215,CCC(=O)N1C(C)=C(C(=O)CC(=O)C)CSc(c12)ncn(c2=O)C(=O)CN,AIDD_Results trypanosoma scaffold 1,AIDD_Results trypanosoma scaffold 1,0,ch,
,781,16797,false,false,false,255 255 255 255,false,,,,,,,0.6215,0,0.6215,Nc1cc(C(=O)C)cc(N2C=O)c1Sc(c23)nc(n(c3=O)C(=O)C)C(C4=O)CCC4,AIDD_Results trypanosoma scaffold 1,AIDD_Results trypanosoma scaffold 1,0,ch,
,782,18568,false,false,false,255 255 255 255,false,,,,,,,0.622,0,0.622,CC(=O)CC(=O)C(=C(C)N1C(=O)C)Sc(c12)ncn(c2=O)C(=O)c3ncco3,AIDD_Results trypanosoma scaffold 1,AIDD_Results trypanosoma scaffold 1,0,ch,
,783,15073,false,false,false,255 255 255 255,false,,,,,,,0.623299,0,0.623299,[O-][N+](=O)c1cc(C(=O)N)cc(c12)CCCN2CC(C=N)[C@H](C34)CN(CC3)CC4,AIDD_Results trypanosoma scaffold 1,AIDD_Results trypanosoma scaffold 1,0,Peff,
,784,8474,false,false,false,255 255 255 255,false,,,,,,,0.05,0.5,0.624258,CN(C)CCCN1C(C(CCC2)C3CCCN3)C2S(=O)(=O)C(C14)CCC(Cl)=C4,AIDD_Results trypanosoma scaffold 1,AIDD_Results trypanosoma scaffold 1,0,Size; Xm+; 3A4,
,785,24316,false,false,false,255 255 255 255,false,,,,,,,0,0,0.624453,N#Cc1cc(C)cc(c12)S(=O)c3c(oc(=O)cc3)CN2C(C4N)SCO4,AIDD_Results trypanosoma scaffold 1,AIDD_Results trypanosoma scaffold 1,0,2C19,
,786,24630,false,false,false,255 255 255 255,false,,,,,,,0.183634,0,0.62387,c1ccccc1C(=O)C(CC2C)N=CC2C[C@H](C34)C(C(=O)O)N(CC3)CC4,AIDD_Results trypanosoma scaffold 1,AIDD_Results trypanosoma scaffold 1,0,Peff; 3A4,
,787,18516,false,false,false,255 255 255 255,false,,,,,,,0,0.5,0.625209,C1CN(CC2)C(NC)[C@@H](C12)\C=C\C3C=CCC=C3,AIDD_Results trypanosoma scaffold 1,AIDD_Results trypanosoma scaffold 1,0,Xr-; 2D6,
,788,12556,false,false,false,255 255 255 255,false,,,,,,,0,0,0.626312,c1cn(C)c(c12)NC(c3c[nH]cn3)C4C(S2=O)=CC(=O)CC4,AIDD_Results trypanosoma scaffold 1,AIDD_Results trypanosoma scaffold 1,0,2C19,
,789,11464,false,false,false,255 255 255 255,false,,,,,,,0.128671,0.5,0.628671,NC(=O)c1oc(=N)cc(c12)SC=C(F)C2[C@H](C34)CN(C(C3)O)CC4,AIDD_Results trypanosoma scaffold 1,AIDD_Results trypanosoma scaffold 1,0,HBD; Xm+,
,790,22761,false,false,false,255 255 255 255,false,,,,,,,0.129446,0.5,0.629446,NC(=O)c1oc(=N)cc(c12)SC(F)=CC2[C@H](C34)CN(CC4)CC3O,AIDD_Results trypanosoma scaffold 1,AIDD_Results trypanosoma scaffold 1,0,HBD; Xm+,
,791,6790,false,false,false,255 255 255 255,false,,,,,,,0,0,0.630046,c1cc(=O)n(C(=O)C)c(c12)N(C=C(S2)C(=O)N)C[C@H](C34)CN(CC3)CC4,AIDD_Results trypanosoma scaffold 1,AIDD_Results trypanosoma scaffold 1,0,3A4,
,792,17544,false,false,false,255 255 255 255,false,,,,,,,0.131024,0.5,0.631024,CN(C)CCCN1c(c(=O)n(cn2)CN)c2S(=O)c(c13)cccc3N,AIDD_Results trypanosoma scaffold 1,AIDD_Results trypanosoma scaffold 1,0,HBD; Xm-,
,793,9601,false,false,false,255 255 255 255,false,,,,,,,0.131754,0.5,0.631754,NC(=O)c1oc(=N)cc(c12)SC=C(F)C2[C@H](C34)CN(CC4)CC3O,AIDD_Results trypanosoma scaffold 1,AIDD_Results trypanosoma scaffold 1,0,HBD; Xm+,
,794,11399,false,false,false,255 255 255 255,false,,,,,,,0.632279,0,0.632279,CC(=O)c(cc1)cc(S2(=O)=O)c1N(CC(=O)C)c(c3)c2cc(c34)OCC4CN,AIDD_Results trypanosoma scaffold 1,AIDD_Results trypanosoma scaffold 1,0,Peff,
,795,14585,false,false,false,255 255 255 255,false,,,,,,,0.132553,0.5,0.632553,c1c(=O)occ(c12)S(=O)(=O)N(C#N)C(=N)C2C[C@H](C34)CN(CC3F)CC4,AIDD_Results trypanosoma scaffold 1,AIDD_Results trypanosoma scaffold 1,0,HBA; Xr-,
,796,15649,false,false,false,255 255 255 255,false,,,,,,,0,0.5,0.633123,C1CN(CC2)C[C@@H](C12)Cn(c3c(S(=O)C)ccc4)c(c5c34)cccc5,AIDD_Results trypanosoma scaffold 1,AIDD_Results trypanosoma scaffold 1,0,Xr-; 2D6,
,797,18417,false,false,false,255 255 255 255,false,,,,,,,0,0,0.635978,CC(=O)NC(CC1)CC(O)n(c12)ccc2C[C@H](C34)CN(CC3)CC4,AIDD_Results trypanosoma scaffold 1,AIDD_Results trypanosoma scaffold 1,0,3A4,
,798,23452,false,false,false,255 255 255 255,false,,,,,,,0,0.5,0.637482,C1NC(=O)C=C2C1C(C#N)C(=C23)C(OC3)[C@H](C45)CN(CC4)CC5,AIDD_Results trypanosoma scaffold 1,AIDD_Results trypanosoma scaffold 1,0,Xr-; 2D6,
,799,18291,false,false,false,255 255 255 255,false,,,,,,,0,0.638862,0.638862,Cc(c1)[nH]c(S2=O)c1N(CC(N)C(=O)N(C)C)CC(=C23)C=C(C)C3=O,AIDD_Results trypanosoma scaffold 1,AIDD_Results trypanosoma scaffold 1,0,Xr,
,800,19464,false,false,false,255 255 255 255,false,,,,,,,0.141807,0.5,0.641807,N#CC1CC(C(O)CC)CC(C12C)NCC2CCN,AIDD_Results trypanosoma scaffold 1,AIDD_Results trypanosoma scaffold 1,0,HBD; Xm+,
,801,12866,false,false,false,255 255 255 255,false,,,,,,,0.14457,0.5,0.64457,O=C(O)C(C1)N(CS2)C[C@@H](C12)c3c(N=COCC4=O)c4cc(c35)cccc5,AIDD_Results trypanosoma scaffold 1,AIDD_Results trypanosoma scaffold 1,0,Peff; Xr-,
,802,17067,false,false,false,255 255 255 255,false,,,,,,,0,0.644983,0.644983,c1oc(=O)cc(c12)S(=O)(=O)C(C#N)=CC2S[C@H]3CN(CC4)CC(F)C34,AIDD_Results trypanosoma scaffold 1,AIDD_Results trypanosoma scaffold 1,0,Xm,
,803,11096,false,false,false,255 255 255 255,false,,,,,,,0.1465,0.5,0.6465,OCN(C)CCC(=O)N1N(CC(=O)C=CN2)C=2C(=O)c3c1c(F)cc(c34)nco4,AIDD_Results trypanosoma scaffold 1,AIDD_Results trypanosoma scaffold 1,0,ch; Xm+,
,804,14317,false,false,false,255 255 255 255,false,,,,,,,0,0.648853,0.648853,C1CN(CC2)C[C@@H](C12)Cc(ccc3)c(c4S(=O)C)c3cc(c45)nco5,AIDD_Results trypanosoma scaffold 1,AIDD_Results trypanosoma scaffold 1,0,hERG; Xr-,
,805,10288,false,false,false,255 255 255 255,false,,,,,,,0,0.653085,0.653085,NC(=O)c1oc(=O)cc(c12)SC(F)=CC2[C@H](C34)CN(CC4)CC3O,AIDD_Results trypanosoma scaffold 1,AIDD_Results trypanosoma scaffold 1,0,Xm,
,806,11321,false,false,false,255 255 255 255,false,,,,,,,0.654743,0,0.654743,O1CCN(C)CC1CN2c(sc(=O)cc3)c3Oc(c24)[nH]c(=O)cc4,AIDD_Results trypanosoma scaffold 1,AIDD_Results trypanosoma scaffold 1,0,Peff,
,807,23927,false,false,false,255 255 255 255,false,,,,,,,0,0.156239,0.656239,CC(C)(C12)CN(CC1)CC2,AIDD_Results trypanosoma scaffold 1,AIDD_Results trypanosoma scaffold 1,0,rat; CL-,
,808,6132,false,false,false,255 255 255 255,false,,,,,,,0,0.5,0.657465,O=C(O)c1cccc(c12)SC=CN2[C@H](C34)CN(CC3)C(O4)c5ccoc5,AIDD_Results trypanosoma scaffold 1,AIDD_Results trypanosoma scaffold 1,0,fu; Xr-,
,809,4557,false,false,false,255 255 255 255,false,,,,,,,0,0.5,0.656828,O=C(O)c1cccc(c12)SC=C(c3cnc[nH]3)N2C[C@H](C45F)CN(CC4)CC5,AIDD_Results trypanosoma scaffold 1,AIDD_Results trypanosoma scaffold 1,0,Xr-; 3A4,
,810,8341,false,false,false,255 255 255 255,false,,,,,,,0,0,0.656663,Oc1c(C(F)(F)F)cnc(c12)Sc3c([nH]ccc3=O)N2CCCN(C4)CCCC4=O,AIDD_Results trypanosoma scaffold 1,AIDD_Results trypanosoma scaffold 1,0,fu,
,811,24701,false,false,false,255 255 255 255,false,,,,,,,0,0,0.658378,CC(=O)Oc(c1)ccc(N2C(=O)C)c1Sc(c23)ccc(c3)C(=O)O,AIDD_Results trypanosoma scaffold 1,AIDD_Results trypanosoma scaffold 1,0,fu,
,812,22300,false,false,false,255 255 255 255,false,,,,,,,0,0,0.660605,C1CN(CC2)[C@@H](C12)CC3CCCC(O3)C4=CCC(=O)OC4,AIDD_Results trypanosoma scaffold 1,AIDD_Results trypanosoma scaffold 1,0,2D6; 3A4,
,813,13502,false,false,false,255 255 255 255,false,,,,,,,0,0.666142,0.666142,[nH]1c(=O)cc(SC)cc1C2=CS(=O)C(OC2)[C@H](C34)CN(CC3)CC4,AIDD_Results trypanosoma scaffold 1,AIDD_Results trypanosoma scaffold 1,0,Xm,
,814,17651,false,false,false,255 255 255 255,false,,,,,,,0.173,0.5,0.673,NC(=O)NC(C1)N(CC2)C[C@@H](C12F)CC3C=CC(=O)c(c4C)n3c(=O)c(c45)ocn5,AIDD_Results trypanosoma scaffold 1,AIDD_Results trypanosoma scaffold 1,0,ch; Xr+,
,815,19151,false,false,false,255 255 255 255,false,,,,,,,0,0,0.672688,O=c1cc[nH]c(c12)N(CC3CN(C)CO3)c4c(S2)nc(C)c(Cl)c4,AIDD_Results trypanosoma scaffold 1,AIDD_Results trypanosoma scaffold 1,0,2C9,
,816,14320,false,false,false,255 255 255 255,false,,,,,,,0.174,0.5,0.674,CCC(=O)c1ccc(CF)c(c12)S(=O)(=O)c3c(N2C(=O)C)c(=O)n(cn3)C(=O)C,AIDD_Results trypanosoma scaffold 1,AIDD_Results trypanosoma scaffold 1,0,ch; Xr-,
,817,20946,false,false,false,255 255 255 255,false,,,,,,,0,0,0.675224,o1ccnc1-c2cccc(N3CC(=O)C)c2OC(=C34)CCC(Cl)=C4C(=O)O,AIDD_Results trypanosoma scaffold 1,AIDD_Results trypanosoma scaffold 1,0,fu,
,818,10632,false,false,false,255 255 255 255,false,,,,,,,0.303128,0,0.676998,CC(=O)c(cc1)cc(c1c23)n(C(=O)C)c2[nH]c(c3)C(CN)CO,AIDD_Results trypanosoma scaffold 1,AIDD_Results trypanosoma scaffold 1,0,HBD; 2D6,
,819,10663,false,false,false,255 255 255 255,false,,,,,,,0,0.677295,0.677295,OCC(=O)c1cc(ccc1)C2=CN(C=CS2)C[C@H](C34F)CN(CC3)CC4,AIDD_Results trypanosoma scaffold 1,AIDD_Results trypanosoma scaffold 1,0,Xm,
,820,23816,false,false,false,255 255 255 255,false,,,,,,,0,0.679107,0.679107,C1CN(CC2)C[C@@H](C12)C(C)c3c(N=COC(=O)C4)n4c(c35)ncc(C)c5Cl,AIDD_Results trypanosoma scaffold 1,AIDD_Results trypanosoma scaffold 1,0,hERG; Xr-,
,821,25022,false,false,false,255 255 255 255,false,,,,,,,0.180072,0.5,0.680072,Cc(c1)[nH]c(c12)N3C4C(COC4N)CC3c5c(S2=O)c[nH]c(=O)c5,AIDD_Results trypanosoma scaffold 1,AIDD_Results trypanosoma scaffold 1,0,HBD; Xr-,
,822,9986,false,false,false,255 255 255 255,false,,,,,,,0.00347272,0.678236,0.681709,CC(=O)c(cc1)cc(c1c23)n(C(=O)C)c2c4c(nc[nH]4)c(c3)C(CF)CN,AIDD_Results trypanosoma scaffold 1,AIDD_Results trypanosoma scaffold 1,0,Sw; Xr; Xm,
,823,3964,false,false,false,255 255 255 255,false,,,,,,,0.685015,0,0.685015,N#Cc1cc(C(=O)C)cc2n(C)c(c3c12)cc(cn3)C(=O)C,AIDD_Results trypanosoma scaffold 1,AIDD_Results trypanosoma scaffold 1,0,Sw,
,824,18649,false,false,false,255 255 255 255,false,,,,,,,0,0,0.686331,CC(=O)N(CC1)C2C=1Sc(c23)ncn(c3=O)C(=O)C4CCCCN4,AIDD_Results trypanosoma scaffold 1,AIDD_Results trypanosoma scaffold 1,0,3A4,
,825,11311,false,false,false,255 255 255 255,false,,,,,,,0,0.686548,0.686548,C1CN(CC2)C(C)[C@@H](C12)Cn(c(c34)N=C(C#N)C(=O)CO4)c(c3)-c5ccoc5,AIDD_Results trypanosoma scaffold 1,AIDD_Results trypanosoma scaffold 1,0,hERG; Xr-,
,826,21600,false,false,false,255 255 255 255,false,,,,,,,0.189179,0.5,0.689179,CC(=O)C(CC1)C(=O)C(N2C(C)=N)=C1Sc(cc3C(=O)N)c2c(c34)cccc4,AIDD_Results trypanosoma scaffold 1,AIDD_Results trypanosoma scaffold 1,0,Peff; Xm+,
,827,18104,false,false,false,255 255 255 255,false,,,,,,,0,0,0.690471,CCC(=O)N1c(cccc2)c2Oc(c13)cc(C=N)c(Cl)c3C(=O)O,AIDD_Results trypanosoma scaffold 1,AIDD_Results trypanosoma scaffold 1,0,1A2,
,828,21527,false,false,false,255 255 255 255,false,,,,,,,0,0.5,0.690588,CNC1CC(NC(=O)C)C=CC1(F)CC[C@H](C23)CN(CC2)CC3,AIDD_Results trypanosoma scaffold 1,AIDD_Results trypanosoma scaffold 1,0,Xm+; 2D6,
,829,17021,false,false,false,255 255 255 255,false,,,,,,,0.196246,0.5,0.696246,Cc1cc(=O)oc(c12)N3C(N=COCS3(=O)=O)C2[C@H](C45)CN(CC4)CC5,AIDD_Results trypanosoma scaffold 1,AIDD_Results trypanosoma scaffold 1,0,HBA; Xr-,
,830,7921,false,false,false,255 255 255 255,false,,,,,,,0.2,0.5,0.7,C1CN(C)C=CC1N2c(c(N)ccc3)c3S(=O)(=O)c(c24)cccc4C5=CC(=O)N=CC5,AIDD_Results trypanosoma scaffold 1,AIDD_Results trypanosoma scaffold 1,0,Size; Xr-,
,831,10388,false,false,false,255 255 255 255,false,,,,,,,0.2,0.5,0.7,o1cnc(c1c23)n(C(=O)O)c2SC=4C(=C(CC)CCC4)N3CCCN5CCNCC5=O,AIDD_Results trypanosoma scaffold 1,AIDD_Results trypanosoma scaffold 1,0,Size; Xr-,
,832,14678,false,false,false,255 255 255 255,false,,,,,,,0.2,0.5,0.7,n1cccnc1Cc(c2)ccc(N(C3)C(C4N)CCCC4)c2S(=O)c(c35)cc(=O)[nH]c5,AIDD_Results trypanosoma scaffold 1,AIDD_Results trypanosoma scaffold 1,0,Size; Xr-,
,833,20237,false,false,false,255 255 255 255,false,,,,,,,0.2,0.5,0.7,NC(=O)c1cccc(c12)N(C(=O)C)C(CS2=O)C[C@H](C34)CN(CC4)CC3n5cncn5,AIDD_Results trypanosoma scaffold 1,AIDD_Results trypanosoma scaffold 1,0,Size; Xr-,
,834,23865,false,false,false,255 255 255 255,false,,,,,,,0.2,0.5,0.7,c1ccccc1C(N)c(cc2)c(=O)n(N3CCCN(C)C)c2S(=O)c(c34)cc(F)cc4,AIDD_Results trypanosoma scaffold 1,AIDD_Results trypanosoma scaffold 1,0,Size; Xm+,
,835,24314,false,false,false,255 255 255 255,false,,,,,,,0.2,0.5,0.7,NCC(=O)n(cc1)c(=O)c(Cl)c1Cc(c2CN=CC3=O)c(\C=C\C)c(c4c23)nccc4,AIDD_Results trypanosoma scaffold 1,AIDD_Results trypanosoma scaffold 1,0,Size; Xm-,
,836,25082,false,false,false,255 255 255 255,false,,,,,,,0.2,0.5,0.7,C1CCC(C1=O)c(c2C#N)cc(S(=O)(=O)C)c(c23)cc(nc3)C[C@H](C45)CN(CC4)CC5,AIDD_Results trypanosoma scaffold 1,AIDD_Results trypanosoma scaffold 1,0,Size; Xr-,
,837,2341,false,false,false,255 255 255 255,false,,,,,,,0,0.546118,0.706388,N#Cc1cc(C(=O)C)cc(c12)N(C=O)C3=C(S2)N=CCN(C3=O)C(=O)C,AIDD_Results trypanosoma scaffold 1,AIDD_Results trypanosoma scaffold 1,0,Xr; 1A2,
,838,20631,false,false,false,255 255 255 255,false,,,,,,,0.706,0,0.706,Nc1cc(C(=O)C)cc2n(C=O)c(c3c12)c(=O)n(C(=O)C)c(n3)C(C4=O)C(F)CC4,AIDD_Results trypanosoma scaffold 1,AIDD_Results trypanosoma scaffold 1,0,ch,
,839,23955,false,false,false,255 255 255 255,false,,,,,,,0,0.5,0.705533,CC(=O)n(cn1)c(=O)c(N2C(=O)C)c1SC(C23C)C(NC3)C(C4)=NCc(c45)occ5,AIDD_Results trypanosoma scaffold 1,AIDD_Results trypanosoma scaffold 1,0,Xr+; 3A4,
,840,6253,false,false,false,255 255 255 255,false,,,,,,,0,0,0.708532,N=Cc1cc(C(=O)C)cc2n(C)c(c3c12)c(=O)n(cn3)C(=O)C,AIDD_Results trypanosoma scaffold 1,AIDD_Results trypanosoma scaffold 1,0,1A2,
,841,16016,false,false,false,255 255 255 255,false,,,,,,,0.709585,0,0.709585,CC(=O)c(cc1)cc(S2(=O)=O)c1N(C(=O)C)c(c3)c2cc(c34)OCC4CCN,AIDD_Results trypanosoma scaffold 1,AIDD_Results trypanosoma scaffold 1,0,Peff,
,842,9652,false,false,false,255 255 255 255,false,,,,,,,0.2105,0.5,0.7105,O1CCC(=O)c(nc2F)c1c(N3C(=O)CC#N)c2Sc(c34)c(=O)scc4C(C)=N,AIDD_Results trypanosoma scaffold 1,AIDD_Results trypanosoma scaffold 1,0,ch; Xm+,
,843,5323,false,false,false,255 255 255 255,false,,,,,,,0.712413,0,0.712413,CC(=O)n(cn1)c(=O)c(N2C(=O)C)c1S(=O)(=O)c(c(C)c3)c2c(c34)OCC4=O,AIDD_Results trypanosoma scaffold 1,AIDD_Results trypanosoma scaffold 1,0,HBA; ch,
,844,14774,false,false,false,255 255 255 255,false,,,,,,,0,0.5,0.712701,C1=CCNc(c12)n3c(c2C(CC45)N(CC4)CC5)N=COCC3=O,AIDD_Results trypanosoma scaffold 1,AIDD_Results trypanosoma scaffold 1,0,Xr-; 2D6,
,845,8335,false,false,false,255 255 255 255,false,,,,,,,0.214014,0.5,0.714014,C1CN(CO2)C[C@@H](C12)c3c(N=COC(C#N)S4(=O)=O)n4c(c35)cc(F)cc5,AIDD_Results trypanosoma scaffold 1,AIDD_Results trypanosoma scaffold 1,0,Peff; Xr-,
,846,23335,false,false,false,255 255 255 255,false,,,,,,,0,0,0.716537,CCCC(=O)N1c(ccc(c2)C(=O)O)c2Sc(c13)cc(Cl)cc3C(=O)O,AIDD_Results trypanosoma scaffold 1,AIDD_Results trypanosoma scaffold 1,0,fu,
,847,18119,false,false,false,255 255 255 255,false,,,,,,,0,0.5,0.718377,O=C(O)c(c1)ccc(c12)SC=CN2C[C@H](C34)CN(CC3)C(O4)c5ccoc5,AIDD_Results trypanosoma scaffold 1,AIDD_Results trypanosoma scaffold 1,0,fu; Xr-,
,848,20249,false,false,false,255 255 255 255,false,,,,,,,0,0.721869,0.721869,C1CN(CC2)C[C@@H](C12)C(C)c3c(N=COC(=O)C4)n4c(c35)cccc5Cl,AIDD_Results trypanosoma scaffold 1,AIDD_Results trypanosoma scaffold 1,0,hERG; Xr-,
,849,22250,false,false,false,255 255 255 255,false,,,,,,,0,0,0.722972,CN(C)CCCC(CCC1=O)c(c12)cc(C)sc2=O,AIDD_Results trypanosoma scaffold 1,AIDD_Results trypanosoma scaffold 1,0,2D6,
,850,24366,false,false,false,255 255 255 255,false,,,,,,,0,0.481609,0.724093,OC1CC=C(C(=O)N)Cc(c12)cc(cc2)[C@H](C34)CN(CC3)CC4,AIDD_Results trypanosoma scaffold 1,AIDD_Results trypanosoma scaffold 1,0,rat; 2D6,
,851,22582,false,false,false,255 255 255 255,false,,,,,,,0,0.725728,0.725728,NCC=1CC(=O)N(C12)N(c3ccn(c34)CS4)c5c(S2(=O)=O)cc(=O)oc5,AIDD_Results trypanosoma scaffold 1,AIDD_Results trypanosoma scaffold 1,0,Xr-; Xm,
,852,6501,false,false,false,255 255 255 255,false,,,,,,,0,0,0.72695,Fc1cc(C(=O)O)cc(c12)Nc3c(S2)cc(C(=O)O)cc3,AIDD_Results trypanosoma scaffold 1,AIDD_Results trypanosoma scaffold 1,0,fu,
,853,10903,false,false,false,255 255 255 255,false,,,,,,,0,0,0.727807,c1oc(=O)c(C)cc1C(=O)c2c(ccnc2)NCCCN(C)C,AIDD_Results trypanosoma scaffold 1,AIDD_Results trypanosoma scaffold 1,0,2D6,
,854,17049,false,false,false,255 255 255 255,false,,,,,,,0,0.730524,0.730524,C1CNCC=C1CC(=O)N2c(cccc3C=N)c3Sc(c24)ncn(c4=O)C(=O)C,AIDD_Results trypanosoma scaffold 1,AIDD_Results trypanosoma scaffold 1,0,Xm,
,855,11451,false,false,false,255 255 255 255,false,,,,,,,0,0.733042,0.733042,C1CN(CC2)C[C@@H](C12O)CN(CC3)n(c34)c(=O)ccc4,AIDD_Results trypanosoma scaffold 1,AIDD_Results trypanosoma scaffold 1,0,Xm,
,856,20067,false,false,false,255 255 255 255,false,,,,,,,0,0,0.735174,CC(=O)CN1c(cccc2)c2OC(=C13)CC(C(Cl)=C3C(=O)O)c4ccoc4,AIDD_Results trypanosoma scaffold 1,AIDD_Results trypanosoma scaffold 1,0,fu,
,857,13779,false,false,false,255 255 255 255,false,,,,,,,0.737,0,0.737,N#CCC(=O)n(cn1)c(=O)c(c1c23)n(C)c2oc(=O)cc3C=N,AIDD_Results trypanosoma scaffold 1,AIDD_Results trypanosoma scaffold 1,0,ch,
,858,18438,false,false,false,255 255 255 255,false,,,,,,,0.737,0,0.737,N#CCC(=O)c(cc1C=N)cc2n(C)c(c3c12)c(=O)n(cn3)C(=O)Cc4ccco4,AIDD_Results trypanosoma scaffold 1,AIDD_Results trypanosoma scaffold 1,0,ch,
,859,17383,false,false,false,255 255 255 255,false,,,,,,,0.2385,0.5,0.7385,C1CN(CC2)C[C@@H](C12)C(C#N)n(c3N(S(=O)(=O)C)C=NC4)c(c5c34)c(=O)ccn5C=O,AIDD_Results trypanosoma scaffold 1,AIDD_Results trypanosoma scaffold 1,0,Size; ch; Xr-,
,860,14695,false,false,false,255 255 255 255,false,,,,,,,0,0.739532,0.739532,CC(=O)n(c1=O)cnc(c12)Sc3c(N2C=O)cc(CN)cc3,AIDD_Results trypanosoma scaffold 1,AIDD_Results trypanosoma scaffold 1,0,Xm,
,861,2102,false,false,false,255 255 255 255,false,,,,,,,0,0.74105,0.74105,NC(=O)c1cccc(c12)SC=CN2C(C=N)[C@H](C34)CN(CC3)CC4,AIDD_Results trypanosoma scaffold 1,AIDD_Results trypanosoma scaffold 1,0,Xm,
,862,24728,false,false,false,255 255 255 255,false,,,,,,,0,0,0.741877,c1cccc(N2C(=O)C)c1Oc(c23)ncn(c3=O)C(=O)C,AIDD_Results trypanosoma scaffold 1,AIDD_Results trypanosoma scaffold 1,0,1A2,
,863,16717,false,false,false,255 255 255 255,false,,,,,,,0.2,0.54512,0.74512,c1cc(=O)n(C)c(c12)S(=O)c3n(c(=O)ccc3)N2CC4CN(C)C(O4)c5ccccc5,AIDD_Results trypanosoma scaffold 1,AIDD_Results trypanosoma scaffold 1,0,Size; Xr-; Xm,
,864,18165,false,false,false,255 255 255 255,false,,,,,,,0,0.5,0.749705,c1c(=O)scc(c12)CC(C#N)C(=O)C2/C=C(\C34)CN(CC4)C(C3F)c5ccoc5,AIDD_Results trypanosoma scaffold 1,AIDD_Results trypanosoma scaffold 1,0,fu; Xr-,
,865,15213,false,false,false,255 255 255 255,false,,,,,,,0,0,0.757133,c1coc(c12)cc3c(c2C(=O)O)Sc4c(N3)c(C(=O)O)ccc4,AIDD_Results trypanosoma scaffold 1,AIDD_Results trypanosoma scaffold 1,0,fu,
,866,22308,false,false,false,255 255 255 255,false,,,,,,,0,0.757245,0.757245,FC(F)(F)c(c1)ccc(c12)N3C(N=COC3=O)C2[C@H](C45)CN(CC5)CC4O,AIDD_Results trypanosoma scaffold 1,AIDD_Results trypanosoma scaffold 1,0,Xr+; Xm,
,867,20196,false,false,false,255 255 255 255,false,,,,,,,0.25766,0.5,0.75766,N=Cc(c1)cc(C(=O)C)c(c12)n(C)c(c2N)C(=O)N(C(=O)C)c3ccc[nH]3,AIDD_Results trypanosoma scaffold 1,AIDD_Results trypanosoma scaffold 1,0,HBD; ch; Xm-,
,868,12813,false,false,false,255 255 255 255,false,,,,,,,0,0.5,0.758784,o1cccc1-c(cc2C(=O)O)cc(c2)C3=CN(C=CS3)C[C@H](C45F)CN(CC4)CC5,AIDD_Results trypanosoma scaffold 1,AIDD_Results trypanosoma scaffold 1,0,Xr-; 3A4,
,869,9235,false,false,false,255 255 255 255,false,,,,,,,0,0.759773,0.759773,C1CN(CN2)C[C@@H](C12)CN3C=CSc(c34)cccc4,AIDD_Results trypanosoma scaffold 1,AIDD_Results trypanosoma scaffold 1,0,hERG; Xm+,
,870,21885,false,false,false,255 255 255 255,false,,,,,,,0.262686,0.5,0.762686,CC(=O)NC(C1)CCC(C12)SCC(F)C2C[C@H]3CN(CC4)CC(C34)CC(O)CN,AIDD_Results trypanosoma scaffold 1,AIDD_Results trypanosoma scaffold 1,0,HBD; ch; Xm+,
,871,23638,false,false,false,255 255 255 255,false,,,,,,,0.264,0.5,0.764,NC(=O)c1cccc(c12)N(C(=O)C)C(CS2=O)[C@H]3CN(CC4)CC(C34)c5cn[nH]n5,AIDD_Results trypanosoma scaffold 1,AIDD_Results trypanosoma scaffold 1,0,ch; Xr+,
,872,10127,false,false,false,255 255 255 255,false,,,,,,,0,0.764771,0.764771,NCc1ccc(C(=O)CC)c(c12)N(C(=O)C)C3=C(C2)N=CC(C3)C(=O)C,AIDD_Results trypanosoma scaffold 1,AIDD_Results trypanosoma scaffold 1,0,Xr,
,873,25127,false,false,false,255 255 255 255,false,,,,,,,0,0.76746,0.76746,CC(=O)Cn(c1=O)cnc(c12)SC3C(N2C=O)CC(C=C3)S(=O)(=O)C,AIDD_Results trypanosoma scaffold 1,AIDD_Results trypanosoma scaffold 1,0,Xr,
,874,17005,false,false,false,255 255 255 255,false,,,,,,,0.269,0.5,0.769,CC(=O)n(cn1)c(=O)c(N2C(=O)CN)c1SC(C23)CN(C3)C=N,AIDD_Results trypanosoma scaffold 1,AIDD_Results trypanosoma scaffold 1,0,ch; Xm+,
,875,7936,false,false,false,255 255 255 255,false,,,,,,,0.769764,0,0.769764,O=c1ccn(S(=O)(=O)C)c(c12)SC=CN2C(C#N)CCN3CCNCC3C(C4=O)CCC4,AIDD_Results trypanosoma scaffold 1,AIDD_Results trypanosoma scaffold 1,0,Size; HBA; ch,
,876,8177,false,false,false,255 255 255 255,false,,,,,,,0,0.5,0.769989,c1coc(c12)c(C(=O)O)cc3c2N(c4c(S3)cccc4)CCCN5CCNCC5=O,AIDD_Results trypanosoma scaffold 1,AIDD_Results trypanosoma scaffold 1,0,fu; Xr-,
,877,11533,false,false,false,255 255 255 255,false,,,,,,,0,0,0.770514,c1coc(c12)cc3c(c2C(=O)O)Sc4c(N3)c(C(=O)O)ccc4F,AIDD_Results trypanosoma scaffold 1,AIDD_Results trypanosoma scaffold 1,0,fu,
,878,9631,false,false,false,255 255 255 255,false,,,,,,,0.272421,0.5,0.772421,c1cc(=S)n(C(=O)O)c(c12)N(C=CS2)C[C@H](C34)CN(CC3O)C(C4)C5(C)CC(C)CO5,AIDD_Results trypanosoma scaffold 1,AIDD_Results trypanosoma scaffold 1,0,Size; Xr-,
,879,17876,false,false,false,255 255 255 255,false,,,,,,,0.272421,0.5,0.772421,c1cc(=S)n(C(=O)O)c(c12)N(C=CS2)[C@H](C34)CN(CC3O)C(C4)C5(CC)CC(C)CO5,AIDD_Results trypanosoma scaffold 1,AIDD_Results trypanosoma scaffold 1,0,Size; Xr-,
,880,19503,false,false,false,255 255 255 255,false,,,,,,,0,0,0.773494,CCC(=O)C(C)C(C)NCC(CC12)N(CC1)CC2,AIDD_Results trypanosoma scaffold 1,AIDD_Results trypanosoma scaffold 1,0,2D6,
,881,16074,false,false,false,255 255 255 255,false,,,,,,,0,0.77772,0.77772,NS(=O)(=O)c1ccn(c12)N(C(=O)C)C3C(SC2)CC(=O)CC3,AIDD_Results trypanosoma scaffold 1,AIDD_Results trypanosoma scaffold 1,0,Xm,
,882,3137,false,false,false,255 255 255 255,false,,,,,,,0.7795,0,0.7795,CCC(=O)c(cc1O)c(N)c(c12)Sc3c(N2C(=O)C)c(=O)n(cn3)C(=O)C,AIDD_Results trypanosoma scaffold 1,AIDD_Results trypanosoma scaffold 1,0,ch,
,883,12140,false,false,false,255 255 255 255,false,,,,,,,0.781386,0,0.781386,C1CN(CC2)C(CC12)CCN3C=CS(=O)(=O)C(C3=4)=CNCC(=O)C4,AIDD_Results trypanosoma scaffold 1,AIDD_Results trypanosoma scaffold 1,0,Peff,
,884,19567,false,false,false,255 255 255 255,false,,,,,,,0.1305,0.650533,0.781033,C1CN(CO2)C(C#N)[C@@H](C12)c3c(C(=O)/C=C/NC(=O)C)[nH]c(c34)CN=CN4,AIDD_Results trypanosoma scaffold 1,AIDD_Results trypanosoma scaffold 1,0,ch; Xr,
,885,18244,false,false,false,255 255 255 255,false,,,,,,,0.281543,0.5,0.781543,NC(=O)C(C)N(C)CCCN1n(c(=O)c(CN)cc2)c2S(=O)C(=C13)CCCC3,AIDD_Results trypanosoma scaffold 1,AIDD_Results trypanosoma scaffold 1,0,HBD; Peff; Xm+,
,886,15961,false,false,false,255 255 255 255,false,,,,,,,0,0.5,0.784127,NC(=O)C(C12)CN(CC2)C[C@@H]1Cc(ccc3)c(c4S(=O)C)c3cc(c45)nco5,AIDD_Results trypanosoma scaffold 1,AIDD_Results trypanosoma scaffold 1,0,Xr-; 2C19,
,887,7774,false,false,false,255 255 255 255,false,,,,,,,0.785833,0,0.785833,O=C(O)c(c1)ccc(c12)S(=O)(=O)c3c(cc(Cl)c(c3)O)N2S(=O)(=O)CCC,AIDD_Results trypanosoma scaffold 1,AIDD_Results trypanosoma scaffold 1,0,HBA; ch,
,888,2978,false,false,false,255 255 255 255,false,,,,,,,0,0.787336,0.787336,OC1CN(CC2)C[C@@H](C12)CC3C=CSc(c34)cc(=O)oc4,AIDD_Results trypanosoma scaffold 1,AIDD_Results trypanosoma scaffold 1,0,Xm,
,889,21369,false,false,false,255 255 255 255,false,,,,,,,0,0,0.788724,O=C(O)c(c1)c(Br)cc(c12)Oc3c(N2C)cccc3,AIDD_Results trypanosoma scaffold 1,AIDD_Results trypanosoma scaffold 1,0,fu,
,890,7734,false,false,false,255 255 255 255,false,,,,,,,0.211659,0,0.793744,NC(=O)Nc(c1C(=O)O)c(ccc1)C2=CC(C=CS2)C[C@H](C34F)CN(CC3)CC4,AIDD_Results trypanosoma scaffold 1,AIDD_Results trypanosoma scaffold 1,0,HBD; 3A4,
,891,4170,false,false,false,255 255 255 255,false,,,,,,,0,0.5,0.795377,n1coc(c12)c(C(=O)O)cc3c2N(c4c(S3)cccc4)CCCN5CCNCC5=O,AIDD_Results trypanosoma scaffold 1,AIDD_Results trypanosoma scaffold 1,0,fu; Xr-,
,892,21185,false,false,false,255 255 255 255,false,,,,,,,0,0.29664,0.79664,CCC(CC12)N(CC1)CC2,AIDD_Results trypanosoma scaffold 1,AIDD_Results trypanosoma scaffold 1,0,rat; CL-,
,893,11542,false,false,false,255 255 255 255,false,,,,,,,0,0.799313,0.799313,CN(C1)CCC1Cn(cc(Cl)c2=O)c(c2)Sc3ccc(=O)oc3,AIDD_Results trypanosoma scaffold 1,AIDD_Results trypanosoma scaffold 1,0,hERG,
,894,21162,false,false,false,255 255 255 255,false,,,,,,,0.8,0,0.8,c1ccccc1C(=O)N2C(C)=C(C(=O)CC(=O)C)Sc(c23)ncn(c3=O)C(=O)C4CCCCN4,AIDD_Results trypanosoma scaffold 1,AIDD_Results trypanosoma scaffold 1,0,Size,
,895,4613,false,false,false,255 255 255 255,false,,,,,,,0.300904,0.5,0.800904,c1coc(c12)c(C(=O)C)cc3c2Cc4n(N3C(=O)C)c(=O)c(C(=O)N)cc4,AIDD_Results trypanosoma scaffold 1,AIDD_Results trypanosoma scaffold 1,0,Sw; Xm-,
,896,18056,false,false,false,255 255 255 255,false,,,,,,,0,0.805534,0.805534,C1CN(CC2)C(C12O)CN(CC(C3)O)n(c34)c(=O)ccc4C,AIDD_Results trypanosoma scaffold 1,AIDD_Results trypanosoma scaffold 1,0,Xm,
,897,19428,false,false,false,255 255 255 255,false,,,,,,,0,0,0.810277,CC(=O)c(c1)ccc(N2C(=O)CF)c1Sc(c23)ccc(c3)C(=O)O,AIDD_Results trypanosoma scaffold 1,AIDD_Results trypanosoma scaffold 1,0,fu,
,898,9557,false,false,false,255 255 255 255,false,,,,,,,0,0,0.810625,C1NC(C)CCC1CN2N(C(=O)CC(C)C3)C=3S(=O)(=O)c(c24)cccc4,AIDD_Results trypanosoma scaffold 1,AIDD_Results trypanosoma scaffold 1,0,2D6,
,899,5230,false,false,false,255 255 255 255,false,,,,,,,0.312902,0.5,0.812902,CN(C)\C=C\CN1C(CC(O)=CC2=O)=C2Sc(c13)ccsc3=O,AIDD_Results trypanosoma scaffold 1,AIDD_Results trypanosoma scaffold 1,0,Peff; Xm-,
,900,12802,false,false,false,255 255 255 255,false,,,,,,,0,0,0.81251,O=C(O)C(C)C/C=C/c(c1C(=O)O)c(ccc1Cl)Sc2ccc(=O)[nH]c2,AIDD_Results trypanosoma scaffold 1,AIDD_Results trypanosoma scaffold 1,0,fu,
,901,17210,false,false,false,255 255 255 255,false,,,,,,,0,0.0760655,0.813411,CN(C)CC(C)Cn1c(cc(C)cc2=O)n2c(=O)c3c1ccc(c34)nco4,AIDD_Results trypanosoma scaffold 1,AIDD_Results trypanosoma scaffold 1,0,hERG; 2D6,
,902,10374,false,false,false,255 255 255 255,false,,,,,,,0,0.5,0.815641,C1CN(CC2)C[C@@H](C12)C(C)c3c(N=COC(=O)C4)n4c(c35)cccc5,AIDD_Results trypanosoma scaffold 1,AIDD_Results trypanosoma scaffold 1,0,Xr-; 2D6,
,903,11491,false,false,false,255 255 255 255,false,,,,,,,0,0.821456,0.821456,C1CN(CC2)C[C@@H](C12)CC3C(N=COC4=O)N4c(c35)ccc(F)c5,AIDD_Results trypanosoma scaffold 1,AIDD_Results trypanosoma scaffold 1,0,rat; Xr-,
,904,20330,false,false,false,255 255 255 255,false,,,,,,,0.8215,0,0.8215,NCC(=O)n(c1=O)cnc(c12)SCC(C(=O)CC(=O)C)=C(C)N2C(=O)C3CCCCC3,AIDD_Results trypanosoma scaffold 1,AIDD_Results trypanosoma scaffold 1,0,Size; ch,
,905,8252,false,false,false,255 255 255 255,false,,,,,,,0.824704,0,0.824704,O=c1ccn(S(=O)(=O)C)c(c12)SCN2C(C#N)CCN3CCNCC3C(C4=O)CCC4,AIDD_Results trypanosoma scaffold 1,AIDD_Results trypanosoma scaffold 1,0,Size; HBA; ch; Peff,
,906,24352,false,false,false,255 255 255 255,false,,,,,,,0,0,0.827738,N1=COCC(=O)c(c2F)c1cc(c23)ncn(c3=O)-c4ccccc4,AIDD_Results trypanosoma scaffold 1,AIDD_Results trypanosoma scaffold 1,0,2C9,
,907,17004,false,false,false,255 255 255 255,false,,,,,,,0,0.5,0.828712,O1CC(=O)C(C#N)=Nc(c12)[nH]c(c2)C(c3ccoc3)C[C@H](C45)C(C)N(CC4)CC5,AIDD_Results trypanosoma scaffold 1,AIDD_Results trypanosoma scaffold 1,0,Xr-; 2C19,
,908,22367,false,false,false,255 255 255 255,false,,,,,,,0,0.5,0.830061,c1c(=O)scc(c12)CC(C#N)C(=O)C2C/C=C(/C34)CN(CC4)C(C3F)c5ccoc5,AIDD_Results trypanosoma scaffold 1,AIDD_Results trypanosoma scaffold 1,0,fu; Xr-,
,909,14383,false,false,false,255 255 255 255,false,,,,,,,0,0.83153,0.83153,NCc1ccc(C(=O)CC)c(c12)N(C=O)C3=C(C2)N=CC(C3)C(=O)C,AIDD_Results trypanosoma scaffold 1,AIDD_Results trypanosoma scaffold 1,0,Xr,
,910,23834,false,false,false,255 255 255 255,false,,,,,,,0,0,0.83291,O=C(O)n1c(Cl)cc(O2)c1N(CC)c(c3)c2cc(c34)occ4,AIDD_Results trypanosoma scaffold 1,AIDD_Results trypanosoma scaffold 1,0,fu,
,911,13699,false,false,false,255 255 255 255,false,,,,,,,0,0,0.833559,c1coc(c12)cc3c(c2C(=O)O)Sc4c(N3)c(C(=O)O)ccc4C(F)(F)F,AIDD_Results trypanosoma scaffold 1,AIDD_Results trypanosoma scaffold 1,0,fu,
,912,18838,false,false,false,255 255 255 255,false,,,,,,,0.2,0.5,0.839153,O=C(O)c1ccc(O)c(c12)SC(c3cccnc3)=CCN2CC(CC45F)N(CC4)CC5,AIDD_Results trypanosoma scaffold 1,AIDD_Results trypanosoma scaffold 1,0,Size; Xr-; 3A4,
,913,7818,false,false,false,255 255 255 255,false,,,,,,,0,0,0.841206,C1CN(CC2)C(C(C12)N)Cn(cc3)c(c34)ncoc4=O,AIDD_Results trypanosoma scaffold 1,AIDD_Results trypanosoma scaffold 1,0,2D6,
,914,3468,false,false,false,255 255 255 255,false,,,,,,,0,0.842469,0.842469,C1CN(CC2)C[C@@H](C12)CCN(C=CS3)n(c34)c(=O)ccc4,AIDD_Results trypanosoma scaffold 1,AIDD_Results trypanosoma scaffold 1,0,hERG; Xm+,
,915,1094,false,false,false,255 255 255 255,false,,,,,,,0,0.843051,0.843051,C1CN(CC2)C[C@@H](C12)CN3C=CSc(c34)oc(=O)cc4,AIDD_Results trypanosoma scaffold 1,AIDD_Results trypanosoma scaffold 1,0,hERG; Xm-,
,916,22049,false,false,false,255 255 255 255,false,,,,,,,0,0.842735,0.842735,n1[nH]nnc1CN2C(C(F)CC(F)C3)C3S(=O)c(c2c45)cc(=O)n5CCC4,AIDD_Results trypanosoma scaffold 1,AIDD_Results trypanosoma scaffold 1,0,Xr-; Xm,
,917,23665,false,false,false,255 255 255 255,false,,,,,,,0.8485,0,0.8485,CC(=N)c(c1)c(C(=O)CN)cc2n(C)c(c3c12)c(=O)n(cn3)C(=O)Cc4ccco4,AIDD_Results trypanosoma scaffold 1,AIDD_Results trypanosoma scaffold 1,0,ch,
,918,24125,false,false,false,255 255 255 255,false,,,,,,,0.8485,0,0.8485,CC(=N)c(c1)c(C(=O)N)cc2n(C)c(c3c12)c(=O)n(cn3)C(=O)Cc4ccco4,AIDD_Results trypanosoma scaffold 1,AIDD_Results trypanosoma scaffold 1,0,ch,
,919,17861,false,false,false,255 255 255 255,false,,,,,,,0.65063,0,0.84966,O=C(O)c1c(Cl)ccc(c12)Cc3c(cc(C(=O)O)cc3)C(C/2=C\C)CC4=CCNCC4,AIDD_Results trypanosoma scaffold 1,AIDD_Results trypanosoma scaffold 1,0,Size; Kow; fu,
,920,19101,false,false,false,255 255 255 255,false,,,,,,,0,0.855564,0.855564,N#Cc(c1)ccc(c12)N3C(N=COC3)C2C(F)[C@H](C45)CN(CC4)CC5,AIDD_Results trypanosoma scaffold 1,AIDD_Results trypanosoma scaffold 1,0,Xr-; Xm,
,921,20174,false,false,false,255 255 255 255,false,,,,,,,0,0,0.856893,o1ccnc1-c(c2)ccc(N3CC(=O)C)c2OC(=C34)CCC(Cl)=C4C(=O)O,AIDD_Results trypanosoma scaffold 1,AIDD_Results trypanosoma scaffold 1,0,fu,
,922,5874,false,false,false,255 255 255 255,false,,,,,,,0,0,0.86162,CCC(C(=O)O)C(=O)N1c(cc(Cl)cc2)c2Sc(c13)ccc(c3)C(=O)O,AIDD_Results trypanosoma scaffold 1,AIDD_Results trypanosoma scaffold 1,0,fu,
,923,21972,false,false,false,255 255 255 255,false,,,,,,,0.6215,0.240162,0.861662,CC(=O)C(CC1)C(C(=O)N)=C(N2C=O)C=1Sc(c23)ncn(c3=O)C(=O)CF,AIDD_Results trypanosoma scaffold 1,AIDD_Results trypanosoma scaffold 1,0,ch; Xr,
,924,5926,false,false,false,255 255 255 255,false,,,,,,,0,0.863575,0.863575,C1CN(CC2)C(CC12)CCN(C=CS3)n(c34)c(=O)ccc4,AIDD_Results trypanosoma scaffold 1,AIDD_Results trypanosoma scaffold 1,0,hERG; Xm+,
,925,14821,false,false,false,255 255 255 255,false,,,,,,,0,0.863886,0.863886,Cc1cc(C)cc(c12)N(CC3CCN(C)C3)n4c(S2=O)cc(CF)cc4=O,AIDD_Results trypanosoma scaffold 1,AIDD_Results trypanosoma scaffold 1,0,Xm,
,926,11637,false,false,false,255 255 255 255,false,,,,,,,0.367,0.5,0.867,n1ocnc1Cc(c2)ccc(N(C3)C4C(N)OCC4)c2S(=O)c(c35)cc(=O)[nH]c5,AIDD_Results trypanosoma scaffold 1,AIDD_Results trypanosoma scaffold 1,0,ch; Xr-,
,927,2692,false,false,false,255 255 255 255,false,,,,,,,0.256089,0,0.867653,CC(=O)Nc(ccc1)c(c1C(C)O)Sc2[nH]ccc(=O)c2N[C@H](C34)CN(CC3)CC4,AIDD_Results trypanosoma scaffold 1,AIDD_Results trypanosoma scaffold 1,0,HBD; 2D6,
,928,15276,false,false,false,255 255 255 255,false,,,,,,,0.870679,0,0.870679,CC(=O)c(cc1)cc(S2(=O)=O)c1N(CC(=O)C)c(c3)c2cc(c34)OCC4CCN,AIDD_Results trypanosoma scaffold 1,AIDD_Results trypanosoma scaffold 1,0,Peff,
,929,2567,false,false,false,255 255 255 255,false,,,,,,,0,0.836051,0.876337,C1CN(CC2)C[C@@H](C12)Cc3c(ncoc4=O)n4c(c35)cccc5,AIDD_Results trypanosoma scaffold 1,AIDD_Results trypanosoma scaffold 1,0,hERG; Xr-; 2D6,
,930,12395,false,false,false,255 255 255 255,false,,,,,,,0,0.5,0.878077,N=CC(=O)c(cc1)cc(N2C(=O)C)c1Sc(c23)c(O)c(C(=O)C)cc3F,AIDD_Results trypanosoma scaffold 1,AIDD_Results trypanosoma scaffold 1,0,fu; Xm-,
,931,25384,false,false,false,255 255 255 255,false,,,,,,,0,0.878408,0.878408,o1ncnc1-c2ccc(=O)n(c23)C(CCS3)C(CC45O)N(CC4)CC5,AIDD_Results trypanosoma scaffold 1,AIDD_Results trypanosoma scaffold 1,0,Xr-; Xm,
,932,17763,false,false,false,255 255 255 255,false,,,,,,,0,0.880877,0.880877,C1CN(CC2)C(CC12)CC3N=CSc(c34)c(=O)occ4,AIDD_Results trypanosoma scaffold 1,AIDD_Results trypanosoma scaffold 1,0,hERG; Xm,
,933,4607,false,false,false,255 255 255 255,false,,,,,,,0,0,0.8821,CC(=O)CN1c(cccc2)c2Oc(c13)cc(Cl)c(c3)C(=O)O,AIDD_Results trypanosoma scaffold 1,AIDD_Results trypanosoma scaffold 1,0,fu,
,934,24899,false,false,false,255 255 255 255,false,,,,,,,0,0.384139,0.884139,CC(C12)CN(CC1)CC2,AIDD_Results trypanosoma scaffold 1,AIDD_Results trypanosoma scaffold 1,0,rat; CL-,
,935,22410,false,false,false,255 255 255 255,false,,,,,,,0,0.5,0.884828,OC1CN(CC2)C(C)[C@@H](C12)C(C)c3c[nH]c(c34)OCC(=O)C(=N4)c5ccccc5,AIDD_Results trypanosoma scaffold 1,AIDD_Results trypanosoma scaffold 1,0,Xr-; 2D6,
,936,20138,false,false,false,255 255 255 255,false,,,,,,,0.8215,0.0690694,0.890569,Nc1cc(C(=O)C)cc(N2C=O)c1Sc(c23)nc(n(c3=O)C(=O)C)C(C4=O)C(F)CC4,AIDD_Results trypanosoma scaffold 1,AIDD_Results trypanosoma scaffold 1,0,Size; ch; Xr,
,937,19290,false,false,false,255 255 255 255,false,,,,,,,0,0,0.892497,O=C(O)c1cc(Cl)cc(O2)c1N(CC(=O)C)c3c2c(O)cc(c34)occ4,AIDD_Results trypanosoma scaffold 1,AIDD_Results trypanosoma scaffold 1,0,fu,
,938,18625,false,false,false,255 255 255 255,false,,,,,,,0.393391,0.5,0.893391,n1ocnc1CN(C)CC(\C(=O)O)=C/n(c(c23)cccc3Cl)c4c(c2=O)cc(C)nc4,AIDD_Results trypanosoma scaffold 1,AIDD_Results trypanosoma scaffold 1,0,Size; Sw; Xm-,
,939,17073,false,false,false,255 255 255 255,false,,,,,,,0,0.5,0.893891,c1c(=O)scc(c12)CC(C#N)C(=O)C2/C=C(\C34)CN(CC4)C(C3F)c5ccco5,AIDD_Results trypanosoma scaffold 1,AIDD_Results trypanosoma scaffold 1,0,fu; Xr-,
,940,11539,false,false,false,255 255 255 255,false,,,,,,,0,0.897828,0.897828,C1CN(CC2)C[C@@H](C12F)CC(=CS3(=O)=O)Nn(c34)c(=O)ccc4C,AIDD_Results trypanosoma scaffold 1,AIDD_Results trypanosoma scaffold 1,0,Xm,
,941,15953,false,false,false,255 255 255 255,false,,,,,,,0.343638,0.556139,0.899778,FC(F)(F)c(c1)ccc(c12)N3C(N=COC3=O)C2[C@H](C45)CN(CC4)CC5,AIDD_Results trypanosoma scaffold 1,AIDD_Results trypanosoma scaffold 1,0,Kow; Xr-; Xm,
,942,21159,false,false,false,255 255 255 255,false,,,,,,,0.4,0.5,0.9,c1cc(=O)n(C)c(c12)S(=O)c3n(c(=O)ccc3)N2CC4CN(C)C(O4)c5ccc(=O)oc5,AIDD_Results trypanosoma scaffold 1,AIDD_Results trypanosoma scaffold 1,0,Size; Xr-,
,943,24593,false,false,false,255 255 255 255,false,,,,,,,0.39998,0.5,0.89998,NC(=O)C(C)N(C)CCCN1n(c(=O)cc(c2)CN)c2S(=O)C(=C13)CCCC3,AIDD_Results trypanosoma scaffold 1,AIDD_Results trypanosoma scaffold 1,0,HBD; ch; Peff; Xm+,
,944,18841,false,false,false,255 255 255 255,false,,,,,,,0,0,0.900579,O=C(O)Cc1c(Cl)ccc(c12)Oc3c(N2C=O)cccc3,AIDD_Results trypanosoma scaffold 1,AIDD_Results trypanosoma scaffold 1,0,fu,
,945,23218,false,false,false,255 255 255 255,false,,,,,,,0.402198,0.5,0.902198,CN(C)CCC(C)NC1CCC(CC)C2C1S(=O)c(c23)c(=O)n(cn3)CN,AIDD_Results trypanosoma scaffold 1,AIDD_Results trypanosoma scaffold 1,0,ch; Peff; Xm-,
,946,6471,false,false,false,255 255 255 255,false,,,,,,,0,0.903413,0.903413,C1CN(CC2)C[C@@H](C12)C(=O)N(n(c34)ccc3)c5c(C4)cc(=O)[nH]c5,AIDD_Results trypanosoma scaffold 1,AIDD_Results trypanosoma scaffold 1,0,Xr-; Xm,
,947,15566,false,false,false,255 255 255 255,false,,,,,,,0,0.5,0.904496,C1CN(CC2)C[C@@H](C12)C(F)c3c(N=COC(=O)C4)n4c(c35)cccc5F,AIDD_Results trypanosoma scaffold 1,AIDD_Results trypanosoma scaffold 1,0,Xr-; 1A2,
,948,12571,false,false,false,255 255 255 255,false,,,,,,,0,0,0.90809,C1CN(CC2)C[C@@H](C12)C(C#N)n(c(c34)c(=O)cc[nH]4)c(c3)N\C=C\C,AIDD_Results trypanosoma scaffold 1,AIDD_Results trypanosoma scaffold 1,0,2D6,
,949,18502,false,false,false,255 255 255 255,false,,,,,,,0,0.5,0.910958,C1=CCC(=O)N(C(=O)C)C(O2)=C1Sc(c2c34)n(c3[nH]cn4)C(=O)C5CCCN5,AIDD_Results trypanosoma scaffold 1,AIDD_Results trypanosoma scaffold 1,0,Xr-; 3A4,
,950,21324,false,false,false,255 255 255 255,false,,,,,,,0,0.911344,0.911344,o1cnc(c12)CC(C#N)c3c2cccc3,AIDD_Results trypanosoma scaffold 1,AIDD_Results trypanosoma scaffold 1,0,Xm,
,951,7545,false,false,false,255 255 255 255,false,,,,,,,0.9145,0,0.9145,NCC(=O)NC(=O)C(=C(C(C#N)C)SC1)N(C(=O)C)c(c12)n(C(=O)C)cc2,AIDD_Results trypanosoma scaffold 1,AIDD_Results trypanosoma scaffold 1,0,ch,
,952,11255,false,false,false,255 255 255 255,false,,,,,,,0.9145,0,0.9145,NCC(=O)NC(=O)C(=C(C(C#N)C)SC1)N(C(=O)C)c(c12)cn(c2)C(=O)C,AIDD_Results trypanosoma scaffold 1,AIDD_Results trypanosoma scaffold 1,0,ch,
,953,12542,false,false,false,255 255 255 255,false,,,,,,,0,0,0.913737,O=C(O)c1c(Cl)ccc(c12)Oc3c(N2CC)cccc3,AIDD_Results trypanosoma scaffold 1,AIDD_Results trypanosoma scaffold 1,0,fu,
,954,19403,false,false,false,255 255 255 255,false,,,,,,,0.592116,0,0.92012,c1cccc(c12)CC(C#N)C(=O)C2/C=C(\C34)CC(CC3F)CC4,AIDD_Results trypanosoma scaffold 1,AIDD_Results trypanosoma scaffold 1,0,Kow; Sw; fu,
,955,3273,false,false,false,255 255 255 255,false,,,,,,,0.453954,0.467028,0.920982,CC(=O)NC(C)c1c(cccc1)Sc2[nH]ccc(=O)c2CN[C@H](C34)CN(CC3)CC4,AIDD_Results trypanosoma scaffold 1,AIDD_Results trypanosoma scaffold 1,0,Peff; Xm,
,956,14036,false,false,false,255 255 255 255,false,,,,,,,0,0.5,0.922423,C1CN(CC2)C[C@@H](C12)C(C#N)CN(c(c34)c(=O)cc[nH]4)C(C3)N/C=N/C,AIDD_Results trypanosoma scaffold 1,AIDD_Results trypanosoma scaffold 1,0,Xm-; 2D6,
,957,21518,false,false,false,255 255 255 255,false,,,,,,,0,0.5,0.921713,C1CN(CC2)C[C@@H](C12)CC(c(c3C=45)cccc3)C5=CC(=O)C4NS(=O)(=O)C,AIDD_Results trypanosoma scaffold 1,AIDD_Results trypanosoma scaffold 1,0,Xr-; 3A4,
,958,5415,false,false,false,255 255 255 255,false,,,,,,,0.334802,0.590916,0.925718,CC(=O)c(cc1)cc(c1c23)n(C(=O)C)c2c4c(nc[nH]4)c(c3)C(CN)CO,AIDD_Results trypanosoma scaffold 1,AIDD_Results trypanosoma scaffold 1,0,HBD; Xr,
,959,14753,false,false,false,255 255 255 255,false,,,,,,,0,0.5,0.931079,O=C(O)c1cccc(c12)SC=C(n3ccnc3)N2C[C@H](C45F)CN(CC4)CC5,AIDD_Results trypanosoma scaffold 1,AIDD_Results trypanosoma scaffold 1,0,Xr-; 3A4,
,960,22999,false,false,false,255 255 255 255,false,,,,,,,0.1195,0.5,0.930807,CC(=N)c(c1)c(C(=O)C)cc(c12)n(C)c(c2N)C(=O)N(C)C(=O)Cc3ccco3,AIDD_Results trypanosoma scaffold 1,AIDD_Results trypanosoma scaffold 1,0,ch; Xm-; 3A4,
,961,15607,false,false,false,255 255 255 255,false,,,,,,,0,0.93657,0.93657,CN(C)C(=O)C(N)CN(C1)c(cc(C)[nH]2)c2S(=O)C(C13)=CC(=O)C=3C,AIDD_Results trypanosoma scaffold 1,AIDD_Results trypanosoma scaffold 1,0,Xr,
,962,24013,false,false,false,255 255 255 255,false,,,,,,,0,0.936743,0.936743,C1COC(N)C1N(C2)n(c(=O)c(C)cc3)c3S(=O)c(c24)cc(=O)[nH]c4,AIDD_Results trypanosoma scaffold 1,AIDD_Results trypanosoma scaffold 1,0,Xm,
,963,7947,false,false,false,255 255 255 255,false,,,,,,,0,0,0.938232,c1cc(C(=O)O)cc(N2S(=O)(=O)C)c1Sc3c2ccc(c34)occ4,AIDD_Results trypanosoma scaffold 1,AIDD_Results trypanosoma scaffold 1,0,fu,
,964,12511,false,false,false,255 255 255 255,false,,,,,,,0,0,0.938091,O=C(O)c(c1)ccc(S2)c1N(S(=O)(=O)C)c(c3)c2cc(c34)occ4,AIDD_Results trypanosoma scaffold 1,AIDD_Results trypanosoma scaffold 1,0,fu,
,965,8813,false,false,false,255 255 255 255,false,,,,,,,0,0.940109,0.940109,C1CN(CC2)C(C12O)CN(CCC3)n(c34)c(=O)ccc4C,AIDD_Results trypanosoma scaffold 1,AIDD_Results trypanosoma scaffold 1,0,Xm,
,966,23595,false,false,false,255 255 255 255,false,,,,,,,0.942688,0,0.942688,NCc1cc(C(=O)C)cc(N2S(=O)(=O)C)c1Sc(c23)ncn(c3=O)C(=O)C,AIDD_Results trypanosoma scaffold 1,AIDD_Results trypanosoma scaffold 1,0,HBA; ch,
,967,1035,false,false,false,255 255 255 255,false,,,,,,,0,0.944898,0.944898,N#Cc1cccc(N2C(=O)C)c1Sc(c23)ncn(c3=O)C(=O)C,AIDD_Results trypanosoma scaffold 1,AIDD_Results trypanosoma scaffold 1,0,Xm,
,968,15178,false,false,false,255 255 255 255,false,,,,,,,0,0.947563,0.947563,N#Cc1cncc(c12)C(CC3CN(C)C3)N4C(C2)COC(F)C4=O,AIDD_Results trypanosoma scaffold 1,AIDD_Results trypanosoma scaffold 1,0,Xm,
,969,23639,false,false,false,255 255 255 255,false,,,,,,,0,0.950229,0.950229,CN(C)CCCC1c(cccc2)c2S(=O)c(c13)ncn(c3=O)-c4ncno4,AIDD_Results trypanosoma scaffold 1,AIDD_Results trypanosoma scaffold 1,0,Xm,
,970,24912,false,false,false,255 255 255 255,false,,,,,,,0,0,0.949914,N=Cc(c1)c(C(=O)C)cc(c12)n(C)c(c2N)C(=O)N(C(=O)C)CC,AIDD_Results trypanosoma scaffold 1,AIDD_Results trypanosoma scaffold 1,0,1A2,
,971,18134,false,false,false,255 255 255 255,false,,,,,,,0,0.950776,0.950776,C1CN(CC2)C[C@@H](C12)CC3C(N=COC4=O)N4c(c35)ccc(c5)O,AIDD_Results trypanosoma scaffold 1,AIDD_Results trypanosoma scaffold 1,0,rat; Xr-,
,972,12304,false,false,false,255 255 255 255,false,,,,,,,0.2,0.752329,0.952329,C1CCC(C1=O)c2cc(C)cc(c23)N(C(C4N)CC(F)C4)Cc5c(S3=O)cc(=O)[nH]c5,AIDD_Results trypanosoma scaffold 1,AIDD_Results trypanosoma scaffold 1,0,Size; rat; Xr-,
,973,20219,false,false,false,255 255 255 255,false,,,,,,,0,0.953975,0.953975,C1CN(CC2)C(CC12)CC(N=CCS3)c(c34)ccoc4=O,AIDD_Results trypanosoma scaffold 1,AIDD_Results trypanosoma scaffold 1,0,hERG; Xm,
,974,16994,false,false,false,255 255 255 255,false,,,,,,,0.5225,0,0.961335,N#Cc1n(C(C)O)cc(c12)N(C(=O)C)c3c(O2)ncn(c3=O)C(=O)C,AIDD_Results trypanosoma scaffold 1,AIDD_Results trypanosoma scaffold 1,0,ch; 1A2,
,975,23348,false,false,false,255 255 255 255,false,,,,,,,0.464,0.5,0.964,NC(=O)c1cccc(c12)N(C(=O)C)C(CS2=O)C[C@H](C34)CN(CC4)CC3c5cn[nH]n5,AIDD_Results trypanosoma scaffold 1,AIDD_Results trypanosoma scaffold 1,0,Size; ch; Xr-,
,976,21135,false,false,false,255 255 255 255,false,,,,,,,0,0.966699,0.966699,CC(=O)NC(OC1)=Nc(c1c23)n(c2cccc3)C(F)[C@H]4CN(CC5)C=CC45,AIDD_Results trypanosoma scaffold 1,AIDD_Results trypanosoma scaffold 1,0,Xr-; Xm,
,977,7134,false,false,false,255 255 255 255,false,,,,,,,0,0,0.970749,C1CN(CC2)C[C@@H](C12)C(C#N)N3C=CSC=C3c(c4)ccc(c4C(=O)O)NC(=O)C,AIDD_Results trypanosoma scaffold 1,AIDD_Results trypanosoma scaffold 1,0,3A4,
,978,20788,false,false,false,255 255 255 255,false,,,,,,,0,0.973311,0.973311,CC(=O)N(CC)C(=O)C(C1N)N(C)c(c12)cc(cc2C=N)C(=O)c3ccccc3,AIDD_Results trypanosoma scaffold 1,AIDD_Results trypanosoma scaffold 1,0,Xr; Xm-,
,979,20482,false,false,false,255 255 255 255,false,,,,,,,0.556239,0,0.979979,c1cccc(c12)CC(C#N)C(=O)C2/C=C(\C34)CC(C(F)C3)CC4,AIDD_Results trypanosoma scaffold 1,AIDD_Results trypanosoma scaffold 1,0,Kow; Sw; fu,
,980,24948,false,false,false,255 255 255 255,false,,,,,,,0.2,0.781536,0.981536,C1C(=O)C=C(CC)N=C(C2=O)N1N(/C=C3/CCN(C)C3)C(=C24)CCc5c4ccc(=O)o5,AIDD_Results trypanosoma scaffold 1,AIDD_Results trypanosoma scaffold 1,0,Size; Xr-; Xm,
,981,2351,false,false,false,255 255 255 255,false,,,,,,,0.047,0,0.983619,n1coc(c12)c3c(cc2C(=O)O)N(C(=O)C(C(=O)O)CC)c4c(S3)ccc(Cl)c4,AIDD_Results trypanosoma scaffold 1,AIDD_Results trypanosoma scaffold 1,0,ch; fu,
,982,5095,false,false,false,255 255 255 255,false,,,,,,,0,0,0.98456,C1CN(CC2)C[C@@](C)(C12)Cn(c(c3)N)c(c34)C=CCC4=O,AIDD_Results trypanosoma scaffold 1,AIDD_Results trypanosoma scaffold 1,0,2D6,
,983,3934,false,false,false,255 255 255 255,false,,,,,,,0.047,0,0.985624,n1coc(c12)c3c(c(C)c2C(=O)O)N(C(=O)C(C(=O)O)CC)c4c(S3)ccc(Cl)c4,AIDD_Results trypanosoma scaffold 1,AIDD_Results trypanosoma scaffold 1,0,ch; fu,
,984,8428,false,false,false,255 255 255 255,false,,,,,,,0,0,0.987162,[nH]1ccc2n(C(=O)O)c(c3c12)N(S(=O)(=O)C)c4c(S3)ccc(C(F)(F)F)c4,AIDD_Results trypanosoma scaffold 1,AIDD_Results trypanosoma scaffold 1,0,fu,
,985,8407,false,false,false,255 255 255 255,false,,,,,,,0,0.779931,0.989912,CNC(C)CCC1n(cc(Cl)c(=O)c2)c2Sc(c13)ccc(=O)o3,AIDD_Results trypanosoma scaffold 1,AIDD_Results trypanosoma scaffold 1,0,hERG; Xm; 2D6,
,986,20939,false,false,false,255 255 255 255,false,,,,,,,0,0.991695,0.991695,C1CCC(C1=O)c2ccc(=O)n(N3)c2CC(C34)NC(=O)C4F,AIDD_Results trypanosoma scaffold 1,AIDD_Results trypanosoma scaffold 1,0,Xr,
,987,15001,false,false,false,255 255 255 255,false,,,,,,,0.492903,0.5,0.992903,NC(=O)C(C)N(C)CCCN(C=CS1=O)n(c12)c(=O)c(CN)cc2,AIDD_Results trypanosoma scaffold 1,AIDD_Results trypanosoma scaffold 1,0,HBD; Peff; Xm+,
,988,23109,false,false,false,255 255 255 255,false,,,,,,,0.49436,0.5,0.99436,CC(=O)Nc(cn1)c(=O)n(c12)C(C3N2C(=O)OC=N3)C(C)[C@H](C45)CN(CO5)CC4,AIDD_Results trypanosoma scaffold 1,AIDD_Results trypanosoma scaffold 1,0,HBA; Xr-,
,989,18662,false,false,false,255 255 255 255,false,,,,,,,0,0.995878,0.995878,CC(=O)n(c1=O)cnc(c12)Sc3c(cccc3C#N)N2C(=O)CC4=CCNCC4,AIDD_Results trypanosoma scaffold 1,AIDD_Results trypanosoma scaffold 1,0,Xm,
,990,17128,false,false,false,255 255 255 255,false,,,,,,,0,0,0.99665,C1CCC(C1=O)c2cc(CC(=O)O)cc(c23)Nc4c(S3)cccc4,AIDD_Results trypanosoma scaffold 1,AIDD_Results trypanosoma scaffold 1,0,fu,
,991,23177,false,false,false,255 255 255 255,false,,,,,,,0.4,0.597124,0.997124,C1C(=O)C=C(CF)N=C(C2=O)N1N(/C=C3/C(O)CN(C)C3)C(=C24)CCc5c4ccc(=O)o5,AIDD_Results trypanosoma scaffold 1,AIDD_Results trypanosoma scaffold 1,0,Size; Xr-; Xm,
,992,5170,false,false,false,255 255 255 255,false,,,,,,,0,0.12282,0.998325,C1CN(CC2)C[C@@H](C12)Cn(cc3)c(c34)SCCC4=O,AIDD_Results trypanosoma scaffold 1,AIDD_Results trypanosoma scaffold 1,0,hERG; 2D6,
,993,3652,false,false,false,255 255 255 255,false,,,,,,,0,0,0.999098,O=C1CC(F)CC(=C12)N(C/C=C/N(C)C)c3c(S2)ccc(=O)[nH]3,AIDD_Results trypanosoma scaffold 1,AIDD_Results trypanosoma scaffold 1,0,3A4,
,994,5123,false,false,false,255 255 255 255,false,,,,,,,0,0,1,CN1CC(C(C1=O)N)N(C2)c(cc(C)cc3)c3S(=O)c(c24)cc(=O)[nH]c4,AIDD_Results trypanosoma scaffold 1,AIDD_Results trypanosoma scaffold 1,0,2C19,
,995,6711,false,false,false,255 255 255 255,false,,,,,,,0,1,1,C[N+]1(C)CC(CC1)C(=O)N2C(NC=CC3)C3Sc(c24)cccc4,AIDD_Results trypanosoma scaffold 1,AIDD_Results trypanosoma scaffold 1,0,Xm,
,996,5482,false,false,false,255 255 255 255,false,,,,,,,0,1,1,CC(=O)n(c1=O)cnc(c12)SC3=C(N2C=O)CC(C(=O)N)C=C3,AIDD_Results trypanosoma scaffold 1,AIDD_Results trypanosoma scaffold 1,0,HEPX,
,997,2856,false,false,false,255 255 255 255,false,,,,,,,0,0,1,C1CN(CC2)C[C@@H](C12)Cn(cc3)c(c34)CCCC4=O,AIDD_Results trypanosoma scaffold 1,AIDD_Results trypanosoma scaffold 1,0,2D6,
,998,3607,false,false,false,255 255 255 255,false,,,,,,,0,1,1,C1CN(CO2)C[C@@H](C12)Cn(cc3)c(c34)C=COS4(=O)=O,AIDD_Results trypanosoma scaffold 1,AIDD_Results trypanosoma scaffold 1,0,MUT,
,999,6011,false,false,false,255 255 255 255,false,,,,,,,0,1,1,N#CC(C12)CN(CC2)C(N)[C@@H]1N(C=CS3)n(c34)c(=O)ccc4,AIDD_Results trypanosoma scaffold 1,AIDD_Results trypanosoma scaffold 1,0,Xm,
,1000,2861,false,false,false,255 255 255 255,false,,,,,,,0,0,1,CCC(=O)c1c(C)n(cc1)C[C@H](C23)CN(CC2)CC3,AIDD_Results trypanosoma scaffold 1,AIDD_Results trypanosoma scaffold 1,0,2D6,
,1001,2553,false,false,false,255 255 255 255,false,,,,,,,0,0,1,CN(C)C(=O)C(N)CN(C1)c(cc(C)cc2)c2S(=O)c(c13)cccc3,AIDD_Results trypanosoma scaffold 1,AIDD_Results trypanosoma scaffold 1,0,2C19,
,1002,4900,false,false,false,255 255 255 255,false,,,,,,,0,1,1,CC(=O)c(cc1)cc(c1c23)n(C(=O)C)c2ccc(c3)C(CN)CO,AIDD_Results trypanosoma scaffold 1,AIDD_Results trypanosoma scaffold 1,0,MUT,
,1003,6641,false,false,false,255 255 255 255,false,,,,,,,0,1,1,OC1CN(CC2)C[C@@H](C12)CN3n(c(=O)ccc4)c4CN(C35)CCC5,AIDD_Results trypanosoma scaffold 1,AIDD_Results trypanosoma scaffold 1,0,Xr-; Xm+,
,1004,4820,false,false,false,255 255 255 255,false,,,,,,,0,1,1,O=C(O)c1cccc(c12)SC=CN2[C@H](C34)N(CC4)C(C3)c5ccoc5,AIDD_Results trypanosoma scaffold 1,AIDD_Results trypanosoma scaffold 1,0,Xr-; Xm-,
,1005,2522,false,false,false,255 255 255 255,false,,,,,,,0,1,1,O=C(O)c1cccc(c12)SC=CN2C[C@H](C34)CN(CC4)C(C3)c5ccoc5,AIDD_Results trypanosoma scaffold 1,AIDD_Results trypanosoma scaffold 1,0,Xr-; Xm-,
,1006,1928,false,false,false,255 255 255 255,false,,,,,,,0,0,1,c1cc(Cl)c(C(=O)O)c2n(C(=O)CCC)c(c3c12)ccc(c3)-c4nn[nH]n4,AIDD_Results trypanosoma scaffold 1,AIDD_Results trypanosoma scaffold 1,0,fu,
,1007,2092,false,false,false,255 255 255 255,false,,,,,,,0,0,1,C1CCC(C1=O)c(c2)ccc(N3C(=O)CC)c2Oc(c34)ccc(Cl)c4C(=O)O,AIDD_Results trypanosoma scaffold 1,AIDD_Results trypanosoma scaffold 1,0,fu,
,1008,5110,false,false,false,255 255 255 255,false,,,,,,,0,1,1,O=C(O)c1cccc(c12)SC=CN2[C@H]3CN(CC4)CC(C34)c5ccoc5,AIDD_Results trypanosoma scaffold 1,AIDD_Results trypanosoma scaffold 1,0,Xr-; Xm-,
,1009,3859,false,false,false,255 255 255 255,false,,,,,,,0,1,1,N#Cc1cccc(N2C(=O)C)c1Sc(n3)c2c(=O)n(c34)CNC4=O,AIDD_Results trypanosoma scaffold 1,AIDD_Results trypanosoma scaffold 1,0,Xm,
,1010,6164,false,false,false,255 255 255 255,false,,,,,,,0,0,1,CN1CCNC(C1=O)CN(C2)c(cc(C)cc3)c3S(=O)c(c24)cccc4,AIDD_Results trypanosoma scaffold 1,AIDD_Results trypanosoma scaffold 1,0,2C19,
,1011,2535,false,false,false,255 255 255 255,false,,,,,,,0,1,1,CN(C)CC#CN1c(oc(=O)cc2)c2Sc(c13)[nH]c(=O)c(Cl)c3,AIDD_Results trypanosoma scaffold 1,AIDD_Results trypanosoma scaffold 1,0,MUT,
,1012,5139,false,false,false,255 255 255 255,false,,,,,,,0,1,1,C1CN=CCC1CC(N2)C(=O)Sc(c23)cccc3,AIDD_Results trypanosoma scaffold 1,AIDD_Results trypanosoma scaffold 1,0,Xm,
,1013,5494,false,false,false,255 255 255 255,false,,,,,,,0,1,1,C1CN(CC2)C[C@@H](C12O)CN(CCS3)n(c34)c(=O)ccc4,AIDD_Results trypanosoma scaffold 1,AIDD_Results trypanosoma scaffold 1,0,Xm,
,1014,3699,false,false,false,255 255 255 255,false,,,,,,,0,1,1,C1CN(CC2)C[C@@H](C12)Cn(cc3)c(c34)cc(cc4)S(=O)(=O)C,AIDD_Results trypanosoma scaffold 1,AIDD_Results trypanosoma scaffold 1,0,MUT,
,1015,2593,false,false,false,255 255 255 255,false,,,,,,,0,1,1,C1CN(CC2)C[C@@H](C12)CN3n(c(=O)ccc4)c4CC(=C35)N(CC5)S(=O)(=O)C,AIDD_Results trypanosoma scaffold 1,AIDD_Results trypanosoma scaffold 1,0,Xr-; Xm+,
,1016,4771,false,false,false,255 255 255 255,false,,,,,,,0,1,1,CC(=O)c(c1)ccc(c12)Cc3n(N(C2)S(=O)(=O)C)c(=O)c(C(=O)N)cc3,AIDD_Results trypanosoma scaffold 1,AIDD_Results trypanosoma scaffold 1,0,MUT,
,1017,2220,false,false,false,255 255 255 255,false,,,,,,,0,0,1,C1CN(CC2)C[C@@H](C12)Cn(cc3)c(c34)C=CCC4=O,AIDD_Results trypanosoma scaffold 1,AIDD_Results trypanosoma scaffold 1,0,2D6,
,1018,6429,false,false,false,255 255 255 255,false,,,,,,,0,1,1,C1CN(CC2)C[C@@H](C12)C(=O)C3CC(SC=N3)C4=CCOC(=O)C4,AIDD_Results trypanosoma scaffold 1,AIDD_Results trypanosoma scaffold 1,0,HEPX,
,1019,2757,false,false,false,255 255 255 255,false,,,,,,,0,0,1,C1CN(CC2)C[C@@](C)(C12)Cn(cc3)c(c34)C=CCC4=O,AIDD_Results trypanosoma scaffold 1,AIDD_Results trypanosoma scaffold 1,0,2D6,
,1020,2062,false,false,false,255 255 255 255,false,,,,,,,0,1,1,CN(C1)CCC1CN2N(C(=O)C(C)CC3)C3S(=O)(=O)c(c24)cccc4,AIDD_Results trypanosoma scaffold 1,AIDD_Results trypanosoma scaffold 1,0,Xr-; Xm-,
,1021,4125,false,false,false,255 255 255 255,false,,,,,,,0,0,1,CCC(=O)c1c(C)n(cc1)[C@H](C23)CN(CC2)CC3,AIDD_Results trypanosoma scaffold 1,AIDD_Results trypanosoma scaffold 1,0,2D6,
,1022,6341,false,false,false,255 255 255 255,false,,,,,,,0,0,1,C1CCC(C1=O)CC(=O)c2c(F)n(cc2)C[C@H](C34)CN(CC3)CC4,AIDD_Results trypanosoma scaffold 1,AIDD_Results trypanosoma scaffold 1,0,2D6,
,1023,4802,false,false,false,255 255 255 255,false,,,,,,,0,1,1,CC(=O)NC1CNC(C12)Sc3n(c(=O)ccc3)N2C[C@H](C45)CN(CC4)CC5,AIDD_Results trypanosoma scaffold 1,AIDD_Results trypanosoma scaffold 1,0,Xr-; Xm+,
,1024,5050,false,false,false,255 255 255 255,false,,,,,,,0,0,1,O=c1oc(C)cc(c12)n(CCCN(C)C)c3c(c2=O)cccc3,AIDD_Results trypanosoma scaffold 1,AIDD_Results trypanosoma scaffold 1,0,2D6,
,1025,4597,false,false,false,255 255 255 255,false,,,,,,,0,0,1,C1CCC(C1=O)CC(=O)c2c(C)n(cc2)C[C@H](C34)CN(CC3)CC4,AIDD_Results trypanosoma scaffold 1,AIDD_Results trypanosoma scaffold 1,0,2D6,
,1026,4687,false,false,false,255 255 255 255,false,,,,,,,0,1,1,CC(=O)C1C=CN(C1C)C[C@H](C23)CN(CC2)CC3,AIDD_Results trypanosoma scaffold 1,AIDD_Results trypanosoma scaffold 1,0,Xr-; Xm-,
,1027,5422,false,false,false,255 255 255 255,false,,,,,,,0,1,1,C1CN(CC2)C[C@@H](C12)CC3C=CS(=O)(=O)c(c34)oc(=O)cc4CF,AIDD_Results trypanosoma scaffold 1,AIDD_Results trypanosoma scaffold 1,0,MUT,
,1028,3497,false,false,false,255 255 255 255,false,,,,,,,0,1,1,CCC(=O)C1C=CN(C1C)C[C@H](C23)CN(CC2)CC3,AIDD_Results trypanosoma scaffold 1,AIDD_Results trypanosoma scaffold 1,0,Xr-; Xm-,
,1029,2616,false,false,false,255 255 255 255,false,,,,,,,0,0,1,CN(C)CCCN(C1)C(=C\C(O)CC)\CS(=O)(=O)c(c12)cccc2,AIDD_Results trypanosoma scaffold 1,AIDD_Results trypanosoma scaffold 1,0,2C19,
,1030,4764,false,false,false,255 255 255 255,false,,,,,,,0,0,1,CN(C)CCCn(c(c12)c(C)c(=O)oc2)c3c(c1=O)cncc3,AIDD_Results trypanosoma scaffold 1,AIDD_Results trypanosoma scaffold 1,0,2D6,
,1031,4422,false,false,false,255 255 255 255,false,,,,,,,0,1,1,CN1CCC1CN(N(C=23)C(=O)C(C)C2)c4c(S3(=O)=O)cccc4C(C5=O)CCC5,AIDD_Results trypanosoma scaffold 1,AIDD_Results trypanosoma scaffold 1,0,Xr-; Xm-,
,1032,5351,false,false,false,255 255 255 255,false,,,,,,,0,1,1,C1CN(CC2)C[C@@H](C12)Cc3c(n(S(=O)(=O)C)ccc4=O)n4c(c35)nc[nH]c5=N,AIDD_Results trypanosoma scaffold 1,AIDD_Results trypanosoma scaffold 1,0,Xr-; Xm-,
,1033,3761,false,false,false,255 255 255 255,false,,,,,,,1,0,1,NC(=O)C(C1)CCC(C2)C1N(CCC[N+](C)(C)C)c(c23)cccc3,AIDD_Results trypanosoma scaffold 1,AIDD_Results trypanosoma scaffold 1,0,Peff,
,1034,4450,false,false,false,255 255 255 255,false,,,,,,,1,0,1,C#C[N+](C)(C)CC(C(=O)N)CN(c(c12)cc(Cl)cc1O)c3c(S2(=O)=O)cccc3,AIDD_Results trypanosoma scaffold 1,AIDD_Results trypanosoma scaffold 1,0,Peff,
,1035,7032,false,false,false,255 255 255 255,false,,,,,,,0,1,1,C1CN(CC2)C[C@@H](C12)CCC3C=CS(=O)(=O)c(c34)cccc4,AIDD_Results trypanosoma scaffold 1,AIDD_Results trypanosoma scaffold 1,0,MUT,
,1036,7116,false,false,false,255 255 255 255,false,,,,,,,0,1,1,O=c1ccnc2n1n(CCCN(C)C)c(c23)c(Cl)cc(c3)-c4ccncn4,AIDD_Results trypanosoma scaffold 1,AIDD_Results trypanosoma scaffold 1,0,Xm,
,1037,7179,false,false,false,255 255 255 255,false,,,,,,,0,1,1,Clc1cccc(c12)n(\C=C(\C(=O)O)CN(C)C)c3c(c2=O)cc(C)nc3,AIDD_Results trypanosoma scaffold 1,AIDD_Results trypanosoma scaffold 1,0,MUT,
,1038,7294,false,false,false,255 255 255 255,false,,,,,,,0,1,1,N#CC1=CC(C(=O)C)CC(N2C=O)C1Sc(c23)ncn(c3=O)C(=O)C,AIDD_Results trypanosoma scaffold 1,AIDD_Results trypanosoma scaffold 1,0,HEPX,
,1039,7447,false,false,false,255 255 255 255,false,,,,,,,0,0,1,C1CN(CC2)C(C)[C@@H](C12)Cn(cc3)c(c34)ncc(=O)o4,AIDD_Results trypanosoma scaffold 1,AIDD_Results trypanosoma scaffold 1,0,2D6,
,1040,7514,false,false,false,255 255 255 255,false,,,,,,,0,1,1,O=S1(=O)C=CC(C=C1)CC[C@H](C23)CN(CC2)CC3,AIDD_Results trypanosoma scaffold 1,AIDD_Results trypanosoma scaffold 1,0,MUT,
,1041,7532,false,false,false,255 255 255 255,false,,,,,,,0,1,1,C1CN(CC2)C(CC12O)CN(CCS3)n(c34)c(=O)ccc4C,AIDD_Results trypanosoma scaffold 1,AIDD_Results trypanosoma scaffold 1,0,Xm,
,1042,7563,false,false,false,255 255 255 255,false,,,,,,,0,1,1,CC(=O)NC12[C@H](CN(CC1)CC2)CN(CCS3)n(c34)c(=O)ccc4,AIDD_Results trypanosoma scaffold 1,AIDD_Results trypanosoma scaffold 1,0,Xm,
,1043,7569,false,false,false,255 255 255 255,false,,,,,,,0,0,1,CN(C)CCCn(ccc1=O)c(c12)cc(C)sc2=O,AIDD_Results trypanosoma scaffold 1,AIDD_Results trypanosoma scaffold 1,0,2D6,
,1044,7662,false,false,false,255 255 255 255,false,,,,,,,0,1,1,CCN(C1)CCC1N2N(C(=O)C(C)CC3)C3S(=O)(=O)c(c24)cccc4,AIDD_Results trypanosoma scaffold 1,AIDD_Results trypanosoma scaffold 1,0,Xr-; Xm-,
,1045,7744,false,false,false,255 255 255 255,false,,,,,,,0,0,1,CN(C)C(=O)C(N)CN(C1)c(cc(C)cc2)c2S(=O)c(c13)c[nH]c(=O)c3,AIDD_Results trypanosoma scaffold 1,AIDD_Results trypanosoma scaffold 1,0,2C19,
,1046,7811,false,false,false,255 255 255 255,false,,,,,,,0,1,1,C1CN(CC2)CC(=C12)CN(CC3)C(C34)S(=O)(=O)CCC4=O,AIDD_Results trypanosoma scaffold 1,AIDD_Results trypanosoma scaffold 1,0,MUT,
,1047,7860,false,false,false,255 255 255 255,false,,,,,,,0,1,1,C1CN(CC2)C(CC12O)CN(CCS3)n(c34)c(=O)ccc4,AIDD_Results trypanosoma scaffold 1,AIDD_Results trypanosoma scaffold 1,0,Xm,
,1048,7901,false,false,false,255 255 255 255,false,,,,,,,0,1,1,O=C1NCN=C(S2)N1N(CCC)c(c(F)c3Cl)c2c(c34)OCC4N,AIDD_Results trypanosoma scaffold 1,AIDD_Results trypanosoma scaffold 1,0,Xm,
,1049,7908,false,false,false,255 255 255 255,false,,,,,,,0,1,1,C1CN(CC2)C[C@@H](C12)C(O)C(C=C3)C(C3=4)COC(=O)C4,AIDD_Results trypanosoma scaffold 1,AIDD_Results trypanosoma scaffold 1,0,HEPX,
,1050,7941,false,false,false,255 255 255 255,false,,,,,,,0,1,1,C1CN(CC2)C[C@@H](C12)CC3C=CC(C3C)S(=O)(=O)CC,AIDD_Results trypanosoma scaffold 1,AIDD_Results trypanosoma scaffold 1,0,MUT,
,1051,7971,false,false,false,255 255 255 255,false,,,,,,,0,1,1,O=C(O)c1cccc(c12)SC=CN2C3CN(CC4)CC(C34)c5ccoc5,AIDD_Results trypanosoma scaffold 1,AIDD_Results trypanosoma scaffold 1,0,Xr-; Xm-,
,1052,7998,false,false,false,255 255 255 255,false,,,,,,,0,1,1,C1CN(CC2)C[C@@H](C12)CC3C=CS(=O)(=O)c(c34)cccc4,AIDD_Results trypanosoma scaffold 1,AIDD_Results trypanosoma scaffold 1,0,MUT,
,1053,8002,false,false,false,255 255 255 255,false,,,,,,,0,1,1,O=c1ccnc2n1n(CCCN(C)C)c(c23)c(Cl)ccc3-c4ccncn4,AIDD_Results trypanosoma scaffold 1,AIDD_Results trypanosoma scaffold 1,0,Xm,
,1054,8445,false,false,false,255 255 255 255,false,,,,,,,0,1,1,FCC(=O)NC12[C@H](CN(CC1)CC2)CN(CCS3)n(c34)c(=O)ccc4,AIDD_Results trypanosoma scaffold 1,AIDD_Results trypanosoma scaffold 1,0,Xm,
,1055,8584,false,false,false,255 255 255 255,false,,,,,,,0,1,1,C1CN(CC2)C[C@@H](C12)Cn(cc3)c(c34)c(S(=O)(=O)C)ccc4,AIDD_Results trypanosoma scaffold 1,AIDD_Results trypanosoma scaffold 1,0,MUT,
,1056,8652,false,false,false,255 255 255 255,false,,,,,,,0,0,1,CC(=O)n(cn1)c(=O)c(c1c23)n(C)c2cccc3C=N,AIDD_Results trypanosoma scaffold 1,AIDD_Results trypanosoma scaffold 1,0,1A2,
,1057,8865,false,false,false,255 255 255 255,false,,,,,,,0,0,1,CN(C)CCCn(ccc1=O)c(c12)C=C(C)CC2=O,AIDD_Results trypanosoma scaffold 1,AIDD_Results trypanosoma scaffold 1,0,2D6,
,1058,8970,false,false,false,255 255 255 255,false,,,,,,,0,1,1,O=C(O)c1cccc(c12)SC(c3cncs3)=CN2CC(CC45O)N(CC4)CC5,AIDD_Results trypanosoma scaffold 1,AIDD_Results trypanosoma scaffold 1,0,Xr-; Xm-,
,1059,9109,false,false,false,255 255 255 255,false,,,,,,,0,1,1,C1CN(CC2)C[C@@H](C12)CN3c(cccc4)c4CC(C35)NCC5,AIDD_Results trypanosoma scaffold 1,AIDD_Results trypanosoma scaffold 1,0,Xr-; Xm+,
,1060,9111,false,false,false,255 255 255 255,false,,,,,,,0,1,1,C1CN(CC2)C[C@@H](C12)CN(C3CCC=C4)C(C5C34)NC=NC5,AIDD_Results trypanosoma scaffold 1,AIDD_Results trypanosoma scaffold 1,0,Xr-; Xm-,
,1061,9280,false,false,false,255 255 255 255,false,,,,,,,0,1,1,C1CN(CC2)C[C@@H](C12)C(=O)C3CC(SC=N3)C4=CCC(=O)OC4,AIDD_Results trypanosoma scaffold 1,AIDD_Results trypanosoma scaffold 1,0,HEPX,
,1062,9454,false,false,false,255 255 255 255,false,,,,,,,0,1,1,NC(=O)c1cccc(c12)N(CCS2=O)C[C@H](C34)CN(CC4)CC3n5cncn5,AIDD_Results trypanosoma scaffold 1,AIDD_Results trypanosoma scaffold 1,0,Xr-; Xm+,
,1063,9477,false,false,false,255 255 255 255,false,,,,,,,0,1,1,CNC(=O)C(CC1)CC(C1C23)N(C2NCC3)CC(C)(CC45)N(CC4)CC5,AIDD_Results trypanosoma scaffold 1,AIDD_Results trypanosoma scaffold 1,0,Xr-; Xm-,
,1064,9600,false,false,false,255 255 255 255,false,,,,,,,0,1,1,o1cccc1C(C(C(=O)N)CN(C)C)N(C=C(S2)C(=O)C)n(c23)c(=O)c(Cl)cn3,AIDD_Results trypanosoma scaffold 1,AIDD_Results trypanosoma scaffold 1,0,Xm,
,1065,9745,false,false,false,255 255 255 255,false,,,,,,,0,1,1,CN1CCC1CN(N(C=23)C(=O)C(C2)CN)c4c(S3)c(=O)ccn4C5CCCC5,AIDD_Results trypanosoma scaffold 1,AIDD_Results trypanosoma scaffold 1,0,Xr-; Xm+,
,1066,9775,false,false,false,255 255 255 255,false,,,,,,,0,1,1,O=S1(=O)C=CC(C=C1)/C=C/[C@H](C23)CN(CC2)CC3,AIDD_Results trypanosoma scaffold 1,AIDD_Results trypanosoma scaffold 1,0,MUT,
,1067,9821,false,false,false,255 255 255 255,false,,,,,,,0,1,1,C1CN(CC2)C[C@@H](C12)CC(=CN3C(=O)C)S(=O)(=O)c(c34)cccc4[N+]([O-])=O,AIDD_Results trypanosoma scaffold 1,AIDD_Results trypanosoma scaffold 1,0,MUT,
,1068,10011,false,false,false,255 255 255 255,false,,,,,,,0,1,1,O=C(O)c1cccc(c12)SC(c3cncs3)=CN2CC(CC45F)N(CC4)CC5,AIDD_Results trypanosoma scaffold 1,AIDD_Results trypanosoma scaffold 1,0,Xr-; Xm+,
,1069,10054,false,false,false,255 255 255 255,false,,,,,,,0,0,1,Cc1cccc(c12)S(=O)c3c(cc[nH]c3=O)CN2C(C(C4=O)N)CN4C,AIDD_Results trypanosoma scaffold 1,AIDD_Results trypanosoma scaffold 1,0,2C19,
,1070,10075,false,false,false,255 255 255 255,false,,,,,,,0,1,1,CCCN(C1)CN(n(c12)c(=O)ccc2)C[C@H](C34)CN(CC4)CC3O,AIDD_Results trypanosoma scaffold 1,AIDD_Results trypanosoma scaffold 1,0,Xr-; Xm+,
,1071,10145,false,false,false,255 255 255 255,false,,,,,,,0,1,1,CCN(C1)CC=C1CN2N(C(=O)CC(C)C3)C3S(=O)(=O)c(c24)cccc4,AIDD_Results trypanosoma scaffold 1,AIDD_Results trypanosoma scaffold 1,0,Xr-; Xm-,
,1072,10563,false,false,false,255 255 255 255,false,,,,,,,0,1,1,O=C(O)c1cccc(c12)SC=CN2[C@H](C34)N(C(C)C3)NC4,AIDD_Results trypanosoma scaffold 1,AIDD_Results trypanosoma scaffold 1,0,MUT,
,1073,10573,false,false,false,255 255 255 255,false,,,,,,,0,1,1,C1CN(CC2)C(C)[C@@H](C12)C(=O)N3n(c(=O)ccc4)c4SC(=C35)N(CC5)S(=O)(=O)C,AIDD_Results trypanosoma scaffold 1,AIDD_Results trypanosoma scaffold 1,0,Xr-; Xm+,
,1074,10667,false,false,false,255 255 255 255,false,,,,,,,0,1,1,C1CN(CC2)C[C@@H](C12)CC(=CN3C(=O)C)S(=O)(=O)C(=C34)CCC=C4[N+]([O-])=O,AIDD_Results trypanosoma scaffold 1,AIDD_Results trypanosoma scaffold 1,0,MUT,
,1075,10693,false,false,false,255 255 255 255,false,,,,,,,0,0,1,CN(C)C(=O)C(N)CN(C1)c(cc(C)cc2)c2S(=O)C(C1=3)=CCC(C3)O,AIDD_Results trypanosoma scaffold 1,AIDD_Results trypanosoma scaffold 1,0,2C19,
,1076,10783,false,false,false,255 255 255 255,false,,,,,,,1,0,1,c1nc[nH]c(=O)c1C[N+]2(C)CCC(OC2)N(C=CCC3)c(c34)cc(Cl)cc4,AIDD_Results trypanosoma scaffold 1,AIDD_Results trypanosoma scaffold 1,0,Peff,
,1077,10846,false,false,false,255 255 255 255,false,,,,,,,0,0,1,CCC(=O)c1n(C)c(c(c12)occ2)C[C@H](C34)CN(CC3)CC4,AIDD_Results trypanosoma scaffold 1,AIDD_Results trypanosoma scaffold 1,0,2D6,
,1078,10852,false,false,false,255 255 255 255,false,,,,,,,0,0,1,C1CN(CC2)C[C@@H](C12)C(=O)C(CCC3)C(C3=4)COC(=O)C4,AIDD_Results trypanosoma scaffold 1,AIDD_Results trypanosoma scaffold 1,0,2D6,
,1079,10947,false,false,false,255 255 255 255,false,,,,,,,0,1,1,N#CC1CC(C(=O)NC)CC2N(C(C3C12C)NCC3)CC(CC45)N(CC4)CC5,AIDD_Results trypanosoma scaffold 1,AIDD_Results trypanosoma scaffold 1,0,Xr-; Xm+,
,1080,11128,false,false,false,255 255 255 255,false,,,,,,,0,1,1,CC(=O)NC1CNC(C12)SC3N(C(=O)CCC3)N2C[C@H](C45)CN(CC4)CC5,AIDD_Results trypanosoma scaffold 1,AIDD_Results trypanosoma scaffold 1,0,Xr-; Xm-,
,1081,11141,false,false,false,255 255 255 255,false,,,,,,,0,1,1,CCC(=O)C(C)C(C)N(C)C[C@H](C12)CN(CC1)CC2,AIDD_Results trypanosoma scaffold 1,AIDD_Results trypanosoma scaffold 1,0,Xr-; Xm-,
,1082,11566,false,false,false,255 255 255 255,false,,,,,,,0,0,1,C1CN(CC2)C[C@@H](C12)C(C#N)n(c(c34)c(=O)cc[nH]4)c(c3)N/C=N/C,AIDD_Results trypanosoma scaffold 1,AIDD_Results trypanosoma scaffold 1,0,2D6,
,1083,11668,false,false,false,255 255 255 255,false,,,,,,,0,1,1,c1cc(=S)n(C(=O)O)c(c12)N(C=CS2)C[C@H](C34)CN(CC3)C(S4)C(CC)OC,AIDD_Results trypanosoma scaffold 1,AIDD_Results trypanosoma scaffold 1,0,Xr-; Xm-,
,1084,11729,false,false,false,255 255 255 255,false,,,,,,,0,1,1,C1CN(CO2)C[C@@H](C12)C#CN(C=CO3)c(c34)cc[nH]c4=O,AIDD_Results trypanosoma scaffold 1,AIDD_Results trypanosoma scaffold 1,0,MUT,
,1085,11761,false,false,false,255 255 255 255,false,,,,,,,0,0,1,C1CN(CC2)C(C)[C@@H](C12)Cn(c3)cc(c34)oc(=O)cn4,AIDD_Results trypanosoma scaffold 1,AIDD_Results trypanosoma scaffold 1,0,2D6,
,1086,11847,false,false,false,255 255 255 255,false,,,,,,,0,0,1,CN1CC(C(C1=O)N)N2Cc(cc[nH]c3=O)c3S(=O)c(c24)cccc4Cl,AIDD_Results trypanosoma scaffold 1,AIDD_Results trypanosoma scaffold 1,0,2C19,
,1087,11946,false,false,false,255 255 255 255,false,,,,,,,0,0,1,C1CCCCC1=CC(=O)N(N2)CCC(C23)NCC3,AIDD_Results trypanosoma scaffold 1,AIDD_Results trypanosoma scaffold 1,0,2D6,
,1088,12085,false,false,false,255 255 255 255,false,,,,,,,0,1,1,O=C(O)c1ccc(O)c(c12)SC(c3cncs3)=CCN2CC(CC45F)N(CC4)CC5,AIDD_Results trypanosoma scaffold 1,AIDD_Results trypanosoma scaffold 1,0,Xr-; Xm-,
,1089,12092,false,false,false,255 255 255 255,false,,,,,,,0.5,0.5,1,CN(C)CCC(C)Nc(cc1)c(cc1CC)S(=O)c2c(=O)n(CN)cnc2,AIDD_Results trypanosoma scaffold 1,AIDD_Results trypanosoma scaffold 1,0,RotB; Xm-,
,1090,12186,false,false,false,255 255 255 255,false,,,,,,,0,1,1,CC(=O)c(c1O)c(F)cc(c12)Sc3c(N2C(=O)CF)ncn(c3=O)C(=O)C,AIDD_Results trypanosoma scaffold 1,AIDD_Results trypanosoma scaffold 1,0,Xr-; HEPX-,
,1091,12239,false,false,false,255 255 255 255,false,,,,,,,0,0,1,CC(=O)c1c(O)c(NC(=O)C)c(cc1)SC(\C)=C\C(C(=O)O)Cc2ccccc2,AIDD_Results trypanosoma scaffold 1,AIDD_Results trypanosoma scaffold 1,0,fu,
,1092,12244,false,false,false,255 255 255 255,false,,,,,,,0,1,1,CN1CCC1CN(N(C=23)C(=O)C(CF)C2)c4c(S3(=O)=O)cc(=O)oc4,AIDD_Results trypanosoma scaffold 1,AIDD_Results trypanosoma scaffold 1,0,MUT,
,1093,12254,false,false,false,255 255 255 255,false,,,,,,,0,0,1,C1CN(CC2)C(C)[C@@H](C12)Cn(c3)cc(c34)nccc4,AIDD_Results trypanosoma scaffold 1,AIDD_Results trypanosoma scaffold 1,0,2D6,
,1094,12438,false,false,false,255 255 255 255,false,,,,,,,0,1,1,CC(=O)NC1CN(CC2)C[C@@H](C12)CC3C(n4cncn4)CSC(C35)CC(N)CC5,AIDD_Results trypanosoma scaffold 1,AIDD_Results trypanosoma scaffold 1,0,Xr-; Xm+,
,1095,12484,false,false,false,255 255 255 255,false,,,,,,,0,1,1,CC(=O)N(CC1)C(C=12)Nc3c(S2)ncn(c3=O)C(=O)C,AIDD_Results trypanosoma scaffold 1,AIDD_Results trypanosoma scaffold 1,0,HEPX,
,1096,12712,false,false,false,255 255 255 255,false,,,,,,,0,1,1,C1CN(CC2)C[C@@H](C12)CC3C(NC=NC4)N4C(C35)C=CCC5,AIDD_Results trypanosoma scaffold 1,AIDD_Results trypanosoma scaffold 1,0,Xr-; Xm-,
,1097,12744,false,false,false,255 255 255 255,false,,,,,,,0,0,1,CN(C)C(=O)C(N)CN1C/C(=C\C(O)CC)CS(=O)c(c12)ccc(C)c2,AIDD_Results trypanosoma scaffold 1,AIDD_Results trypanosoma scaffold 1,0,2C19,
,1098,12825,false,false,false,255 255 255 255,false,,,,,,,0,1,1,C1CN(CC2)C(CC12)CCn(c3CCC=C4)c(c5c34)N(C)C=NC5,AIDD_Results trypanosoma scaffold 1,AIDD_Results trypanosoma scaffold 1,0,Xr-; Xm+,
,1099,12843,false,false,false,255 255 255 255,false,,,,,,,0,1,1,C1C(=O)C=Cc(c1c23)n(C)c2cccc3,AIDD_Results trypanosoma scaffold 1,AIDD_Results trypanosoma scaffold 1,0,MUT,
,1100,12914,false,false,false,255 255 255 255,false,,,,,,,0,1,1,O1CC(=O)C(C#N)=Nc(c12)n(c(c2)[N+]([O-])=O)CC(C34)=C(C)N(CC3)CC4,AIDD_Results trypanosoma scaffold 1,AIDD_Results trypanosoma scaffold 1,0,MUT,
,1101,12990,false,false,false,255 255 255 255,false,,,,,,,0,1,1,C1CCCCC1=C([N+]([O-])=O)C(=O)N(N2)CCC(C23)NCC3,AIDD_Results trypanosoma scaffold 1,AIDD_Results trypanosoma scaffold 1,0,MUT,
,1102,13096,false,false,false,255 255 255 255,false,,,,,,,0,1,1,O1CC(=O)C(C#N)=Nc(c12)n(cc2[N+]([O-])=O)CC(C34)=C(C)N(CC3)CC4,AIDD_Results trypanosoma scaffold 1,AIDD_Results trypanosoma scaffold 1,0,MUT,
,1103,13197,false,false,false,255 255 255 255,false,,,,,,,0,1,1,CC(O1)NCC1C(=O)N(c(c23)cccc2)N4C(C3)=NC=C(Br)C(=O)C4,AIDD_Results trypanosoma scaffold 1,AIDD_Results trypanosoma scaffold 1,0,MUT,
,1104,13267,false,false,false,255 255 255 255,false,,,,,,,0,1,1,C1CN(CO2)C(CC12)c3ccn(c34)S(=O)(=O)COC=N4,AIDD_Results trypanosoma scaffold 1,AIDD_Results trypanosoma scaffold 1,0,MUT,
,1105,13361,false,false,false,255 255 255 255,false,,,,,,,0,1,1,C1CN(CC2)C[C@@H](C12)C(F)C3C(NC=NC4)N4C(C35)C=CCC5,AIDD_Results trypanosoma scaffold 1,AIDD_Results trypanosoma scaffold 1,0,Xr-; Xm+,
,1106,13409,false,false,false,255 255 255 255,false,,,,,,,0,1,1,N#CC(C12)CN(CC1N)C[C@@H]2N(C=CS3)n(c34)c(=O)ccc4,AIDD_Results trypanosoma scaffold 1,AIDD_Results trypanosoma scaffold 1,0,Xm,
,1107,13489,false,false,false,255 255 255 255,false,,,,,,,0,1,1,C1CN(CC2)C[C@@H](C12)CN(C3CCCC4)C(C5=C34)NC=NC5,AIDD_Results trypanosoma scaffold 1,AIDD_Results trypanosoma scaffold 1,0,Xr-; Xm+,
,1108,13495,false,false,false,255 255 255 255,false,,,,,,,0,0,1,c1cccc(c12)n(ccc2=O)[C@H](C34)CN(CC3)CC4,AIDD_Results trypanosoma scaffold 1,AIDD_Results trypanosoma scaffold 1,0,2D6,
,1109,13680,false,false,false,255 255 255 255,false,,,,,,,0,1,1,C1CN(CC2)C[C@@H](C12)CC3CNC(C34)CC(O)C=C4,AIDD_Results trypanosoma scaffold 1,AIDD_Results trypanosoma scaffold 1,0,Xr-; Xm-,
,1110,13730,false,false,false,255 255 255 255,false,,,,,,,0,1,1,C1CN(CC2)C[C@@H](C12)Cc3c(N(S(=O)(=O)C)C=CC4)n4c(c35)nc[nH]c5=N,AIDD_Results trypanosoma scaffold 1,AIDD_Results trypanosoma scaffold 1,0,Xr-; Xm-,
,1111,13801,false,false,false,255 255 255 255,false,,,,,,,0,1,1,CC(=O)n(c1=O)cnc(S2)c1N(C(=O)C)n(c23)cc(c3)C=N,AIDD_Results trypanosoma scaffold 1,AIDD_Results trypanosoma scaffold 1,0,Xm,
,1112,14071,false,false,false,255 255 255 255,false,,,,,,,0,1,1,C1CN(CC2)C[C@@H](C12)CC3C(NC=NC4)N4C(C35)C=CCC5O,AIDD_Results trypanosoma scaffold 1,AIDD_Results trypanosoma scaffold 1,0,Xr-; Xm+,
,1113,14150,false,false,false,255 255 255 255,false,,,,,,,0,1,1,CN(C)\C=C\Cc(c1[N+]([O-])=O)c(CC=CC(=O)C2)c2c(c13)ccoc3=O,AIDD_Results trypanosoma scaffold 1,AIDD_Results trypanosoma scaffold 1,0,MUT,
,1114,14166,false,false,false,255 255 255 255,false,,,,,,,0,1,1,C1CN(CC2)C[C@@H](C12)C(O)C(=C3)CC(C3=4)COC(=O)C4,AIDD_Results trypanosoma scaffold 1,AIDD_Results trypanosoma scaffold 1,0,HEPX,
,1115,14171,false,false,false,255 255 255 255,false,,,,,,,1,0,1,C#C[N+](C)(C)CCCNc1c(cccc1)S(=O)(=O)c2c(Cl)ccc(c2)O,AIDD_Results trypanosoma scaffold 1,AIDD_Results trypanosoma scaffold 1,0,Peff,
,1116,14206,false,false,false,255 255 255 255,false,,,,,,,0,1,1,CCC(=O)C(C)C(C)CN(C)C[C@H](C12)CN(CC1)CC2,AIDD_Results trypanosoma scaffold 1,AIDD_Results trypanosoma scaffold 1,0,Xr-; Xm-,
,1117,14282,false,false,false,255 255 255 255,false,,,,,,,0,0,1,c1oc(=O)c(C)cc1C(=O)C2=CNCC=C2NCCCN(C)C,AIDD_Results trypanosoma scaffold 1,AIDD_Results trypanosoma scaffold 1,0,2D6,
,1118,14410,false,false,false,255 255 255 255,false,,,,,,,0,1,1,C1CN(CC2)C[C@@H](C12)CC3C=CS(=O)(=O)c(c34)cccc4[N+]([O-])=O,AIDD_Results trypanosoma scaffold 1,AIDD_Results trypanosoma scaffold 1,0,MUT,
,1119,14431,false,false,false,255 255 255 255,false,,,,,,,0,1,1,c1cn(C)c(c12)C=CC(=O)C2,AIDD_Results trypanosoma scaffold 1,AIDD_Results trypanosoma scaffold 1,0,HEPX,
,1120,14448,false,false,false,255 255 255 255,false,,,,,,,0,0,1,Cc1c(C)c(C#N)c(=O)n(c2=O)c1n(c(c23)cccc3)CC4CC(C)NC4,AIDD_Results trypanosoma scaffold 1,AIDD_Results trypanosoma scaffold 1,0,2D6,
,1121,14510,false,false,false,255 255 255 255,false,,,,,,,0,1,1,CC(=O)C1=CCC(=C12)Sc3c(N2C(=O)C)c(=O)n(cn3)C(=O)C,AIDD_Results trypanosoma scaffold 1,AIDD_Results trypanosoma scaffold 1,0,HEPX,
,1122,14676,false,false,false,255 255 255 255,false,,,,,,,0,0,1,C1CN(CC2)C(C)[C@@H](C12)Cn(cc3)c(c34)cccn4,AIDD_Results trypanosoma scaffold 1,AIDD_Results trypanosoma scaffold 1,0,2D6,
,1123,14694,false,false,false,255 255 255 255,false,,,,,,,0,0,1,c1cc(C(=O)O)cc(S2)c1N(S(=O)(=O)C)c(cc3C(F)(F)F)c2c(c34)coc4,AIDD_Results trypanosoma scaffold 1,AIDD_Results trypanosoma scaffold 1,0,fu,
,1124,14786,false,false,false,255 255 255 255,false,,,,,,,0,1,1,C1CN(C2)C[C@@H](C12)CC3C=CS(=O)(=O)c(c34)oc(=O)cc4,AIDD_Results trypanosoma scaffold 1,AIDD_Results trypanosoma scaffold 1,0,MUT,
,1125,14840,false,false,false,255 255 255 255,false,,,,,,,0,1,1,CC(=O)N(CC1)C(=C12)C(C=CS2(=O)=O)CCC(C3)N(CC4)C=CC34,AIDD_Results trypanosoma scaffold 1,AIDD_Results trypanosoma scaffold 1,0,HEPX,
,1126,14860,false,false,false,255 255 255 255,false,,,,,,,0,1,1,C1CN(CC2)C[C@@H](C12)CC(=O)N3C=CCC(=C34)OCC=C4,AIDD_Results trypanosoma scaffold 1,AIDD_Results trypanosoma scaffold 1,0,HEPX,
,1127,14923,false,false,false,255 255 255 255,false,,,,,,,0,1,1,O1CC(=O)C(C#N)=Nc(c12)n(cc2C(F)(F)F)CC(C34)=C(C)N(CC3)CC4,AIDD_Results trypanosoma scaffold 1,AIDD_Results trypanosoma scaffold 1,0,HEPX,
,1128,14970,false,false,false,255 255 255 255,false,,,,,,,0,1,1,C1CN(CC2)CC(C12O)CN(CCS3)n(c34)c(=O)ccc4C,AIDD_Results trypanosoma scaffold 1,AIDD_Results trypanosoma scaffold 1,0,Xm,
,1129,15090,false,false,false,255 255 255 255,false,,,,,,,0,1,1,C1CN(CC2)C[C@@H](C12)CCC3C=CS(=O)(=O)c(c34)oc(=O)cc4CF,AIDD_Results trypanosoma scaffold 1,AIDD_Results trypanosoma scaffold 1,0,MUT,
,1130,15097,false,false,false,255 255 255 255,false,,,,,,,0,1,1,NC(=O)NC(C1)N(CC2)C[C@@H](C12F)Cn(ccc3=O)n(c34)c(=O)ccc4Br,AIDD_Results trypanosoma scaffold 1,AIDD_Results trypanosoma scaffold 1,0,MUT,
,1131,15100,false,false,false,255 255 255 255,false,,,,,,,0,1,1,O=C(O)c1cccc(c12)SC=CN2C[C@H](C34)CN(CC4)C(C3)C5CC=CO5,AIDD_Results trypanosoma scaffold 1,AIDD_Results trypanosoma scaffold 1,0,Xr-; Xm-,
,1132,15385,false,false,false,255 255 255 255,false,,,,,,,0,1,1,NCC(=O)c1[nH]cc(c12)N(C=CS2=O)[C@H]3CN(CC4)CC(C34)n5cncn5,AIDD_Results trypanosoma scaffold 1,AIDD_Results trypanosoma scaffold 1,0,Xr-; Xm+,
,1133,15417,false,false,false,255 255 255 255,false,,,,,,,0,1,1,N#Cc1cc(NC(=O)C)cc(c12)SC=NC2C(O)C[C@H](C34)CN(CC3)CC4,AIDD_Results trypanosoma scaffold 1,AIDD_Results trypanosoma scaffold 1,0,Xm,
,1134,15597,false,false,false,255 255 255 255,false,,,,,,,0,1,1,C1CN(CO2)C[C@@H](C12)C#CN3C=COc(c34)cc(=O)[nH]c4,AIDD_Results trypanosoma scaffold 1,AIDD_Results trypanosoma scaffold 1,0,MUT,
,1135,15706,false,false,false,255 255 255 255,false,,,,,,,0,1,1,CCS(=O)(=O)n1ccc(c1C)C(CC23)N(CC2)CC3,AIDD_Results trypanosoma scaffold 1,AIDD_Results trypanosoma scaffold 1,0,MUT,
,1136,15803,false,false,false,255 255 255 255,false,,,,,,,0,1,1,Cc1ccn(c12)CC(=O)C=C2,AIDD_Results trypanosoma scaffold 1,AIDD_Results trypanosoma scaffold 1,0,HEPX,
,1137,15834,false,false,false,255 255 255 255,false,,,,,,,0,1,1,Cc1ccc(n1C=O)[C@H](C23)CN(CO3)CC2,AIDD_Results trypanosoma scaffold 1,AIDD_Results trypanosoma scaffold 1,0,MUT,
,1138,15930,false,false,false,255 255 255 255,false,,,,,,,0,1,1,CN1CC(C1C)N2n(c(=O)ccn3)c3Sc(c24)oc(=O)cc4,AIDD_Results trypanosoma scaffold 1,AIDD_Results trypanosoma scaffold 1,0,Xm,
,1139,16100,false,false,false,255 255 255 255,false,,,,,,,0,1,1,N#Cc1cc(NC(=O)C)cc(c12)SC=NC2C(O)CC(CC34)N(CC3)CC4,AIDD_Results trypanosoma scaffold 1,AIDD_Results trypanosoma scaffold 1,0,Xm,
,1140,16235,false,false,false,255 255 255 255,false,,,,,,,0,1,1,NCC(=O)n(c1=O)cnc(c12)SC3=C(N2C=O)CCC=C3,AIDD_Results trypanosoma scaffold 1,AIDD_Results trypanosoma scaffold 1,0,HEPX,
,1141,16267,false,false,false,255 255 255 255,false,,,,,,,0,1,1,CNC(=O)C(CC1)CC(C1C23)N(C2NCC3)CC(CC)(CC45)N(CC4)CC5,AIDD_Results trypanosoma scaffold 1,AIDD_Results trypanosoma scaffold 1,0,Xr-; Xm-,
,1142,16472,false,false,false,255 255 255 255,false,,,,,,,0,0,1,O=C(O)Cc(c1)ccc(c12)Sc3c(N2)cccc3,AIDD_Results trypanosoma scaffold 1,AIDD_Results trypanosoma scaffold 1,0,fu,
,1143,16534,false,false,false,255 255 255 255,false,,,,,,,0,1,1,N#Cc1c(F)c(CO)cc2n(C)c(c3c12)c(=O)n(C(=O)C)c(n3)C4=CCNCC4,AIDD_Results trypanosoma scaffold 1,AIDD_Results trypanosoma scaffold 1,0,HEPX,
,1144,16583,false,false,false,255 255 255 255,false,,,,,,,0,1,1,N#CC(=N1)C(=O)CSc(c12)n(cc2)CC(C34)=C(C)N(CC3)CC4,AIDD_Results trypanosoma scaffold 1,AIDD_Results trypanosoma scaffold 1,0,Xm,
,1145,16646,false,false,false,255 255 255 255,false,,,,,,,0,1,1,NCC(=O)n(c1=O)ccc(c12)SC3=C(N2C=O)CCC=C3,AIDD_Results trypanosoma scaffold 1,AIDD_Results trypanosoma scaffold 1,0,HEPX,
,1146,16668,false,false,false,255 255 255 255,false,,,,,,,0,1,1,c1cccc(NC)c1C(=O)n(c(c2c34)c(=O)occ2)c3CCC(C4=O)N,AIDD_Results trypanosoma scaffold 1,AIDD_Results trypanosoma scaffold 1,0,MUT,
,1147,16788,false,false,false,255 255 255 255,false,,,,,,,0,1,1,C1CN(CO2)C(CC12)c(ccc3F)c(c34)N=CCCC4=O,AIDD_Results trypanosoma scaffold 1,AIDD_Results trypanosoma scaffold 1,0,MUT,
,1148,16821,false,false,false,255 255 255 255,false,,,,,,,0,0.5,1,O=S1(=O)C=CC(C=C1)/C=C(\C(C2=O)CCC2)[C@H]3CN(CC4)C=CC34,AIDD_Results trypanosoma scaffold 1,AIDD_Results trypanosoma scaffold 1,0,HEPX+; CL-,
,1149,16833,false,false,false,255 255 255 255,false,,,,,,,0,0,1,CCc1cccc(c12)COC(S2=O)[C@H](C34)CN(CC3)CC4,AIDD_Results trypanosoma scaffold 1,AIDD_Results trypanosoma scaffold 1,0,2C19,
,1150,16840,false,false,false,255 255 255 255,false,,,,,,,0,1,1,C1CN(CC2)C[C@@H](C12)CN3C(CCC4)N4CC(C35)CC=C5,AIDD_Results trypanosoma scaffold 1,AIDD_Results trypanosoma scaffold 1,0,Xr-; Xm-,
,1151,16855,false,false,false,255 255 255 255,false,,,,,,,0,1,1,C1CCCC(C12)N(C(NC)C=2CN)C[C@H](C34)CN(CC3)CC4,AIDD_Results trypanosoma scaffold 1,AIDD_Results trypanosoma scaffold 1,0,Xr-; Xm+,
,1152,16859,false,false,false,255 255 255 255,false,,,,,,,0,1,1,N#Cc1cc(NC(=O)C)cc(c12)SC=NC2C(O)CC(CC34)N(C4)CC3,AIDD_Results trypanosoma scaffold 1,AIDD_Results trypanosoma scaffold 1,0,Xm,
,1153,16889,false,false,false,255 255 255 255,false,,,,,,,0,1,1,C1CN(CC2)C[C@@H](C12)CN(C3CCC=C4)C(C5C34)N=CNC5,AIDD_Results trypanosoma scaffold 1,AIDD_Results trypanosoma scaffold 1,0,Xr-; Xm-,
,1154,16932,false,false,false,255 255 255 255,false,,,,,,,0,0,1,C1CN(CC2)C[C@@H](C12)C(=O)C3CCCC(O3)C4=CCC(=O)OC4,AIDD_Results trypanosoma scaffold 1,AIDD_Results trypanosoma scaffold 1,0,2D6,
,1155,16960,false,false,false,255 255 255 255,false,,,,,,,0,0,1,C1CNCCN1CC(C2)CCc(cc3=O)n2c(c34)cccn4,AIDD_Results trypanosoma scaffold 1,AIDD_Results trypanosoma scaffold 1,0,2D6,
,1156,16982,false,false,false,255 255 255 255,false,,,,,,,0,1,1,S=C1CC(CC)N=C(C2=O)N1Nc(cc3C)c2c(c34)ocn4,AIDD_Results trypanosoma scaffold 1,AIDD_Results trypanosoma scaffold 1,0,Xm,
,1157,17002,false,false,false,255 255 255 255,false,,,,,,,0,1,1,C1CCCC(C12)N(C(C=2C#N)NC)C[C@H](C34)CN(CC3)CC4,AIDD_Results trypanosoma scaffold 1,AIDD_Results trypanosoma scaffold 1,0,Xr-; Xm-,
,1158,17048,false,false,false,255 255 255 255,false,,,,,,,0,1,1,O=C1OC(Br)=C(C#N)N(C(=O)C2)N1c(c23)cc(=O)oc3,AIDD_Results trypanosoma scaffold 1,AIDD_Results trypanosoma scaffold 1,0,MUT,
,1159,17051,false,false,false,255 255 255 255,false,,,,,,,0,1,1,Cc1ccn(c12)CC(=O)C=CC2,AIDD_Results trypanosoma scaffold 1,AIDD_Results trypanosoma scaffold 1,0,HEPX,
,1160,17097,false,false,false,255 255 255 255,false,,,,,,,0,0,1,C1CN(CC2)C[C@@H](C12)CCC(CCN3)n(c34)c(=O)ccc4,AIDD_Results trypanosoma scaffold 1,AIDD_Results trypanosoma scaffold 1,0,2D6,
,1161,17121,false,false,false,255 255 255 255,false,,,,,,,0,1,1,O1CC(=O)C(C#N)=Nc(c12)n(C)c(c2)-c3ccsc3,AIDD_Results trypanosoma scaffold 1,AIDD_Results trypanosoma scaffold 1,0,Xm,
,1162,17315,false,false,false,255 255 255 255,false,,,,,,,0,1,1,Cc1cc(=O)n(n1C=O)[C@H](C23)CN(CO3)CC2,AIDD_Results trypanosoma scaffold 1,AIDD_Results trypanosoma scaffold 1,0,MUT,
,1163,17481,false,false,false,255 255 255 255,false,,,,,,,0,1,1,O=C1CCC(C12)C(=O)N3C2CC4C3CCOC4=O,AIDD_Results trypanosoma scaffold 1,AIDD_Results trypanosoma scaffold 1,0,MUT,
,1164,17648,false,false,false,255 255 255 255,false,,,,,,,0,1,1,C1CN(CC2)C[C@@H](C12)C(O)C(=C3)CC(C3=4)CNC(=O)C4,AIDD_Results trypanosoma scaffold 1,AIDD_Results trypanosoma scaffold 1,0,HEPX,
,1165,17775,false,false,false,255 255 255 255,false,,,,,,,0,1,1,N=Cc1cccc2n(c(c3c12)c(=O)n(cn3)C(=O)C)CC4=CCNCC4,AIDD_Results trypanosoma scaffold 1,AIDD_Results trypanosoma scaffold 1,0,HEPX,
,1166,17805,false,false,false,255 255 255 255,false,,,,,,,0,1,1,CS(=O)(=O)Nc(n1)c(cccc2)c2c(c13)n4c(c3)N=COCC4=O,AIDD_Results trypanosoma scaffold 1,AIDD_Results trypanosoma scaffold 1,0,MUT,
,1167,17860,false,false,false,255 255 255 255,false,,,,,,,0,1,1,O=Cn1cccc1[C@H](C23)CN(CO3)CC2,AIDD_Results trypanosoma scaffold 1,AIDD_Results trypanosoma scaffold 1,0,MUT,
,1168,17984,false,false,false,255 255 255 255,false,,,,,,,0,1,1,N#CC(C12)CN(CC2)C(CN)[C@@H]1N(C=CS3)n(c34)c(=S)ccc4,AIDD_Results trypanosoma scaffold 1,AIDD_Results trypanosoma scaffold 1,0,Xm,
,1169,18079,false,false,false,255 255 255 255,false,,,,,,,0,1,1,O1C=CN(C#C)c(c12)cc(=O)oc2-c3ccccc3,AIDD_Results trypanosoma scaffold 1,AIDD_Results trypanosoma scaffold 1,0,MUT,
,1170,18143,false,false,false,255 255 255 255,false,,,,,,,0,0,1,CC(=O)c(n1)[nH]c(=O)c(N2CC)c1Sc(c23)[nH]c(c3)C=N,AIDD_Results trypanosoma scaffold 1,AIDD_Results trypanosoma scaffold 1,0,2C9,
,1171,18193,false,false,false,255 255 255 255,false,,,,,,,0,1,1,C1CN(CC2)C(CC12)CCn(c(c3)[N+]([O-])=O)c(c34)NC=NC4,AIDD_Results trypanosoma scaffold 1,AIDD_Results trypanosoma scaffold 1,0,MUT,
,1172,18206,false,false,false,255 255 255 255,false,,,,,,,0,1,1,O=S1(=O)C=CC(C1)CC[C@H](C23)CN(CC2)CC3,AIDD_Results trypanosoma scaffold 1,AIDD_Results trypanosoma scaffold 1,0,MUT,
,1173,18357,false,false,false,255 255 255 255,false,,,,,,,0,1,1,[O-][N+](=O)c1cccc(c12)S(=O)(=O)C=CC2[C@H](C34)CN(CC3)CC4,AIDD_Results trypanosoma scaffold 1,AIDD_Results trypanosoma scaffold 1,0,MUT,
,1174,18444,false,false,false,255 255 255 255,false,,,,,,,0,1,1,CC(=O)C(CC1)=CC(=C12)N(C3C2CCN3)C[C@H](C45)CN(CC4)CC5,AIDD_Results trypanosoma scaffold 1,AIDD_Results trypanosoma scaffold 1,0,Xr-; Xm-,
,1175,18587,false,false,false,255 255 255 255,false,,,,,,,0,1,1,c1cccc(c12)cc3c(c2)C=CCS3(=O)=O,AIDD_Results trypanosoma scaffold 1,AIDD_Results trypanosoma scaffold 1,0,MUT,
,1176,18627,false,false,false,255 255 255 255,false,,,,,,,0,0,1,C1CN(CC2)C(C)[C@@H](C12)Cn(cc3)c(c34)N=CCC4,AIDD_Results trypanosoma scaffold 1,AIDD_Results trypanosoma scaffold 1,0,2D6,
,1177,18743,false,false,false,255 255 255 255,false,,,,,,,0,1,1,CC(=O)Nc(c1Br)cc(=O)n(c12)c(\cc2)=C\[C@H](C34C)CN(CC3)CC4,AIDD_Results trypanosoma scaffold 1,AIDD_Results trypanosoma scaffold 1,0,MUT,
,1178,18755,false,false,false,255 255 255 255,false,,,,,,,0,1,1,[O-][N+](=O)c1csc(c12)CC3C(O2)CC4N3CCC4,AIDD_Results trypanosoma scaffold 1,AIDD_Results trypanosoma scaffold 1,0,MUT,
,1179,18788,false,false,false,255 255 255 255,false,,,,,,,0,0,1,O=C1CC=Cc(c12)[nH]c(c2)[C@H](C34)CN(CC3)CC4,AIDD_Results trypanosoma scaffold 1,AIDD_Results trypanosoma scaffold 1,0,2D6,
,1180,18817,false,false,false,255 255 255 255,false,,,,,,,0,0,1,n1c[nH]cc1CNc(n(C)cc2)c2S(=O)C(=CC3=O)CCC3,AIDD_Results trypanosoma scaffold 1,AIDD_Results trypanosoma scaffold 1,0,2C19,
,1181,18818,false,false,false,255 255 255 255,false,,,,,,,0,1,1,C1CN(C2)C[C@@H](C12)CC3C(C#N)=CS(=O)(=O)c(c34)oc(=O)cc4CF,AIDD_Results trypanosoma scaffold 1,AIDD_Results trypanosoma scaffold 1,0,MUT,
,1182,18865,false,false,false,255 255 255 255,false,,,,,,,0,1,1,C1CN(CC2)[C@@H](C12)CC3C=CC(C3C)S(=O)(=O)CC,AIDD_Results trypanosoma scaffold 1,AIDD_Results trypanosoma scaffold 1,0,MUT,
,1183,18866,false,false,false,255 255 255 255,false,,,,,,,0,1,1,C1CN(CC2)C(C)=C(C12)Cn(c3)cc(c34)OCC(=O)C(=N4)C5CCCN5,AIDD_Results trypanosoma scaffold 1,AIDD_Results trypanosoma scaffold 1,0,Xr-; Xm-,
,1184,18878,false,false,false,255 255 255 255,false,,,,,,,0,0,1,C1CN(CC2)C[C@@H](C12)CCCC(CCN3)n(c34)c(=O)ccc4,AIDD_Results trypanosoma scaffold 1,AIDD_Results trypanosoma scaffold 1,0,2D6,
,1185,18973,false,false,false,255 255 255 255,false,,,,,,,0,0,1,N1CCNC(C1=O)CN(C2)c(cc(C)cc3)c3S(=O)c(c24)cccc4,AIDD_Results trypanosoma scaffold 1,AIDD_Results trypanosoma scaffold 1,0,2C19,
,1186,19008,false,false,false,255 255 255 255,false,,,,,,,0,1,1,O=C(O)c1cccc(c12)OC=CN2C[C@H](C34)CN(CO4)CC3,AIDD_Results trypanosoma scaffold 1,AIDD_Results trypanosoma scaffold 1,0,MUT,
,1187,19038,false,false,false,255 255 255 255,false,,,,,,,0,1,1,C1CN(CC2)C(C)[C@@H](C12)C(c3ncsn3)n(cc4)c(c45)N=CC(=O)CO5,AIDD_Results trypanosoma scaffold 1,AIDD_Results trypanosoma scaffold 1,0,Xr-; Xm-,
,1188,19087,false,false,false,255 255 255 255,false,,,,,,,0,0,1,N=Cc(c1)cc(C(=O)C)c(c12)n(C)c(c2F)C(=O)N(C(=O)C)CC,AIDD_Results trypanosoma scaffold 1,AIDD_Results trypanosoma scaffold 1,0,1A2,
,1189,19134,false,false,false,255 255 255 255,false,,,,,,,0,1,1,C1=CCOC(=C12)C(C#N)C=CC\2=C\C(NS(=O)(=O)C)[C@H](C34)CN(CC3)CC4,AIDD_Results trypanosoma scaffold 1,AIDD_Results trypanosoma scaffold 1,0,HEPX,
,1190,19166,false,false,false,255 255 255 255,false,,,,,,,0,0,1,O1CCC(C1=O)C(=O)N2c(cc(Cl)cc3)c3Sc(c24)ccc(c4)S(=O)(=O)N,AIDD_Results trypanosoma scaffold 1,AIDD_Results trypanosoma scaffold 1,0,fu,
,1191,19169,false,false,false,255 255 255 255,false,,,,,,,0,1,1,N1=CCN(S(=O)(=O)C)C(=O)n2c1c(C)c(NC=N3)c2C34CCCCC4,AIDD_Results trypanosoma scaffold 1,AIDD_Results trypanosoma scaffold 1,0,MUT,
,1192,19287,false,false,false,255 255 255 255,false,,,,,,,0,1,1,C12C(O)CN(CC2)C(C1)/C=C3/C(C(=O)OC=N3)C4C=CCCC4,AIDD_Results trypanosoma scaffold 1,AIDD_Results trypanosoma scaffold 1,0,HEPX,
,1193,19340,false,false,false,255 255 255 255,false,,,,,,,0,1,1,c1cc(C#N)cc(N2C=O)c1Sc(c23)ncn(c3=O)C(=O)C,AIDD_Results trypanosoma scaffold 1,AIDD_Results trypanosoma scaffold 1,0,Xm,
,1194,19353,false,false,false,255 255 255 255,false,,,,,,,0,1,1,C1CC(N)CC(C1C23)N(C2NCC3)[C@H](C45)C(=O)N(CC4)CC5,AIDD_Results trypanosoma scaffold 1,AIDD_Results trypanosoma scaffold 1,0,Xr-; Xm+,
,1195,19406,false,false,false,255 255 255 255,false,,,,,,,0,1,1,C1CN(CC2)C(CC12)CC3C=CS(=O)(=O)c(c34)cccc4,AIDD_Results trypanosoma scaffold 1,AIDD_Results trypanosoma scaffold 1,0,MUT,
,1196,19435,false,false,false,255 255 255 255,false,,,,,,,0,1,1,O=S1(=O)C=CC(C=C1)CC[C@H]2CN(C=CC23)CC3C(C4=O)CCC4,AIDD_Results trypanosoma scaffold 1,AIDD_Results trypanosoma scaffold 1,0,HEPX,
,1197,19520,false,false,false,255 255 255 255,false,,,,,,,0,1,1,CN(C)C(=O)C(N)CCN(C1)c(cc(C)[nH]2)c2S(=O)C(C13)=CC(=O)C=3C,AIDD_Results trypanosoma scaffold 1,AIDD_Results trypanosoma scaffold 1,0,Xr,
,1198,19544,false,false,false,255 255 255 255,false,,,,,,,0,1,1,N#CC(C12)CN(CC2)C(CN)[C@@H]1CN(C=CS3)n(c34)c(=S)ccc4,AIDD_Results trypanosoma scaffold 1,AIDD_Results trypanosoma scaffold 1,0,Xm,
,1199,19726,false,false,false,255 255 255 255,false,,,,,,,0,1,1,O=C(O)c1cc(ccc1)C2=CN(C=CS2)CC(CC3CC4)N4n(c35)ccc5,AIDD_Results trypanosoma scaffold 1,AIDD_Results trypanosoma scaffold 1,0,Xr-; Xm+,
,1200,19770,false,false,false,255 255 255 255,false,,,,,,,0,1,1,C1=CCCC(=C12)C(C(=O)C(C#N)C2)/C=C(/C34)CN(C(=O)C4)CC3F,AIDD_Results trypanosoma scaffold 1,AIDD_Results trypanosoma scaffold 1,0,HEPX,
,1201,19805,false,false,false,255 255 255 255,false,,,,,,,0,1,1,[O-][N+](=O)c1c(N)sc(c12)CC3C(O2)CCC3,AIDD_Results trypanosoma scaffold 1,AIDD_Results trypanosoma scaffold 1,0,MUT,
,1202,19881,false,false,false,255 255 255 255,false,,,,,,,0,0.5,1,n1ocnc1CC(=O)/C=C/2CCCN(C23)C(=O)C(CC3)[C@H](C45)CN(CC4)CC5,AIDD_Results trypanosoma scaffold 1,AIDD_Results trypanosoma scaffold 1,0,fu-; Xr-,
,1203,19897,false,false,false,255 255 255 255,false,,,,,,,0,1,1,C1CN(CC2)C[C@@H](C12)CCN(C(C34)NC(=O)C3)C5N(C4)CCC5,AIDD_Results trypanosoma scaffold 1,AIDD_Results trypanosoma scaffold 1,0,Xr-; Xm-,
,1204,20005,false,false,false,255 255 255 255,false,,,,,,,0,1,1,C1CC=CC(N2C(=O)C)=C1Sc(c23)ncn(c3=O)C(=O)C,AIDD_Results trypanosoma scaffold 1,AIDD_Results trypanosoma scaffold 1,0,HEPX,
,1205,20141,false,false,false,255 255 255 255,false,,,,,,,0,1,1,O=C(O)c(c1)ccc(c12)SC=CN2[C@H](C34)N(CC4)C(C3)C5=COCC5,AIDD_Results trypanosoma scaffold 1,AIDD_Results trypanosoma scaffold 1,0,Xr-; Xm-,
,1206,20245,false,false,false,255 255 255 255,false,,,,,,,0,0,1,C1CN(CN2)C[C@@H](C12)C(=O)C3CCCC(O3)C4=CCC(=O)OC4,AIDD_Results trypanosoma scaffold 1,AIDD_Results trypanosoma scaffold 1,0,2D6,
,1207,20325,false,false,false,255 255 255 255,false,,,,,,,0,1,1,C12C=CN(CC2)C[C@@H]1C(\C(C3=O)CCC3)=C\C4=CS(=O)C=CC4,AIDD_Results trypanosoma scaffold 1,AIDD_Results trypanosoma scaffold 1,0,HEPX,
,1208,20406,false,false,false,255 255 255 255,false,,,,,,,0,1,1,C12C=CN(CC2)C[C@@H]1C(O)C(C=C3)C(C3=4)COC(=O)C4,AIDD_Results trypanosoma scaffold 1,AIDD_Results trypanosoma scaffold 1,0,HEPX,
,1209,20596,false,false,false,255 255 255 255,false,,,,,,,0,0,1,NCC(=N1)CCOc(c12)cn(c2)C(C34)=C(C)N(CC3)CC4,AIDD_Results trypanosoma scaffold 1,AIDD_Results trypanosoma scaffold 1,0,2C19,
,1210,20617,false,false,false,255 255 255 255,false,,,,,,,0,1,1,C1CN(CO2)C[C@@H](C12)C(=O)n(c3)ncc3CC4=CC(=O)COC4,AIDD_Results trypanosoma scaffold 1,AIDD_Results trypanosoma scaffold 1,0,MUT,
,1211,20640,false,false,false,255 255 255 255,false,,,,,,,0,1,1,C1CN(CC2)C=C(C12)C(C#N)N(C=CC3)C(C34)C(C)OC=C4,AIDD_Results trypanosoma scaffold 1,AIDD_Results trypanosoma scaffold 1,0,HEPX,
,1212,20694,false,false,false,255 255 255 255,false,,,,,,,0,1,1,c1oc(=O)cc(c12)OC(C#N)C(=O)C2/C=C(\C34)CN(CC3F)CC4,AIDD_Results trypanosoma scaffold 1,AIDD_Results trypanosoma scaffold 1,0,MUT,
,1213,20759,false,false,false,255 255 255 255,false,,,,,,,0,1,1,CC(O1)NCC1/C=C/2N(CC(=O)C(F)=CN3)C=3Cc(c24)cccc4[N+]([O-])=O,AIDD_Results trypanosoma scaffold 1,AIDD_Results trypanosoma scaffold 1,0,MUT,
,1214,20798,false,false,false,255 255 255 255,false,,,,,,,0,1,1,O=S1(=O)C=CC(C=C1)C(=O)C(CC(C2=O)CCC2)[C@H]3CN(CC4)C=CC34,AIDD_Results trypanosoma scaffold 1,AIDD_Results trypanosoma scaffold 1,0,HEPX,
,1215,20801,false,false,false,255 255 255 255,false,,,,,,,0,1,1,O=S1(=O)C=CC(C1)CC[C@H]2CN(CC3)C=CC23,AIDD_Results trypanosoma scaffold 1,AIDD_Results trypanosoma scaffold 1,0,MUT,
,1216,20807,false,false,false,255 255 255 255,false,,,,,,,0,1,1,C1CCC(C12)C3=C(C=2C(=O)CF)N(C(=O)C)c4c(C3)ncn(c4=O)C(=O)C,AIDD_Results trypanosoma scaffold 1,AIDD_Results trypanosoma scaffold 1,0,HEPX,
,1217,20821,false,false,false,255 255 255 255,false,,,,,,,0,1,1,O=c(o1)[nH]nc1-c(c2)cc(=O)n(c23)N(C=CS3)[C@H](C45F)CN(CC4)CC5,AIDD_Results trypanosoma scaffold 1,AIDD_Results trypanosoma scaffold 1,0,Xr-; Xm+,
,1218,20824,false,false,false,255 255 255 255,false,,,,,,,0,0,1,C1CN(CC2)C[C@@](C)(C12)Cn(c3)cc(c34)C=CCC4=O,AIDD_Results trypanosoma scaffold 1,AIDD_Results trypanosoma scaffold 1,0,2D6,
,1219,20841,false,false,false,255 255 255 255,false,,,,,,,0,1,1,[O-][N+](=O)c(c1)sc(c12)CC3C(O2)CC4N3CCC4,AIDD_Results trypanosoma scaffold 1,AIDD_Results trypanosoma scaffold 1,0,MUT,
,1220,20859,false,false,false,255 255 255 255,false,,,,,,,0,0,1,N1CCNC(C1=O)CN(C2)c(cc(C)cc3)c3S(=O)c(c24)cc(=O)oc4,AIDD_Results trypanosoma scaffold 1,AIDD_Results trypanosoma scaffold 1,0,2C19,
,1221,20961,false,false,false,255 255 255 255,false,,,,,,,0,1,1,C1CNCC=C1C(N(C)C2)C2CC3N(C(=O)C(F)CC4)C4S(=O)(=O)c(c35)cccn5,AIDD_Results trypanosoma scaffold 1,AIDD_Results trypanosoma scaffold 1,0,Xr+; Xm+,
,1222,20997,false,false,false,255 255 255 255,false,,,,,,,0,1,1,C1CN(C2)CC(=C12)CC3C(C#N)=CS(=O)(=O)c(c34)oc(=O)cc4CF,AIDD_Results trypanosoma scaffold 1,AIDD_Results trypanosoma scaffold 1,0,MUT,
,1223,21019,false,false,false,255 255 255 255,false,,,,,,,0,1,1,C12C(O)CN(CC2)C(C1)/C=C3/C(C(=O)OC=N3)C(N4)CCCC4=O,AIDD_Results trypanosoma scaffold 1,AIDD_Results trypanosoma scaffold 1,0,MUT,
,1224,21047,false,false,false,255 255 255 255,false,,,,,,,0,1,1,CN1CC(C1CN)N2n(c(=O)ccn3)c3Sc(c24)oc(=O)cc4,AIDD_Results trypanosoma scaffold 1,AIDD_Results trypanosoma scaffold 1,0,Xm,
,1225,21055,false,false,false,255 255 255 255,false,,,,,,,0,1,1,CN(C)C(=O)C(N)c1c(cccc1)N(C2)c(cc(C)[nH]3)c3S(=O)C(C24)=CC(=O)C=4C,AIDD_Results trypanosoma scaffold 1,AIDD_Results trypanosoma scaffold 1,0,Xr,
,1226,21093,false,false,false,255 255 255 255,false,,,,,,,0,0,1,O=C(O)c1c(Cl)ccc(c12)Sc3c(N2C(=O)C)ccc(c3)-c4c(=O)c(O)coc4,AIDD_Results trypanosoma scaffold 1,AIDD_Results trypanosoma scaffold 1,0,fu,
,1227,21131,false,false,false,255 255 255 255,false,,,,,,,0,1,1,O=C(O)c(c1)ccc(c12)SC=CN2C[C@H](C34)CN(CC4)C(C3)C5CC=CO5,AIDD_Results trypanosoma scaffold 1,AIDD_Results trypanosoma scaffold 1,0,Xr-; Xm-,
,1228,21145,false,false,false,255 255 255 255,false,,,,,,,0,1,1,[O-][N+](=O)c1coc(c12)c(n(C)c2C(=O)CC)C[C@H](C34)CN(CC3)CC4,AIDD_Results trypanosoma scaffold 1,AIDD_Results trypanosoma scaffold 1,0,MUT,
,1229,21177,false,false,false,255 255 255 255,false,,,,,,,0,1,1,CC(=O)c(c1)ccc2n(C=O)c(c3c12)C(=O)\C(C=N3)=C\C,AIDD_Results trypanosoma scaffold 1,AIDD_Results trypanosoma scaffold 1,0,MUT,
,1230,21225,false,false,false,255 255 255 255,false,,,,,,,0,0,1,CN(C)C(=O)C(N)CN(C1)c(ccc(C)c2)c2S(=O)c(c13)cccc3,AIDD_Results trypanosoma scaffold 1,AIDD_Results trypanosoma scaffold 1,0,2C19,
,1231,21227,false,false,false,255 255 255 255,false,,,,,,,0,0,1,O=C1CCCc(c12)n(cc2)[C@H](C34)CN(CC3)CC4,AIDD_Results trypanosoma scaffold 1,AIDD_Results trypanosoma scaffold 1,0,2D6,
,1232,21268,false,false,false,255 255 255 255,false,,,,,,,0,1,1,C1CN(CO2)C(CC12)c3ccn(c34)C(=O)COC=N4,AIDD_Results trypanosoma scaffold 1,AIDD_Results trypanosoma scaffold 1,0,MUT,
,1233,21348,false,false,false,255 255 255 255,false,,,,,,,0,1,1,C1CCC(C12)C3=C(C=2C(=O)CF)N(C(=O)C)c4c(C3N)ncn(c4=O)C(=O)C,AIDD_Results trypanosoma scaffold 1,AIDD_Results trypanosoma scaffold 1,0,HEPX,
,1234,21536,false,false,false,255 255 255 255,false,,,,,,,0,0,1,c1cn(C)c(NC2)c1S(=O)C(C23F)=CC(=O)CC3,AIDD_Results trypanosoma scaffold 1,AIDD_Results trypanosoma scaffold 1,0,2C19,
,1235,21601,false,false,false,255 255 255 255,false,,,,,,,0,0,1,C1CN(CC2)C[C@@H](C12)CCn(cc3)c(c34)C=CCC4=O,AIDD_Results trypanosoma scaffold 1,AIDD_Results trypanosoma scaffold 1,0,2D6,
,1236,21687,false,false,false,255 255 255 255,false,,,,,,,0,1,1,N#CC(=N1)C(=O)CSc(c12)n(cc2)CC(C34)=C(CC(=O)N)N(CC3)CC4,AIDD_Results trypanosoma scaffold 1,AIDD_Results trypanosoma scaffold 1,0,Xm,
,1237,21731,false,false,false,255 255 255 255,false,,,,,,,0,1,1,C1CN(CC2)C(=O)[C@@H](C12)CC3CNC(C34)CC(O)C=C4,AIDD_Results trypanosoma scaffold 1,AIDD_Results trypanosoma scaffold 1,0,HEPX,
,1238,21738,false,false,false,255 255 255 255,false,,,,,,,0,1,1,CC(=O)C(C=C1)CC(N2)=C1Sc(c23)ncn(c3=O)C(=O)CC4=CCNCC4,AIDD_Results trypanosoma scaffold 1,AIDD_Results trypanosoma scaffold 1,0,HEPX,
,1239,21748,false,false,false,255 255 255 255,false,,,,,,,0,0,1,CCC(=O)c1ccc(n1C)C[C@H](C23)CN(CC2)CC3,AIDD_Results trypanosoma scaffold 1,AIDD_Results trypanosoma scaffold 1,0,2D6,
,1240,21904,false,false,false,255 255 255 255,false,,,,,,,0,1,1,c1ccccc1C2=C(N=COC3=O)N3C(C2=4)CCC=CC4,AIDD_Results trypanosoma scaffold 1,AIDD_Results trypanosoma scaffold 1,0,HEPX,
,1241,21941,false,false,false,255 255 255 255,false,,,,,,,0,1,1,C1CN(CC2)C[C@@H](C12)CC(O)C(N=C3)C(C3=4)OCC(=O)C4,AIDD_Results trypanosoma scaffold 1,AIDD_Results trypanosoma scaffold 1,0,HEPX,
,1242,22028,false,false,false,255 255 255 255,false,,,,,,,0,1,1,N#CCCc1cc(C)cc(c12)N(CC3CCN(C)C3)n4c(S2=O)cc(CF)cc4=O,AIDD_Results trypanosoma scaffold 1,AIDD_Results trypanosoma scaffold 1,0,Xm,
,1243,22231,false,false,false,255 255 255 255,false,,,,,,,0,1,1,c1cc(C)n(c12)CC=CC(=O)C2,AIDD_Results trypanosoma scaffold 1,AIDD_Results trypanosoma scaffold 1,0,HEPX,
,1244,22334,false,false,false,255 255 255 255,false,,,,,,,0,1,1,c1cc(C(=O)O)n(c12)N(C=CC(=O)S2)C[C@H](C34)CN(CC3O)C(S4)c5ccoc5,AIDD_Results trypanosoma scaffold 1,AIDD_Results trypanosoma scaffold 1,0,Xr-; Xm+,
,1245,22366,false,false,false,255 255 255 255,false,,,,,,,0,1,1,CN(C)CCCN1c(cc(C)cc2C)c2S(=O)c3n1c(=O)cc(c34)CNC4,AIDD_Results trypanosoma scaffold 1,AIDD_Results trypanosoma scaffold 1,0,Xm,
,1246,22394,false,false,false,255 255 255 255,false,,,,,,,0,1,1,C1CN(CC2)C[C@@H](C12)C(O)C(=C3)CC(C3=4)CN(C(=O)C4)S(=O)(=O)C,AIDD_Results trypanosoma scaffold 1,AIDD_Results trypanosoma scaffold 1,0,MUT,
,1247,22415,false,false,false,255 255 255 255,false,,,,,,,0,0,1,c1cccc(c12)N3C(CC2)CCCC3,AIDD_Results trypanosoma scaffold 1,AIDD_Results trypanosoma scaffold 1,0,Vd,
,1248,22423,false,false,false,255 255 255 255,false,,,,,,,0,1,1,CCC(=O)C1C(C)N(CC1)C[C@H](C23)CN(CC2)CC3,AIDD_Results trypanosoma scaffold 1,AIDD_Results trypanosoma scaffold 1,0,Xr-; Xm-,
,1249,22563,false,false,false,255 255 255 255,false,,,,,,,0,0,1,N=Cc1cccc(N2C(=O)C)c1Oc(c23)ncn(c3=O)C(=O)C,AIDD_Results trypanosoma scaffold 1,AIDD_Results trypanosoma scaffold 1,0,1A2,
,1250,22588,false,false,false,255 255 255 255,false,,,,,,,0,1,1,n1ocnc1-c(c2)ccc(c23)CC(=O)n4c3nncc4=O,AIDD_Results trypanosoma scaffold 1,AIDD_Results trypanosoma scaffold 1,0,Xm,
,1251,22589,false,false,false,255 255 255 255,false,,,,,,,0,1,1,N#Cc1cccc(N2)c1Sc(n3)c2c(=O)n(c34)CNC4=O,AIDD_Results trypanosoma scaffold 1,AIDD_Results trypanosoma scaffold 1,0,Xm,
,1252,22609,false,false,false,255 255 255 255,false,,,,,,,0,1,1,N#Cc1cc(N)cc(c12)SC=NC2C(O)C[C@H](C34)CN(CC3)CC4,AIDD_Results trypanosoma scaffold 1,AIDD_Results trypanosoma scaffold 1,0,Xm,
,1253,22725,false,false,false,255 255 255 255,false,,,,,,,0,1,1,C1CC(C#N)=Cc2n(CF)c(c3c12)N=COC3,AIDD_Results trypanosoma scaffold 1,AIDD_Results trypanosoma scaffold 1,0,MUT,
,1254,22799,false,false,false,255 255 255 255,false,,,,,,,0,1,1,C1N=CNC(C1=C23)N(CC(CC45)N(CC4)CC5)C2CCCC3,AIDD_Results trypanosoma scaffold 1,AIDD_Results trypanosoma scaffold 1,0,Xr-; Xm+,
,1255,22800,false,false,false,255 255 255 255,false,,,,,,,0,1,1,CC(=O)CNc(c1Br)cc(=O)n(c12)c(\cc2)=C\[C@H](C34C)CN(CC3)CC4,AIDD_Results trypanosoma scaffold 1,AIDD_Results trypanosoma scaffold 1,0,MUT,
,1256,22840,false,false,false,255 255 255 255,false,,,,,,,0,1,1,O=C(O)c(c1)ccc(S2)c1N(c(c23)occ3)CC(CC45)N(CC4)CC5,AIDD_Results trypanosoma scaffold 1,AIDD_Results trypanosoma scaffold 1,0,Xr-; Xm-,
,1257,23006,false,false,false,255 255 255 255,false,,,,,,,0,1,1,Cc(c1)ccc(S2=O)c1N(CC(N)C(=O)N(C)C)CC3=CC(O)N(C4=C23)CCCC4,AIDD_Results trypanosoma scaffold 1,AIDD_Results trypanosoma scaffold 1,0,Xr-; Xm-,
,1258,23019,false,false,false,255 255 255 255,false,,,,,,,0,1,1,C1CN(CC2)C[C@@H](C12)CC(C#N)N(CC3)C(C34)NC=NC4,AIDD_Results trypanosoma scaffold 1,AIDD_Results trypanosoma scaffold 1,0,Xr-; Xm+,
,1259,23124,false,false,false,255 255 255 255,false,,,,,,,0,1,1,O1CCC(C#N)=Nc(c12)n(cc2[N+]([O-])=O)CC(C34)=C(C)N(CC3)CC4,AIDD_Results trypanosoma scaffold 1,AIDD_Results trypanosoma scaffold 1,0,MUT,
,1260,23126,false,false,false,255 255 255 255,false,,,,,,,0,1,1,FCC(=O)NC12[C@H](CN(C(C)C1)CC2)CN(CCS3)n(c34)c(=O)ccc4,AIDD_Results trypanosoma scaffold 1,AIDD_Results trypanosoma scaffold 1,0,Xm,
,1261,23160,false,false,false,255 255 255 255,false,,,,,,,1,0,1,C#C[N+](C)(C)CCCSc1c(cccc1)S(=O)(=O)c(c2O)cc(Cl)cc2,AIDD_Results trypanosoma scaffold 1,AIDD_Results trypanosoma scaffold 1,0,Peff,
,1262,23214,false,false,false,255 255 255 255,false,,,,,,,0,1,1,NC(=O)C(C12)CN(CC2)C[C@@H]1C(F)c3ccn(c34)CC(=O)OC=N4,AIDD_Results trypanosoma scaffold 1,AIDD_Results trypanosoma scaffold 1,0,Xr,
,1263,23227,false,false,false,255 255 255 255,false,,,,,,,0,1,1,C1C(=O)CCC(C=12)C(C(=O)C(C#N)C2)/C=C(\C34)CN(C=C3)CC4F,AIDD_Results trypanosoma scaffold 1,AIDD_Results trypanosoma scaffold 1,0,HEPX,
,1264,23236,false,false,false,255 255 255 255,false,,,,,,,0,1,1,FC1CN(CC2)CC(\C12)=C\C(C(=O)CO3)c(c34)ccoc4=O,AIDD_Results trypanosoma scaffold 1,AIDD_Results trypanosoma scaffold 1,0,MUT,
,1265,23265,false,false,false,255 255 255 255,false,,,,,,,0,1,1,CN(C)C/C=C/c1cc(C(=O)SCC2=O)c2c(c13)ccoc3=O,AIDD_Results trypanosoma scaffold 1,AIDD_Results trypanosoma scaffold 1,0,MUT,
,1266,23365,false,false,false,255 255 255 255,false,,,,,,,0,1,1,O=c1[nH]cnc(c12)cc3c(c2F)C(=O)COC=N3,AIDD_Results trypanosoma scaffold 1,AIDD_Results trypanosoma scaffold 1,0,HEPX,
,1267,23538,false,false,false,255 255 255 255,false,,,,,,,0,1,1,CCC(=O)C1CC(C)N(C1)C[C@H](C23)CN(CC2)CC3,AIDD_Results trypanosoma scaffold 1,AIDD_Results trypanosoma scaffold 1,0,Xr-; Xm-,
,1268,23591,false,false,false,255 255 255 255,false,,,,,,,0,1,1,OCc1cc(F)n(c12)CC(=O)NC2=O,AIDD_Results trypanosoma scaffold 1,AIDD_Results trypanosoma scaffold 1,0,HEPX,
,1269,23679,false,false,false,255 255 255 255,false,,,,,,,0,1,1,O=C1C(C)N(C)CC(N1)CN(C=CS2=O)n(c23)c(=O)ccc3,AIDD_Results trypanosoma scaffold 1,AIDD_Results trypanosoma scaffold 1,0,MUT,
,1270,23743,false,false,false,255 255 255 255,false,,,,,,,0,1,1,C1CCCC(C12)N(C(NC)C=2CN)C[C@H](C34)N(CC3)CC4,AIDD_Results trypanosoma scaffold 1,AIDD_Results trypanosoma scaffold 1,0,Xr-; Xm+,
,1271,23749,false,false,false,255 255 255 255,false,,,,,,,0,1,1,c1cc(C(=O)O)n(c12)N(C=CC(=O)S2)C[C@H](C34)CN(CC3)C(S4)c5ccoc5,AIDD_Results trypanosoma scaffold 1,AIDD_Results trypanosoma scaffold 1,0,Xr-; Xm+,
,1272,23872,false,false,false,255 255 255 255,false,,,,,,,0,1,1,C1CCN(C12)CCC(\C=C\C)N2C[C@H](C34)CN(CC3)CC4,AIDD_Results trypanosoma scaffold 1,AIDD_Results trypanosoma scaffold 1,0,Xr-; Xm-,
,1273,23892,false,false,false,255 255 255 255,false,,,,,,,0,1,1,CS(=O)(=O)CN(C)CCCN1n(c(=O)c(CN)cc2)c2S(=O)c(c13)cccc3,AIDD_Results trypanosoma scaffold 1,AIDD_Results trypanosoma scaffold 1,0,Xm,
,1274,23938,false,false,false,255 255 255 255,false,,,,,,,0,1,1,O=C(O)c1cc(N)cc(c12)SC=CN2C(C34)CN(CC4)C(C3)c5ccoc5,AIDD_Results trypanosoma scaffold 1,AIDD_Results trypanosoma scaffold 1,0,Xr-; Xm-,
,1275,23965,false,false,false,255 255 255 255,false,,,,,,,0,0,1,CC(=O)c(c1)ccc(c12)Sc3c(cc(Cl)cc3)N2C(=O)C(C(=O)O)CC,AIDD_Results trypanosoma scaffold 1,AIDD_Results trypanosoma scaffold 1,0,fu,
,1276,24029,false,false,false,255 255 255 255,false,,,,,,,0,1,1,N1=COCC(=O)c(c12)cccc2C(C34)CN(CO4)CC3,AIDD_Results trypanosoma scaffold 1,AIDD_Results trypanosoma scaffold 1,0,MUT,
,1277,24229,false,false,false,255 255 255 255,false,,,,,,,0,1,1,C1CN(C)C(=C12)C=CCC2,AIDD_Results trypanosoma scaffold 1,AIDD_Results trypanosoma scaffold 1,0,HEPX,
,1278,24236,false,false,false,255 255 255 255,false,,,,,,,0,0.5,1,N12C(=O)CN(CC2)C(=O)C1Cn(c3cccc4)c(c5c34)N=COC5O,AIDD_Results trypanosoma scaffold 1,AIDD_Results trypanosoma scaffold 1,0,Xr+; CL-,
,1279,24315,false,false,false,255 255 255 255,false,,,,,,,0,1,1,NCC(=O)n(c1=O)cnc(c12)SC(=CN2C=O)\C=C\CC,AIDD_Results trypanosoma scaffold 1,AIDD_Results trypanosoma scaffold 1,0,HEPX,
,1280,24383,false,false,false,255 255 255 255,false,,,,,,,0,1,1,OC1CN(CC2)C[C@@H](C12)CN(CN3CCC4)n(c5C34)c(=O)ccc5,AIDD_Results trypanosoma scaffold 1,AIDD_Results trypanosoma scaffold 1,0,Xr-; Xm+,
,1281,24461,false,false,false,255 255 255 255,false,,,,,,,0,1,1,c1ccc(=O)n(c12)N(CCS2)C[C@H](C34O)CN(CC4)CC3C,AIDD_Results trypanosoma scaffold 1,AIDD_Results trypanosoma scaffold 1,0,Xm,
,1282,24473,false,false,false,255 255 255 255,false,,,,,,,0,1,1,C1CCN(C12C)CC(C(=O)N)CN2CC(CC34)N(CC3)CC4,AIDD_Results trypanosoma scaffold 1,AIDD_Results trypanosoma scaffold 1,0,Xr-; Xm-,
,1283,24476,false,false,false,255 255 255 255,false,,,,,,,0,1,1,N#CC1CCC(C)N(C1=2)CC(=O)C=CC2,AIDD_Results trypanosoma scaffold 1,AIDD_Results trypanosoma scaffold 1,0,HEPX,
,1284,24477,false,false,false,255 255 255 255,false,,,,,,,0,1,1,O=C1COC=NC(C12F)C([C@H](C34)CN(CC3)CC4)C5C(C2)CNC=N5,AIDD_Results trypanosoma scaffold 1,AIDD_Results trypanosoma scaffold 1,0,Xr+; Xm+,
,1285,24517,false,false,false,255 255 255 255,false,,,,,,,0,1,1,S=c1[nH]cnc(c12)c(C(CC34)N(CO4)CC3)c5c(c2)C(=O)COC=N5,AIDD_Results trypanosoma scaffold 1,AIDD_Results trypanosoma scaffold 1,0,Xr-; Xm-,
,1286,24567,false,false,false,255 255 255 255,false,,,,,,,0,1,1,C1CN(C)C(=C12)C=CCC(=O)C2,AIDD_Results trypanosoma scaffold 1,AIDD_Results trypanosoma scaffold 1,0,HEPX,
,1287,24647,false,false,false,255 255 255 255,false,,,,,,,0,1,1,c1cccn1CC(=C2)C(=O)N(C23)N(C4=CCN(C)C4)c5c(S3=O)cc(F)c(C)c5,AIDD_Results trypanosoma scaffold 1,AIDD_Results trypanosoma scaffold 1,0,Xr-; Xm-,
,1288,24700,false,false,false,255 255 255 255,false,,,,,,,0,1,1,c1cc(=S)n(C(=O)O)c(c12)N(C=CS2)CC(C3)N(CS4)CC(C34)O,AIDD_Results trypanosoma scaffold 1,AIDD_Results trypanosoma scaffold 1,0,Xr-; Xm-,
,1289,24756,false,false,false,255 255 255 255,false,,,,,,,0,1,1,O=C1CCCc(c2F)n1c(c23)CN=C4N(C3)CCCC4,AIDD_Results trypanosoma scaffold 1,AIDD_Results trypanosoma scaffold 1,0,HEPX,
,1290,24764,false,false,false,255 255 255 255,false,,,,,,,0,1,1,C1CN(CC2)C(=O)[C@@H](C12)C(=O)N3N=CSc(c34)c[nH]c(=O)c4,AIDD_Results trypanosoma scaffold 1,AIDD_Results trypanosoma scaffold 1,0,Xm,
,1291,24885,false,false,false,255 255 255 255,false,,,,,,,0,1,1,C1CNCC=C1C(N(C)C2)C2CC3N(C(=O)C(C)CC4)C4S(=O)(=O)c(c35)cccn5,AIDD_Results trypanosoma scaffold 1,AIDD_Results trypanosoma scaffold 1,0,Xr+; Xm+,
,1292,24920,false,false,false,255 255 255 255,false,,,,,,,0,0,1,C1CCC(=O)C=C1c2cccn2[C@H](C34)CN(CC3)CC4,AIDD_Results trypanosoma scaffold 1,AIDD_Results trypanosoma scaffold 1,0,2D6,
,1293,24931,false,false,false,255 255 255 255,false,,,,,,,0,1,1,O=C(O)c1cccc(c12)SC=CN2C[C@H]3CN(C=CC34)C(C4)C5OC=CS5,AIDD_Results trypanosoma scaffold 1,AIDD_Results trypanosoma scaffold 1,0,Xr-; Xm-,
,1294,24934,false,false,false,255 255 255 255,false,,,,,,,0,1,1,c1cn(C)c(c12)CCC=C2,AIDD_Results trypanosoma scaffold 1,AIDD_Results trypanosoma scaffold 1,0,HEPX,
,1295,24981,false,false,false,255 255 255 255,false,,,,,,,0,1,1,c1cccc(S2(=O)=O)c1N(CC3CN(C)C3)N(C24)C(=O)C(C)C4c5ncco5,AIDD_Results trypanosoma scaffold 1,AIDD_Results trypanosoma scaffold 1,0,Xr+; Xm-,
,1296,25012,false,false,false,255 255 255 255,false,,,,,,,0,1,1,O=c1cnncn1C(=O)Cc2ccccc2,AIDD_Results trypanosoma scaffold 1,AIDD_Results trypanosoma scaffold 1,0,Xm,
,1297,25093,false,false,false,255 255 255 255,false,,,,,,,0,1,1,CN(C)CC1=C(CCC1)N(c(c23)cccc2)n4c(S(=O)C3)ccc(c4=O)CO,AIDD_Results trypanosoma scaffold 1,AIDD_Results trypanosoma scaffold 1,0,Xm,
,1298,25100,false,false,false,255 255 255 255,false,,,,,,,0,0,1,C1=CCCc(c12)n(ccc2=O)[C@H](C34)CN(CC3)CC4,AIDD_Results trypanosoma scaffold 1,AIDD_Results trypanosoma scaffold 1,0,2D6,
,1299,25105,false,false,false,255 255 255 255,false,,,,,,,0,1,1,C1CN(CC2)C(CC12)CC(C#N)N(CC3)C(C34)NC=NC4,AIDD_Results trypanosoma scaffold 1,AIDD_Results trypanosoma scaffold 1,0,Xr-; Xm+,
,1300,25124,false,false,false,255 255 255 255,false,,,,,,,0,0,1,Cc1cccc(c12)COC(S2=O)[C@H](C34)CN(CC3)CC4,AIDD_Results trypanosoma scaffold 1,AIDD_Results trypanosoma scaffold 1,0,2C19,
,1301,25173,false,false,false,255 255 255 255,false,,,,,,,0,0,1,NCC(=O)n(c1=O)cnc(c12)SC(=C(C)N2C(=O)C)C(=O)C3C(C)CCC3,AIDD_Results trypanosoma scaffold 1,AIDD_Results trypanosoma scaffold 1,0,1A2,
,1302,25182,false,false,false,255 255 255 255,false,,,,,,,0,1,1,n1ocnc1-c(cc2)cc(c23)CC(=O)n4c3nncc4=O,AIDD_Results trypanosoma scaffold 1,AIDD_Results trypanosoma scaffold 1,0,Xm,
,1303,25224,false,false,false,255 255 255 255,false,,,,,,,0,1,1,C1CCC(C12)C3=C(C=2C(=O)C)N(C(=O)C)c4c(C3N)ncn(c4=O)C(=O)C,AIDD_Results trypanosoma scaffold 1,AIDD_Results trypanosoma scaffold 1,0,HEPX,
,1304,25251,false,false,false,255 255 255 255,false,,,,,,,0,1,1,CN(C1)CC=C1N2n(c(=O)c(CO)cc3)c3S(=O)c(c24)cccc4,AIDD_Results trypanosoma scaffold 1,AIDD_Results trypanosoma scaffold 1,0,Xm,
,1305,25280,false,false,false,255 255 255 255,false,,,,,,,0,0,1,O=C1CCCc(c12)n(cc2)C(CC34)N(CC3)CC4,AIDD_Results trypanosoma scaffold 1,AIDD_Results trypanosoma scaffold 1,0,2D6,
,1306,25329,false,false,false,255 255 255 255,false,,,,,,,0,1,1,C12C(O)CN(CC2)C(C1)/C=C3/C(C(=O)OC=N3)C(N4)C(F)CCC4=O,AIDD_Results trypanosoma scaffold 1,AIDD_Results trypanosoma scaffold 1,0,Xr,
,1307,25351,false,false,false,255 255 255 255,false,,,,,,,0,1,1,O=S1(=O)C=CC(C=C1)C[C@H](C23)CN(CC2)CC3,AIDD_Results trypanosoma scaffold 1,AIDD_Results trypanosoma scaffold 1,0,MUT,
,1308,25376,false,false,false,255 255 255 255,false,,,,,,,0,1,1,N#Cc1c(F)c(CO)cc2n(C)c(c3c12)c(=O)n(C(=O)C)c(n3)C4=CNCC4,AIDD_Results trypanosoma scaffold 1,AIDD_Results trypanosoma scaffold 1,0,HEPX,
,1309,25378,false,false,false,255 255 255 255,false,,,,,,,0,1,1,N#CC1CC(C(=O)NC)CC2N(C(C3C12C)NCC3)CC(S4)N(CC5)CCC45,AIDD_Results trypanosoma scaffold 1,AIDD_Results trypanosoma scaffold 1,0,Xr-; Xm+,
,1310,25404,false,false,false,255 255 255 255,false,,,,,,,0,1,1,C1CCN(C12)CC=3C(N2)CC=CC3,AIDD_Results trypanosoma scaffold 1,AIDD_Results trypanosoma scaffold 1,0,HEPX,
,1311,25458,false,false,false,255 255 255 255,false,,,,,,,0,1,1,CN(C)CCCN1n(c(=O)n(CN)c(=O)c2)c2S(=O)c(c13)n(C)c(C)c3,AIDD_Results trypanosoma scaffold 1,AIDD_Results trypanosoma scaffold 1,0,Xr-; Xm+,
,1312,24403,false,false,false,255 255 255 255,false,,,,,,,0.470566,0.5,1.00175,n1coc(c12)c3c(cc2C(=O)O)SC=4C(=C(CF)CCC4)N3CCCN5CCNCC5=O,AIDD_Results trypanosoma scaffold 1,AIDD_Results trypanosoma scaffold 1,0,Size; Peff; fu; Xr-,
,1313,5869,false,false,false,255 255 255 255,false,,,,,,,0,1,1.00253,O=C(O)c1cccc(c12)SC(c3cncs3)=CN2C[C@H](C45F)CN(CC4)CC5,AIDD_Results trypanosoma scaffold 1,AIDD_Results trypanosoma scaffold 1,0,Xr-; Xm+; 3A4,
,1314,19685,false,false,false,255 255 255 255,false,,,,,,,0.003,1,1.003,CC(O1)NCC1C(=O)N2N(CC(=O)C(F)=CN3)C=3Cc(c24)cccc4[N+]([O-])=O,AIDD_Results trypanosoma scaffold 1,AIDD_Results trypanosoma scaffold 1,0,ch; MUT,
,1315,17891,false,false,false,255 255 255 255,false,,,,,,,0.00742057,1,1.00742,N=CC(C12)CN(CC2)C(CN)[C@@H]1CN3n(c(=O)ccc4)c4Sc(c35)[nH]cc5,AIDD_Results trypanosoma scaffold 1,AIDD_Results trypanosoma scaffold 1,0,HBD; Xr-; Xm+,
,1316,20636,false,false,false,255 255 255 255,false,,,,,,,0,1,1.00719,CC(=O)c(cc1)cc2n(C)c(c3c12)ccc(n3)C(=O)C,AIDD_Results trypanosoma scaffold 1,AIDD_Results trypanosoma scaffold 1,0,MUT; 1A2,
,1317,13474,false,false,false,255 255 255 255,false,,,,,,,0.513,0,1.013,C1=CCC(C(=O)C)C(N2C(C)=N)=C1S(=O)(=O)c(c23)ncn(c3=O)C(=O)C,AIDD_Results trypanosoma scaffold 1,AIDD_Results trypanosoma scaffold 1,0,ch; CL-,
,1318,5568,false,false,false,255 255 255 255,false,,,,,,,0,0.0147577,1.01476,CN(C)C(=O)C(N)CN(C1)c(ccc(C)c2)c2S(=O)c(c13)cc(=O)[nH]c3,AIDD_Results trypanosoma scaffold 1,AIDD_Results trypanosoma scaffold 1,0,Xr; 2C19,
,1319,21531,false,false,false,255 255 255 255,false,,,,,,,0,0,1.01522,C1CN(CC2)C(CC12)CCCC(CCN3)n(c34)c(=O)ccc4,AIDD_Results trypanosoma scaffold 1,AIDD_Results trypanosoma scaffold 1,0,2D6; 3A4,
,1320,18330,false,false,false,255 255 255 255,false,,,,,,,0,0.5,1.01731,O=C(O)c1ccc(N)c(c12)SC=CN2C3CN(CC4)CC(C34)c5ccoc5,AIDD_Results trypanosoma scaffold 1,AIDD_Results trypanosoma scaffold 1,0,Xr-; 2C19,
,1321,6541,false,false,false,255 255 255 255,false,,,,,,,0,1,1.0214,c1cc(=S)n(C(=O)O)c(c12)N(C=CS2)C[C@H](C34)CN(CC4)C(C3)C5CCCO5,AIDD_Results trypanosoma scaffold 1,AIDD_Results trypanosoma scaffold 1,0,Xr-; Xm-; 3A4,
,1322,23069,false,false,false,255 255 255 255,false,,,,,,,0.2,0.5,1.02098,C1NC(C)CC1CN(C(C2=3)CC(=O)C(C)=CN3)C4C(C2=O)c5n(CC4)c(=O)cc(F)c5,AIDD_Results trypanosoma scaffold 1,AIDD_Results trypanosoma scaffold 1,0,Size; Xr-; 3A4,
,1323,22757,false,false,false,255 255 255 255,false,,,,,,,0,1,1.02303,O=C(O)c1cc(ccc1)C(S2)=CN(C=C2c3cncs3)C[C@H]4CN(CC5)C=CC45F,AIDD_Results trypanosoma scaffold 1,AIDD_Results trypanosoma scaffold 1,0,Xr-; Xm+; 3A4,
,1324,12292,false,false,false,255 255 255 255,false,,,,,,,0,1.02604,1.02604,C1CN(CC2)C(CC12)CCCN(C=CS3)n(c34)c(=O)ccc4,AIDD_Results trypanosoma scaffold 1,AIDD_Results trypanosoma scaffold 1,0,hERG; Xm+,
,1325,15526,false,false,false,255 255 255 255,false,,,,,,,0,1.02743,1.02743,CC(=O)Nc(cc1)cc(S2)c1N(C(C23)NCC3)CC(CC45)N(CC4)CC5,AIDD_Results trypanosoma scaffold 1,AIDD_Results trypanosoma scaffold 1,0,hERG; rat; Xr-; Xm+,
,1326,14212,false,false,false,255 255 255 255,false,,,,,,,0,1.02809,1.02809,c1cccc(c12)C([C@H](C34)CN(CC3)CC4)C5C2=CC(=O)OC5,AIDD_Results trypanosoma scaffold 1,AIDD_Results trypanosoma scaffold 1,0,rat; Xr-,
,1327,19294,false,false,false,255 255 255 255,false,,,,,,,0,1,1.02822,C1CN(CC2)C(C)[C@@H](C12)CC(=O)N(N=CS3)CC3C(CC4=O)OC4,AIDD_Results trypanosoma scaffold 1,AIDD_Results trypanosoma scaffold 1,0,Xm; 3A4,
,1328,19471,false,false,false,255 255 255 255,false,,,,,,,0,1.02962,1.02962,N#CCC1C(NCC2)C2NN(C1=C34)C(=O)CC3C(CC4)c5ncon5,AIDD_Results trypanosoma scaffold 1,AIDD_Results trypanosoma scaffold 1,0,Xr+; Xm,
,1329,6386,false,false,false,255 255 255 255,false,,,,,,,0.0307506,1,1.03075,c1oc(=O)cc(c12)S(=O)(=O)N(C#N)C(=O)C2C[C@H](C34)CN(CC3F)CC4,AIDD_Results trypanosoma scaffold 1,AIDD_Results trypanosoma scaffold 1,0,HBA; MUT,
,1330,6560,false,false,false,255 255 255 255,false,,,,,,,0.0306768,1,1.03068,c1c(=O)occ(c12)S(=O)(=O)N(C#N)C(=O)C2C[C@H](C34)CN(CC3F)CC4,AIDD_Results trypanosoma scaffold 1,AIDD_Results trypanosoma scaffold 1,0,HBA; Xr-; Xm-,
,1331,2185,false,false,false,255 255 255 255,false,,,,,,,0,0.5,1.03502,O=C(O)c1cccc(c12)Sc3c(C/2=C\C)cc(C(=O)O)cc3,AIDD_Results trypanosoma scaffold 1,AIDD_Results trypanosoma scaffold 1,0,fu; Xm+,
,1332,6746,false,false,false,255 255 255 255,false,,,,,,,0.536394,0.5,1.03639,C1CNC(CC)C1CN2N(C(=O)C(CN)CC3)C3S(=O)(=O)c(c24)cccc4,AIDD_Results trypanosoma scaffold 1,AIDD_Results trypanosoma scaffold 1,0,Peff; Xm+,
,1333,10216,false,false,false,255 255 255 255,false,,,,,,,0.0386868,1,1.03869,CCN(C)CC(C(=O)N)C(c1ccco1)N(C=C(S2)C(=O)C)n(c23)c(=O)c(Cl)cn3,AIDD_Results trypanosoma scaffold 1,AIDD_Results trypanosoma scaffold 1,0,Size; Xm,
,1334,20883,false,false,false,255 255 255 255,false,,,,,,,0,0.015147,1.03908,c1occc1C2CCCC(C23)NCCC3,AIDD_Results trypanosoma scaffold 1,AIDD_Results trypanosoma scaffold 1,0,hERG; 2C19; 2D6,
,1335,12652,false,false,false,255 255 255 255,false,,,,,,,0,0.539742,1.03974,O=c1oc(C)c(C#N)n(c2=O)n1c(c23)cc(=O)oc3,AIDD_Results trypanosoma scaffold 1,AIDD_Results trypanosoma scaffold 1,0,Xm; HEPX+; 2C9-,
,1336,24743,false,false,false,255 255 255 255,false,,,,,,,0,1,1.04048,OCc1cc(F)n(c12)CC(=O)CC2O,AIDD_Results trypanosoma scaffold 1,AIDD_Results trypanosoma scaffold 1,0,HEPX; 1A2,
,1337,20470,false,false,false,255 255 255 255,false,,,,,,,0,1.04127,1.04127,C#Cc1[nH]cc(c12)SC=NC2C(O)C[C@H](C34)CN(CC3)CC4,AIDD_Results trypanosoma scaffold 1,AIDD_Results trypanosoma scaffold 1,0,Xr; Xm,
,1338,2783,false,false,false,255 255 255 255,false,,,,,,,0,1.0428,1.0428,CC(=O)Nc(cc1)cc(S2)c1N(C(C23)NCC3)C[C@H](C45)CN(CC4)CC5,AIDD_Results trypanosoma scaffold 1,AIDD_Results trypanosoma scaffold 1,0,rat; Xr-; Xm+,
,1339,19672,false,false,false,255 255 255 255,false,,,,,,,0,1.02843,1.04273,C/C=C/c(c1)ccc(c12)N3C(N=CCC3=O)C2C[C@H](C45)CN(CC4)CC5,AIDD_Results trypanosoma scaffold 1,AIDD_Results trypanosoma scaffold 1,0,rat; Xr-; 2D6,
,1340,22704,false,false,false,255 255 255 255,false,,,,,,,0,1.04786,1.04786,CC(=O)C=1CCC(C12)N(N=CS2)C(=O)[C@H](C34)CN(CC3)CC4,AIDD_Results trypanosoma scaffold 1,AIDD_Results trypanosoma scaffold 1,0,Xr; Xm,
,1341,21853,false,false,false,255 255 255 255,false,,,,,,,0.2,0.5,1.04959,c1coc(c12)c(C(=O)O)cc(c2)Oc3c(cccc3)SCCCN(CC4=O)CCNC4,AIDD_Results trypanosoma scaffold 1,AIDD_Results trypanosoma scaffold 1,0,Size; fu; Xm-,
,1342,14811,false,false,false,255 255 255 255,false,,,,,,,0,1,1.0506,Cc1cc(C)cc(c12)N(CCCCN(C)C)n3c(S2=O)cc(CF)cc3=O,AIDD_Results trypanosoma scaffold 1,AIDD_Results trypanosoma scaffold 1,0,Xm; 2C19,
,1343,11390,false,false,false,255 255 255 255,false,,,,,,,0.451121,0.5,1.05331,Nc1cccc(c12)S(=O)(=O)c3c(N2C4C=CN(C)CC4)cc(cc3)C5=CC(=O)N=CC5,AIDD_Results trypanosoma scaffold 1,AIDD_Results trypanosoma scaffold 1,0,Size; Sw; Xr-; 2C9,
,1344,12144,false,false,false,255 255 255 255,false,,,,,,,0,1,1.05312,CC(=O)c1sc(=O)cc(c12)SC=3C(N2C(=O)C)=C(O)CC(C3)C(=O)C,AIDD_Results trypanosoma scaffold 1,AIDD_Results trypanosoma scaffold 1,0,fu; Xr-; Xm-,
,1345,12975,false,false,false,255 255 255 255,false,,,,,,,0.552961,0.5,1.05296,c1cc(=S)n(C(=O)O)c(c12)N(C=CS2)C[C@H](C34)CN(CC3O)C(C4)C5(CC)CC(C)CO5,AIDD_Results trypanosoma scaffold 1,AIDD_Results trypanosoma scaffold 1,0,Size; Xr-,
,1346,22071,false,false,false,255 255 255 255,false,,,,,,,0,1.05302,1.05302,NC(=O)/C=C1/C=C(C(C#N)C1C)C(O)[C@H](C23)CN(CC2)CC3,AIDD_Results trypanosoma scaffold 1,AIDD_Results trypanosoma scaffold 1,0,Xm; HEPX,
,1347,13728,false,false,false,255 255 255 255,false,,,,,,,0,1,1.05442,n1coc(c12)n(C=O)c(F)c2C(CC34)N(CC3)CC4,AIDD_Results trypanosoma scaffold 1,AIDD_Results trypanosoma scaffold 1,0,HEPX; 3A4,
,1348,4533,false,false,false,255 255 255 255,false,,,,,,,0,0.5,1.05512,O=c1ccnc(S2)n1N(CCCN(C)C)c(c(F)c3Cl)c2c(c34)OCC4N,AIDD_Results trypanosoma scaffold 1,AIDD_Results trypanosoma scaffold 1,0,Vd; Xm+; 1A2,
,1349,8398,false,false,false,255 255 255 255,false,,,,,,,0,0.5,1.05466,n1ocnc1Cc(c2)ccc(N(C3)C(C4=N)CC(C)C4)c2S(=O)c(c35)cc(=O)[nH]c5,AIDD_Results trypanosoma scaffold 1,AIDD_Results trypanosoma scaffold 1,0,Xr-; 2C9,
,1350,17632,false,false,false,255 255 255 255,false,,,,,,,0,1.05557,1.05557,CC(=O)c(cc1)cc(c12)N(C3C2CCN3)C[C@H](C45)CN(CC4)CC5,AIDD_Results trypanosoma scaffold 1,AIDD_Results trypanosoma scaffold 1,0,rat; Xr-; Xm-,
,1351,15164,false,false,false,255 255 255 255,false,,,,,,,0,1,1.05687,O=Cn1cc(cc1C)[C@H](C2OC3)CN3C(C24)CCC4,AIDD_Results trypanosoma scaffold 1,AIDD_Results trypanosoma scaffold 1,0,MUT; 2C19,
,1352,18870,false,false,false,255 255 255 255,false,,,,,,,0,0.979207,1.05712,C1NC(C)CC1CN2C(CC(=O)C(C)=CN3)C=3C(=O)C4C2CCc(c45)cccc5,AIDD_Results trypanosoma scaffold 1,AIDD_Results trypanosoma scaffold 1,0,rat; Xr-; 3A4,
,1353,16438,false,false,false,255 255 255 255,false,,,,,,,0.562273,0.5,1.06227,N#Cc1c(C)c(Cl)n(c12)S(=O)(=O)C3=C(N2CCCN(C)C)C(=O)CC(C3)C4=CCNCC4,AIDD_Results trypanosoma scaffold 1,AIDD_Results trypanosoma scaffold 1,0,Size; ch; Xm-,
,1354,16803,false,false,false,255 255 255 255,false,,,,,,,0,1,1.0637,c1cc(C(=O)O)cc(c12)N(C=CSC2)[C@H](C34)N(CC4)C(C3)c5ccoc5,AIDD_Results trypanosoma scaffold 1,AIDD_Results trypanosoma scaffold 1,0,fu; Xr-; Xm-,
,1355,20731,false,false,false,255 255 255 255,false,,,,,,,0,1,1.06384,O=C(O)c(c1)ccc(c12)SC=CN2[C@H](C34)N(CC4)C(C3)C5=COCS5,AIDD_Results trypanosoma scaffold 1,AIDD_Results trypanosoma scaffold 1,0,fu; Xr-; Xm+,
,1356,23444,false,false,false,255 255 255 255,false,,,,,,,0,1,1.06355,N#CC(C1)N(CC2)C[C@@H](C12)CN3C(CCC4)N4CC(C35)CC=C5,AIDD_Results trypanosoma scaffold 1,AIDD_Results trypanosoma scaffold 1,0,Xr-; Xm-; 3A4,
,1357,1999,false,false,false,255 255 255 255,false,,,,,,,0,0.5,1.06901,O=C(O)c1cccc(c12)Sc3c(C/2=C\C)ccc(c3)C(=O)O,AIDD_Results trypanosoma scaffold 1,AIDD_Results trypanosoma scaffold 1,0,fu; Xm+,
,1358,18030,false,false,false,255 255 255 255,false,,,,,,,0,1.06875,1.06875,C1=CCCc(c12)n3c(ncoc3=O)c2C(C45)CN(CC4)CC5,AIDD_Results trypanosoma scaffold 1,AIDD_Results trypanosoma scaffold 1,0,hERG; rat; Xr-,
,1359,17873,false,false,false,255 255 255 255,false,,,,,,,0,1,1.07316,C#Cc1cc(NC(=O)C)cc(c12)SC=NC2C(O)C[C@H](C34)CN(CC3)CC4,AIDD_Results trypanosoma scaffold 1,AIDD_Results trypanosoma scaffold 1,0,Xm; 3A4,
,1360,4807,false,false,false,255 255 255 255,false,,,,,,,0,1.07653,1.07653,C12=CCN(CC2)C(C#N)[C@@H]1N(C=CS3)C(C34)=CCCC=4C(=O)O,AIDD_Results trypanosoma scaffold 1,AIDD_Results trypanosoma scaffold 1,0,Xm; HEPX,
,1361,8198,false,false,false,255 255 255 255,false,,,,,,,0,1,1.07734,CNC(=O)C(CC1)CC(C1C23)N(C2NCC3)CC(CC45)N(CC4)CC5,AIDD_Results trypanosoma scaffold 1,AIDD_Results trypanosoma scaffold 1,0,Xr-; Xm-; 2D6,
,1362,2852,false,false,false,255 255 255 255,false,,,,,,,0.835741,0,1.07902,O=c1c(C)cn(S(=O)(=O)C)c(c12)SC=CN2CCCN3CCNCC3C(C4=O)CCC4,AIDD_Results trypanosoma scaffold 1,AIDD_Results trypanosoma scaffold 1,0,Size; ch; 2D6,
,1363,5559,false,false,false,255 255 255 255,false,,,,,,,0,0.5,1.08098,C1CN(CC2)C(C)[C@@H](C12)Cn(c(c3c45)cccc3)c4ncoc5=O,AIDD_Results trypanosoma scaffold 1,AIDD_Results trypanosoma scaffold 1,0,Xr-; 2D6,
,1364,9164,false,false,false,255 255 255 255,false,,,,,,,0.0822861,1,1.08229,C1CN(CC2)C[C@@H](C12)Cc3c(C(S(=O)(=O)C)CCC4=O)n4c(c35)nc[nH]c5=N,AIDD_Results trypanosoma scaffold 1,AIDD_Results trypanosoma scaffold 1,0,Peff; Xr-; Xm-,
,1365,21586,false,false,false,255 255 255 255,false,,,,,,,0,1,1.08624,C1CN(CC2)CC(/C12F)=C\N(C(=CS3)c(ccc4)cc4C(=O)O)C=C3c5cncs5,AIDD_Results trypanosoma scaffold 1,AIDD_Results trypanosoma scaffold 1,0,fu; Xr-; Xm+; 3A4,
,1366,19723,false,false,false,255 255 255 255,false,,,,,,,0.204067,0.883661,1.08773,CCc1cc(C)cc(c12)N(CC3CCN(C)C3)n4c(S2=O)cc(CF)cc4=O,AIDD_Results trypanosoma scaffold 1,AIDD_Results trypanosoma scaffold 1,0,Kow; Xm,
,1367,9637,false,false,false,255 255 255 255,false,,,,,,,0,1,1.09038,CCC(=O)C1C=CC(C1C)C[C@H](C23)N(CC2)CC3,AIDD_Results trypanosoma scaffold 1,AIDD_Results trypanosoma scaffold 1,0,Xr-; Xm-; 2D6,
,1368,14243,false,false,false,255 255 255 255,false,,,,,,,0,1.09131,1.09131,c1cc(C#N)cc2n(c(c3c12)N=COC3)C(F)[C@H](C45)CN(CC4)CC5,AIDD_Results trypanosoma scaffold 1,AIDD_Results trypanosoma scaffold 1,0,Xr-; Xm,
,1369,16975,false,false,false,255 255 255 255,false,,,,,,,0.0905,1,1.0905,CC(=O)c(n1)[nH]c(=O)c(c1c23)n(C)c2oc(=O)cc3CC=N,AIDD_Results trypanosoma scaffold 1,AIDD_Results trypanosoma scaffold 1,0,ch; HEPX,
,1370,23573,false,false,false,255 255 255 255,false,,,,,,,0,1.09341,1.09341,CCNc(c1)ccc(c12)N3C(N=COC3=O)C2C[C@H](C45)CN(CC4)CC5,AIDD_Results trypanosoma scaffold 1,AIDD_Results trypanosoma scaffold 1,0,rat; Xr-,
,1371,10214,false,false,false,255 255 255 255,false,,,,,,,0,0,1.09396,C1CNCC=C1CC(=O)c(c2)ccc3n(C)c(c4c23)cc(cn4)C(=O)C,AIDD_Results trypanosoma scaffold 1,AIDD_Results trypanosoma scaffold 1,0,Vd; 1A2,
,1372,17251,false,false,false,255 255 255 255,false,,,,,,,0,1,1.09738,C1CN(CC2)C[C@@H](C12)CCN3C(CCC4)N4CC(C35)CC=C5,AIDD_Results trypanosoma scaffold 1,AIDD_Results trypanosoma scaffold 1,0,Xr-; Xm-; 3A4,
,1373,12752,false,false,false,255 255 255 255,false,,,,,,,1.1005,0,1.1005,c1c(Br)n(C)c(c12)NC(S(=O)(=O)N)c3c(S2=O)cc(=O)[nH]c3,AIDD_Results trypanosoma scaffold 1,AIDD_Results trypanosoma scaffold 1,0,HBD; ch; Peff,
,1374,15581,false,false,false,255 255 255 255,false,,,,,,,0.6,0.5,1.1,C1C(=O)C(C(=O)O)=C(CC)N=C(C2=O)N1N(CC3CCN(C)C3)c4ccc(c5c24)nccc5,AIDD_Results trypanosoma scaffold 1,AIDD_Results trypanosoma scaffold 1,0,Size; Xr-,
,1375,22621,false,false,false,255 255 255 255,false,,,,,,,0.6,0.5,1.1,C1CC=C(C)N=C(C2=O)N1N(C(=O)C3CCN(C)C3)c(c24)ccc(c4)N5C(=O)CNCC5=O,AIDD_Results trypanosoma scaffold 1,AIDD_Results trypanosoma scaffold 1,0,Size; Xr-,
,1376,24122,false,false,false,255 255 255 255,false,,,,,,,0.599896,0.5,1.0999,N#CC1C=CC=Nc(c2C(C3)N(CN4)CC(C)C34)n1c(c25)C(=O)C(Br)=CS5(=O)=O,AIDD_Results trypanosoma scaffold 1,AIDD_Results trypanosoma scaffold 1,0,Size; Peff; Xr-,
,1377,23237,false,false,false,255 255 255 255,false,,,,,,,0,0,1.10056,N1CCNC(C1=O)CN(C2)c(cc(F)cc3)c3S(=O)c(c24)cccc4,AIDD_Results trypanosoma scaffold 1,AIDD_Results trypanosoma scaffold 1,0,2C9; 2C19,
,1378,6165,false,false,false,255 255 255 255,false,,,,,,,0,1,1.103,O=C(O)c(c1)ccc(c12)SC=CN2[C@H](C34)N(CC4)C(C3)c5ccoc5,AIDD_Results trypanosoma scaffold 1,AIDD_Results trypanosoma scaffold 1,0,fu; Xr-; Xm-,
,1379,4819,false,false,false,255 255 255 255,false,,,,,,,0,1,1.10626,c1cn(C(=O)O)c(c12)N(C=CS2)C[C@H](C34)CN(CC4)C(C3)c5ccoc5,AIDD_Results trypanosoma scaffold 1,AIDD_Results trypanosoma scaffold 1,0,Xr-; Xm-; 2C19,
,1380,10955,false,false,false,255 255 255 255,false,,,,,,,0.112397,1,1.1124,c1cc(=S)n(C(=O)O)c(c12)N(C=CS2)C[C@H](C34)CN(CC3O)C(S4)C(CC)OC,AIDD_Results trypanosoma scaffold 1,AIDD_Results trypanosoma scaffold 1,0,Size; Xr-; Xm-,
,1381,12339,false,false,false,255 255 255 255,false,,,,,,,0,1.11291,1.11291,C1CN(CC2)C(CC12)CC3N=CSc(c34)oc(=O)cc4,AIDD_Results trypanosoma scaffold 1,AIDD_Results trypanosoma scaffold 1,0,hERG; Xm,
,1382,18385,false,false,false,255 255 255 255,false,,,,,,,0,1,1.12212,C1CN(CC2)C[C@@H](C12)CCN(C(C34)N=CC3)C5N(C4)CCC5,AIDD_Results trypanosoma scaffold 1,AIDD_Results trypanosoma scaffold 1,0,Xr-; Xm-; 3A4,
,1383,24665,false,false,false,255 255 255 255,false,,,,,,,1.12741,0,1.12741,C1CCCC(C12)CC(C#N)C(=O)C2/C=C(\C34)CC(C(F)C3)CC4,AIDD_Results trypanosoma scaffold 1,AIDD_Results trypanosoma scaffold 1,0,Kow; Sw,
,1384,4148,false,false,false,255 255 255 255,false,,,,,,,0.629115,0.5,1.12912,o1cnc(c1c23)n(C(=O)O)c2Sc4c(c(C(F)(F)F)ccc4)N3CCCN5CCNCC5=O,AIDD_Results trypanosoma scaffold 1,AIDD_Results trypanosoma scaffold 1,0,Size; Xr-,
,1385,15401,false,false,false,255 255 255 255,false,,,,,,,0,0.5,1.12965,C1=CCNc(c12)n3c(c2C(CC45)N(CC4)CC5)N=COCC3,AIDD_Results trypanosoma scaffold 1,AIDD_Results trypanosoma scaffold 1,0,Xr-; 2D6,
,1386,24443,false,false,false,255 255 255 255,false,,,,,,,0.13,1,1.13,Cc(o1)ncc1CC(=O)N(c(c2c34)cc(=O)n3ncs4)N5C(O2)=NC=C(F)C(=O)C5,AIDD_Results trypanosoma scaffold 1,AIDD_Results trypanosoma scaffold 1,0,ch; Xr-; Xm+,
,1387,11903,false,false,false,255 255 255 255,false,,,,,,,0.0583192,1.07286,1.13118,C1CCC(C12)N(C)C(C(=O)N)CC2N3C(C=CCC4)=C4S(=O)c(c35)ccc(c5)CN,AIDD_Results trypanosoma scaffold 1,AIDD_Results trypanosoma scaffold 1,0,HBD; rat; Xr-; Xm-,
,1388,6394,false,false,false,255 255 255 255,false,,,,,,,0.133091,1,1.13309,NCC(C1)N(S(=O)(=O)C)C(=C12)Cc3n(c(=O)ccc3)N2C[C@H](C45)CN(CC4)CC5,AIDD_Results trypanosoma scaffold 1,AIDD_Results trypanosoma scaffold 1,0,ch; Xr-; Xm+,
,1389,11344,false,false,false,255 255 255 255,false,,,,,,,0,1,1.13274,CC(O1)N(CC2)C[C@@](C)(C12)Cn3cccc3C4=CC(=O)CC=C4,AIDD_Results trypanosoma scaffold 1,AIDD_Results trypanosoma scaffold 1,0,HEPX; 2D6,
,1390,23037,false,false,false,255 255 255 255,false,,,,,,,0,1.13371,1.13371,C1CN(CC2)C(CC12)CC3N=CCSc(c34)oc(=O)cc4,AIDD_Results trypanosoma scaffold 1,AIDD_Results trypanosoma scaffold 1,0,hERG; Xm,
,1391,16303,false,false,false,255 255 255 255,false,,,,,,,0,1.13888,1.13888,n1ocnc1C2CNC(C23)Cc4n(N3)c(=S)ccc4,AIDD_Results trypanosoma scaffold 1,AIDD_Results trypanosoma scaffold 1,0,rat; Xm,
,1392,18808,false,false,false,255 255 255 255,false,,,,,,,0,1,1.13958,c1cc(C#N)cc2n(CF)c(c3c12)C=COC3,AIDD_Results trypanosoma scaffold 1,AIDD_Results trypanosoma scaffold 1,0,MUT; 1A2,
,1393,2683,false,false,false,255 255 255 255,false,,,,,,,0,0.14148,1.14148,O=C(O)c(c1)ccc(c12)Sc3c(N2)cccc3,AIDD_Results trypanosoma scaffold 1,AIDD_Results trypanosoma scaffold 1,0,fu; Xm,
,1394,22521,false,false,false,255 255 255 255,false,,,,,,,0.065,0.5,1.14108,n1[nH]nnc1-c(ccc2)c(N3CC(=O)C)c2Oc(c34)c(Cl)ccc4C(=O)O,AIDD_Results trypanosoma scaffold 1,AIDD_Results trypanosoma scaffold 1,0,ch; fu; Xm-,
,1395,22921,false,false,false,255 255 255 255,false,,,,,,,0,1.14081,1.14081,N#Cc1cccc(c12)CSC=NC2C(O)C[C@H](C34)CN(CC4)CC3C,AIDD_Results trypanosoma scaffold 1,AIDD_Results trypanosoma scaffold 1,0,hERG; Xm,
,1396,21454,false,false,false,255 255 255 255,false,,,,,,,0.2,0.948719,1.14872,C1C(=O)C=C(CF)N=C(C2=O)N1N(/C=C3/CCN(C)C3)C(=C24)CCc5c4ccc(=O)o5,AIDD_Results trypanosoma scaffold 1,AIDD_Results trypanosoma scaffold 1,0,Size; Xr-; Xm,
,1397,16531,false,false,false,255 255 255 255,false,,,,,,,0,1,1.15685,O=C(O)Cn(cc1)c(c12)N(C=CS2)C[C@H](C34)CN(CC4)C(C3)c5ccoc5,AIDD_Results trypanosoma scaffold 1,AIDD_Results trypanosoma scaffold 1,0,Xr-; Xm-; 3A4,
,1398,8517,false,false,false,255 255 255 255,false,,,,,,,0,1,1.16153,C1CN(CC2)C[C@@H](C12)CC(=O)N(c3c(S4)cc(=O)sc3)N(C45)CCC5NC(=O)C,AIDD_Results trypanosoma scaffold 1,AIDD_Results trypanosoma scaffold 1,0,Xr-; Xm+; 3A4,
,1399,17338,false,false,false,255 255 255 255,false,,,,,,,0,1,1.16289,c1cc(C#N)cc2n(CF)c(c3c12)N=COC3,AIDD_Results trypanosoma scaffold 1,AIDD_Results trypanosoma scaffold 1,0,MUT; 1A2,
,1400,24372,false,false,false,255 255 255 255,false,,,,,,,0.1648,1,1.1648,c1c(N)c(C(=O)N)cc(N2C=O)c1SC(=C23)N=CC(=C\Br)/C3=O,AIDD_Results trypanosoma scaffold 1,AIDD_Results trypanosoma scaffold 1,0,HBD; MUT,
,1401,24779,false,false,false,255 255 255 255,false,,,,,,,0,1.12814,1.16456,C1OC(=O)CC(C=12)C(CC#N)CC(=O)C2/C=C(\C34)CN(CC3F)CC4,AIDD_Results trypanosoma scaffold 1,AIDD_Results trypanosoma scaffold 1,0,Xr; HEPX; 3A4,
,1402,24084,false,false,false,255 255 255 255,false,,,,,,,0,1,1.16561,O=C1CCCc(c12)cn3c2CN=C4N(C3)CCOC4,AIDD_Results trypanosoma scaffold 1,AIDD_Results trypanosoma scaffold 1,0,MUT; 2D6,
,1403,13062,false,false,false,255 255 255 255,false,,,,,,,0,1,1.16728,C1CN(CC2)C(=O)[C@@H](C12)C(=O)N3N=CSc(c34)cccc4,AIDD_Results trypanosoma scaffold 1,AIDD_Results trypanosoma scaffold 1,0,fu; Xm,
,1404,16760,false,false,false,255 255 255 255,false,,,,,,,0,1.05351,1.16667,O=C1CNCCN1CC(=O)c(c2)ccc3n(C)c(c4c23)cc(cn4)C(=O)C,AIDD_Results trypanosoma scaffold 1,AIDD_Results trypanosoma scaffold 1,0,Xr; Xm-; 1A2,
,1405,19441,false,false,false,255 255 255 255,false,,,,,,,0.666541,0.5,1.16654,C1NCCC1C2(C)C(C#N)CC(C(=O)N(C)C(=O)C)CC2NCC(S3)N(CC4)CCC34,AIDD_Results trypanosoma scaffold 1,AIDD_Results trypanosoma scaffold 1,0,Size; ch; Xm+,
,1406,22942,false,false,false,255 255 255 255,false,,,,,,,0,1.16903,1.16903,CC(=O)c(cc1)cc2c1CN(C(C23)NCC3)C[C@H](C45)CN(CC4)CC5,AIDD_Results trypanosoma scaffold 1,AIDD_Results trypanosoma scaffold 1,0,rat; Xr-; Xm-,
,1407,14098,false,false,false,255 255 255 255,false,,,,,,,0,1,1.17042,C1CN(CO2)C[C@@H](C12)C#CN3C=COc(c34)coc(=O)c4,AIDD_Results trypanosoma scaffold 1,AIDD_Results trypanosoma scaffold 1,0,MUT; 1A2,
,1408,22457,false,false,false,255 255 255 255,false,,,,,,,0,1.17749,1.17749,CC(=O)NC(C1)N(CC(C#N)C12)C(N)[C@@H]2N(C=CS3)n(c34)c(=O)ccc4,AIDD_Results trypanosoma scaffold 1,AIDD_Results trypanosoma scaffold 1,0,Xr; Xm,
,1409,24350,false,false,false,255 255 255 255,false,,,,,,,0.678397,0.5,1.1784,NCn1cnc(cc1=O)S(=O)c(cc2C#C)c([nH]2)NC(C)CCN(C)C,AIDD_Results trypanosoma scaffold 1,AIDD_Results trypanosoma scaffold 1,0,HBD; Peff; Xm-,
,1410,3909,false,false,false,255 255 255 255,false,,,,,,,0,1.17923,1.17923,CN(C)CCCN1n(c(=O)ccn2)c2Sc(c13)oc(=O)c(C)c3,AIDD_Results trypanosoma scaffold 1,AIDD_Results trypanosoma scaffold 1,0,hERG; Xm,
,1411,20629,false,false,false,255 255 255 255,false,,,,,,,0,0,1.1801,O=C(O)c(c1)c(Cl)cc(c12)Oc3c(N2CC)cccc3,AIDD_Results trypanosoma scaffold 1,AIDD_Results trypanosoma scaffold 1,0,fu; 1A2,
,1412,8722,false,false,false,255 255 255 255,false,,,,,,,0,1.18072,1.18072,c1cc(C#N)cc(c12)n3c(N=COC3)c2C(F)[C@H](C45)CN(CC4)CC5,AIDD_Results trypanosoma scaffold 1,AIDD_Results trypanosoma scaffold 1,0,Xr-; Xm,
,1413,4205,false,false,false,255 255 255 255,false,,,,,,,0,1,1.18336,O=C(O)c1cccc(c12)SC=CN2[C@H](C34)CN(CC4)C(C3)c5ccoc5,AIDD_Results trypanosoma scaffold 1,AIDD_Results trypanosoma scaffold 1,0,fu; Xr-; Xm-,
,1414,24573,false,false,false,255 255 255 255,false,,,,,,,0,1,1.18405,[O-][N+](=O)c1c(O)sc(c12)CC3C(O2)CCC3,AIDD_Results trypanosoma scaffold 1,AIDD_Results trypanosoma scaffold 1,0,fu; MUT,
,1415,24101,false,false,false,255 255 255 255,false,,,,,,,0,0.186533,1.18653,n1c[nH]cc1CNc(n(C)c2)cc2S(=O)C(=CC3=O)CCC3,AIDD_Results trypanosoma scaffold 1,AIDD_Results trypanosoma scaffold 1,0,Xr; 2C19,
,1416,22946,false,false,false,255 255 255 255,false,,,,,,,0,0.604073,1.18898,CC(=O)NC1C(=O)C=C2C(c(c3C=12)cccc3)C[C@H](C45)CN(CC4)CC5,AIDD_Results trypanosoma scaffold 1,AIDD_Results trypanosoma scaffold 1,0,rat; Xr-; 2D6,
,1417,12733,false,false,false,255 255 255 255,false,,,,,,,0.191862,0,1.19186,CC(=O)c1ccc(cc1)-c(c2)ccc(NC(=O)C)c2C(O)CN,AIDD_Results trypanosoma scaffold 1,AIDD_Results trypanosoma scaffold 1,0,HBD; 2D6,
,1418,4519,false,false,false,255 255 255 255,false,,,,,,,0.192572,1,1.19257,CN1CCC1CN(N(C=23)C(=O)C(C2)CN)c4c(S3(=O)=O)cccc4C(C5=O)CCC5,AIDD_Results trypanosoma scaffold 1,AIDD_Results trypanosoma scaffold 1,0,Peff; Xr-; Xm-,
,1419,21179,false,false,false,255 255 255 255,false,,,,,,,0,1.19477,1.19477,C1C(=O)NCC(C=12)C(C#N)C(=C2)C(O)[C@H](C34)CN(CC3)CC4,AIDD_Results trypanosoma scaffold 1,AIDD_Results trypanosoma scaffold 1,0,Xm; HEPX,
,1420,5638,false,false,false,255 255 255 255,false,,,,,,,0.0385,0.5,1.19653,O=C(O)c1c(Cl)ccc(c12)Sc3c(CC2)cc(c(c3)C(=O)O)NS(=O)(=O)C,AIDD_Results trypanosoma scaffold 1,AIDD_Results trypanosoma scaffold 1,0,ch; fu; Xm-,
,1421,21902,false,false,false,255 255 255 255,false,,,,,,,0,1,1.19826,n1csc(c12)c3c(cc2C)NN4C(C3=O)=NCCC4=S,AIDD_Results trypanosoma scaffold 1,AIDD_Results trypanosoma scaffold 1,0,fu; Xm,
,1422,25137,false,false,false,255 255 255 255,false,,,,,,,0,1.19757,1.19757,N#Cc1c(F)c(CO)cc2n(C)c(c3c12)c(=O)n(C(=O)CF)c(n3)C4=CCNCC4,AIDD_Results trypanosoma scaffold 1,AIDD_Results trypanosoma scaffold 1,0,Xm; HEPX,
,1423,11074,false,false,false,255 255 255 255,false,,,,,,,0.2,0,1.2,CN(C)\C=C\CN1c(c(N)c(F)cc2)c2S(=O)(=O)c(c13)cccc3C4=CC(=O)N=CC4,AIDD_Results trypanosoma scaffold 1,AIDD_Results trypanosoma scaffold 1,0,Size; 2C9,
,1424,12630,false,false,false,255 255 255 255,false,,,,,,,0.2,1,1.2,N#Cc(n1)sc(c12)ccc3c2c(=O)c4n(c(=O)c(C)cn4)n3C(=O)C5CN(CS5)CC,AIDD_Results trypanosoma scaffold 1,AIDD_Results trypanosoma scaffold 1,0,Size; Xr-; Xm+,
,1425,12839,false,false,false,255 255 255 255,false,,,,,,,0.699728,0.5,1.19973,C1CN(CC2)C[C@@H](C12)Cc(c(c34)nc[nH]c3=O)c5c(c4)C(=O)COC=N5,AIDD_Results trypanosoma scaffold 1,AIDD_Results trypanosoma scaffold 1,0,Peff; Xr-,
,1426,17851,false,false,false,255 255 255 255,false,,,,,,,0.2,1,1.2,c1coc(c12)c(C(=O)O)cc(c2)Oc(cccc3)c3NCCCN(CC4=O)CCNC4,AIDD_Results trypanosoma scaffold 1,AIDD_Results trypanosoma scaffold 1,0,Size; MUT,
,1427,18004,false,false,false,255 255 255 255,false,,,,,,,0.2,1,1.2,CC(=O)N(C)C(=O)C(CC1C#N)CC2N(C(C3C12C)NCC3)CC(S4)N(CC5)CCC45,AIDD_Results trypanosoma scaffold 1,AIDD_Results trypanosoma scaffold 1,0,Size; Xr-; Xm+,
,1428,20519,false,false,false,255 255 255 255,false,,,,,,,1.2,0,1.2,NCC(=O)n(cc1)c(=O)c(Cl)c1Cc(c2NC(=O)C)c(c3c(c24)ocn4)CN=CC3=O,AIDD_Results trypanosoma scaffold 1,AIDD_Results trypanosoma scaffold 1,0,Size; ch,
,1429,21068,false,false,false,255 255 255 255,false,,,,,,,0.2,1,1.2,c1ccccc1-c(c2)c(C(=O)c3cnc[nH]3)n(c24)N(CC)Cn5c(S4=O)cc(=O)cc5,AIDD_Results trypanosoma scaffold 1,AIDD_Results trypanosoma scaffold 1,0,Size; Xr-; Xm+,
,1430,22864,false,false,false,255 255 255 255,false,,,,,,,0.2,1,1.2,C\N=C\NC1CN(C(=C12)C(=O)CCC2)CC(C#N)[C@H](C(C3)CC4)CN4C35CCCCC5,AIDD_Results trypanosoma scaffold 1,AIDD_Results trypanosoma scaffold 1,0,Size; Xr-; Xm-,
,1431,23296,false,false,false,255 255 255 255,false,,,,,,,0.2,1,1.2,C1CN(CC2)C[C@@H](C12)C(C#N)CN(C(C3)N4C=NCC4)c(c35)c(=O)ccn5S(=O)(=O)C,AIDD_Results trypanosoma scaffold 1,AIDD_Results trypanosoma scaffold 1,0,Size; Xr-; Xm-,
,1432,23556,false,false,false,255 255 255 255,false,,,,,,,0.2,1,1.2,C1C(=O)C=C(CF)N=C(C2=O)N1N(/C=C3/CCN(C)C3)C(=C24)SCc5c4ccc(=O)o5,AIDD_Results trypanosoma scaffold 1,AIDD_Results trypanosoma scaffold 1,0,Size; Xr-; Xm+,
,1433,23608,false,false,false,255 255 255 255,false,,,,,,,0.2,0,1.2,n1ocnc1C(N2)C(C)C=C(N3C#CCN(C)CO)C=2S(=O)c(c34)cn(C)c(=O)c4C,AIDD_Results trypanosoma scaffold 1,AIDD_Results trypanosoma scaffold 1,0,Size; 2C19,
,1434,25117,false,false,false,255 255 255 255,false,,,,,,,0.2,1,1.2,C1CN(CS2)C[C@@H](C12)C(C#N)N3C=CSC=C3c(ccc4)c(c4C(=O)O)-c5ccoc5,AIDD_Results trypanosoma scaffold 1,AIDD_Results trypanosoma scaffold 1,0,Size; Xr-; Xm+,
,1435,15082,false,false,false,255 255 255 255,false,,,,,,,0,1,1.20456,O=C(O)c(c1)ccc(c12)SC(c3cncs3)=CN2C[C@H](C45F)CN(CC4)CC5,AIDD_Results trypanosoma scaffold 1,AIDD_Results trypanosoma scaffold 1,0,Xr-; Xm+; 3A4,
,1436,24329,false,false,false,255 255 255 255,false,,,,,,,0,1,1.20533,O=C1C=Nc(c12)c(c(N)c(c2F)C(=O)C)C[C@H](C34)CN(CC3F)CC4,AIDD_Results trypanosoma scaffold 1,AIDD_Results trypanosoma scaffold 1,0,Vd; MUT,
,1437,22632,false,false,false,255 255 255 255,false,,,,,,,0.706,0.5,1.206,CC(=O)c(c1=O)cc(c12)n(C(=O)CN)c3c(s2)ncn(c3=O)C(=O)C,AIDD_Results trypanosoma scaffold 1,AIDD_Results trypanosoma scaffold 1,0,ch; Xm-,
,1438,14072,false,false,false,255 255 255 255,false,,,,,,,0,1.20786,1.20786,C1CN(CC2)C(CC12)CC3N=CSc(c34)coc(=O)c4,AIDD_Results trypanosoma scaffold 1,AIDD_Results trypanosoma scaffold 1,0,hERG; Xm,
,1439,15926,false,false,false,255 255 255 255,false,,,,,,,0,0.5,1.20818,C1CN(CC2)C(C)=C(C12)Cn(c3)cc(c34)OCC(=O)C(=N4)CN,AIDD_Results trypanosoma scaffold 1,AIDD_Results trypanosoma scaffold 1,0,Xm-; 2C19,
,1440,20846,false,false,false,255 255 255 255,false,,,,,,,0,0.821232,1.20799,n1ocnc1C(C2)CC3=C(C)CC(=O)N(C4=C23)NC5C(C4)NCC5,AIDD_Results trypanosoma scaffold 1,AIDD_Results trypanosoma scaffold 1,0,Xr+; Xm; 2D6,
,1441,17603,false,false,false,255 255 255 255,false,,,,,,,0,1.21118,1.21118,N#CC(=C1)CCC(=C12)N(C(=O)CC)C3C(C2)=CN=C(C3)C(=O)C,AIDD_Results trypanosoma scaffold 1,AIDD_Results trypanosoma scaffold 1,0,Xr; HEPX,
,1442,18552,false,false,false,255 255 255 255,false,,,,,,,0,0.5,1.21143,C1CN(CC2)C[C@@H](C12)Cc(cc3)n(c34)CC(N)CC4O,AIDD_Results trypanosoma scaffold 1,AIDD_Results trypanosoma scaffold 1,0,Xm+; 2D6,
,1443,20906,false,false,false,255 255 255 255,false,,,,,,,0,0,1.21177,C1CNCC=C1C(=N)C2=CCCc(cc3C)c2c(c34)ncn(c4=O)C(=O)C,AIDD_Results trypanosoma scaffold 1,AIDD_Results trypanosoma scaffold 1,0,Vd; 2D6,
,1444,19875,false,false,false,255 255 255 255,false,,,,,,,0.6,0.612664,1.21266,c1ccccc1C(O2)N(C)CC2CN3n(c(=O)c(C)cc4)c4S(=O)c(c35)n(C)c(=O)cc5C,AIDD_Results trypanosoma scaffold 1,AIDD_Results trypanosoma scaffold 1,0,Size; Xr-; Xm,
,1445,22401,false,false,false,255 255 255 255,false,,,,,,,0,0.789025,1.21571,n1ocnc1Cc(c2)ccc(N(C3)C4C(N)OCC4)c2S(=O)c(c35)cccc5,AIDD_Results trypanosoma scaffold 1,AIDD_Results trypanosoma scaffold 1,0,Xr-; Xm; 2C19; 2D6,
,1446,24167,false,false,false,255 255 255 255,false,,,,,,,0.6,0.617462,1.21746,C1CC=C(C)N=C(C2=O)N1N(C(=O)C3CCN(C)C3)c(c24)cccc4N5C(=O)CNCC5=O,AIDD_Results trypanosoma scaffold 1,AIDD_Results trypanosoma scaffold 1,0,Size; Xr-; Xm,
,1447,11708,false,false,false,255 255 255 255,false,,,,,,,0.219155,1,1.21916,NC(=O)c1[nH]cc(c12)N(C=CS2=O)[C@H]3CN(CC4)CC(C34)N5CNC=N5,AIDD_Results trypanosoma scaffold 1,AIDD_Results trypanosoma scaffold 1,0,HBD; Xr+; Xm+,
,1448,21655,false,false,false,255 255 255 255,false,,,,,,,0,1.22148,1.22148,NC1CC=Cc(c12)c(F)c3c(N=COCC3)c2[C@H](C45)C(=O)N(CO5)CC4,AIDD_Results trypanosoma scaffold 1,AIDD_Results trypanosoma scaffold 1,0,Xr-; Xm,
,1449,14450,false,false,false,255 255 255 255,false,,,,,,,1.22171,0,1.22171,CN(C)C(=O)C(N)CN1C\C(=C\C(O)CC)CS(=O)c(c12)[nH]cc(C)c2=O,AIDD_Results trypanosoma scaffold 1,AIDD_Results trypanosoma scaffold 1,0,HBD; Peff,
,1450,23830,false,false,false,255 255 255 255,false,,,,,,,0,1.22282,1.22282,C1CN(CC2)CC(C12)CC3N=CCSc(c34)oc(=O)cc4,AIDD_Results trypanosoma scaffold 1,AIDD_Results trypanosoma scaffold 1,0,hERG; Xm,
,1451,19614,false,false,false,255 255 255 255,false,,,,,,,0,0.931351,1.22536,O=c1sccc(c12)CC(C#N)C(=O)C2/C=C(/C34)CN(CC4)C(C3F)c5ccoc5,AIDD_Results trypanosoma scaffold 1,AIDD_Results trypanosoma scaffold 1,0,fu; Xr+; Xm,
,1452,21024,false,false,false,255 255 255 255,false,,,,,,,1.2255,0,1.2255,NCC(=O)n(cc1)c(=O)c(Cl)c1Cc(c2CN=CC3=O)c(NC(=O)C)c(c4c23)nccc4,AIDD_Results trypanosoma scaffold 1,AIDD_Results trypanosoma scaffold 1,0,Size; ch,
,1453,4665,false,false,false,255 255 255 255,false,,,,,,,0,1.22984,1.22984,N#CC1=CC(C(=O)C)CC(N2C=O)=C1Sc(c23)ncn(c3=O)C(=O)C,AIDD_Results trypanosoma scaffold 1,AIDD_Results trypanosoma scaffold 1,0,Xm; HEPX,
,1454,10998,false,false,false,255 255 255 255,false,,,,,,,0,1,1.22971,O=C(O)c1ccc(O)c(c12)SC(c3cncs3)=CN2CC(CC45F)N(CC4)CC5,AIDD_Results trypanosoma scaffold 1,AIDD_Results trypanosoma scaffold 1,0,fu; Xr-; Xm-,
,1455,14567,false,false,false,255 255 255 255,false,,,,,,,0.512001,0.5,1.22968,NC(=O)Nc(c1C(=O)O)ccc(c12)SC=C(c3ccco3)N2[C@H](C45F)CN(CC4)CC5,AIDD_Results trypanosoma scaffold 1,AIDD_Results trypanosoma scaffold 1,0,Size; HBD; fu; Xr-,
,1456,11704,false,false,false,255 255 255 255,false,,,,,,,0.686523,0.5,1.23119,O=C(O)c1cccc(c12)SC=CN2C[C@H](C34)CN(C4)C(C3)c5ccc(o5)F,AIDD_Results trypanosoma scaffold 1,AIDD_Results trypanosoma scaffold 1,0,Sw; fu; Xr-,
,1457,2573,false,false,false,255 255 255 255,false,,,,,,,0,1,1.23243,C1CN(CC2)C(CC12)CN3n(c(=O)ccc4)c4CC(=C35)NCC5,AIDD_Results trypanosoma scaffold 1,AIDD_Results trypanosoma scaffold 1,0,Xr-; Xm+; 3A4,
,1458,20341,false,false,false,255 255 255 255,false,,,,,,,0.2315,1,1.2315,N=Cc1cc(C(=O)C)cc(c12)N(C)C(C2N)C(=O)N(C(=O)C)C(=O)C,AIDD_Results trypanosoma scaffold 1,AIDD_Results trypanosoma scaffold 1,0,ch; MUT,
,1459,22255,false,false,false,255 255 255 255,false,,,,,,,0,1.23347,1.23347,NC1CN(CC2O)C[C@@H](C12)C(F)c3c(N=COC(=O)C4)c4cc(c35)cccc5C,AIDD_Results trypanosoma scaffold 1,AIDD_Results trypanosoma scaffold 1,0,Xr+; Xm,
,1460,4020,false,false,false,255 255 255 255,false,,,,,,,1.23905,0,1.23905,NC(=O)c1cccc(S2)c1N(c(c23)[nH]c(Cl)c3)COC[N+](C)(C)Cn4cnccc4=O,AIDD_Results trypanosoma scaffold 1,AIDD_Results trypanosoma scaffold 1,0,Size; Peff,
,1461,3890,false,false,false,255 255 255 255,false,,,,,,,0,0.5,1.24007,O=C(O)c1cccc(c12)Sc3c(cc(C(=O)O)cc3)CC/2=C\C,AIDD_Results trypanosoma scaffold 1,AIDD_Results trypanosoma scaffold 1,0,fu; Xm+,
,1462,24956,false,false,false,255 255 255 255,false,,,,,,,0,1.23972,1.23972,c1cc(C(=O)N)cc(c12)S(=O)CC(N2)C[C@H](C34)CN(CC4)CC3n5cncn5,AIDD_Results trypanosoma scaffold 1,AIDD_Results trypanosoma scaffold 1,0,Xr-; Xm,
,1463,11752,false,false,false,255 255 255 255,false,,,,,,,0.240886,0,1.24089,CN(C)C(=O)C(N)CN(C1)c(cc(C)cc2)c2S(=O)C(C1=3)=CNC(C3)O,AIDD_Results trypanosoma scaffold 1,AIDD_Results trypanosoma scaffold 1,0,HBD; 2C19,
,1464,20432,false,false,false,255 255 255 255,false,,,,,,,0,0.5,1.2411,O=C(O)Cc1cc(C#N)cc(C/2=C\C)c1Sc(c23)ccc(Cl)c3C(=O)O,AIDD_Results trypanosoma scaffold 1,AIDD_Results trypanosoma scaffold 1,0,fu; Xm+,
,1465,15055,false,false,false,255 255 255 255,false,,,,,,,1.24287,0,1.24287,N#CCC(=O)n(cn1)c(=O)c(c1c23)n(C)c2oc(=O)cc3/C=N/S(=O)(=O)C,AIDD_Results trypanosoma scaffold 1,AIDD_Results trypanosoma scaffold 1,0,HBA; ch,
,1466,9314,false,false,false,255 255 255 255,false,,,,,,,0,1,1.24412,O=c1sc(C(=O)C)cc(N2C(=O)C)c1Sc(c23)cn(C(=O)C)c3O,AIDD_Results trypanosoma scaffold 1,AIDD_Results trypanosoma scaffold 1,0,fu; Xr-; Xm-,
,1467,24576,false,false,false,255 255 255 255,false,,,,,,,0,1,1.2467,C1CN(CO2)C(CC12)Cc3ccn(c34)C(=O)COC=N4,AIDD_Results trypanosoma scaffold 1,AIDD_Results trypanosoma scaffold 1,0,MUT; 2C19,
,1468,9782,false,false,false,255 255 255 255,false,,,,,,,0.75066,0.5,1.25066,NC(=O)Nc(c1C(=O)O)ccc(c12)SC=C(c3ccco3)N2CC(CC45F)N(CC4)CC5,AIDD_Results trypanosoma scaffold 1,AIDD_Results trypanosoma scaffold 1,0,Size; HBD; Peff; Xr-,
,1469,22146,false,false,false,255 255 255 255,false,,,,,,,0,0.5,1.2508,CNC1CC(NC(=O)C)C=CC1(F)CCC[C@H](C23)CN(CC2)CC3,AIDD_Results trypanosoma scaffold 1,AIDD_Results trypanosoma scaffold 1,0,Xm+; 2D6; 3A4,
,1470,22822,false,false,false,255 255 255 255,false,,,,,,,0,1,1.25227,C1CN(CC2)C(C)[C@@H](C12)CC(=O)N(N=CS3)CC3C(OC4)C(C4=O)C(C5=O)CCC5,AIDD_Results trypanosoma scaffold 1,AIDD_Results trypanosoma scaffold 1,0,Xr+; Xm+; 3A4,
,1471,4973,false,false,false,255 255 255 255,false,,,,,,,0.128563,0,1.25293,C1CNCC=C1CC(=O)c(cc2C#N)cc3n(C)c(c4c23)cc(cn4)C(=O)C,AIDD_Results trypanosoma scaffold 1,AIDD_Results trypanosoma scaffold 1,0,Sw; Vd; 2D6,
,1472,12616,false,false,false,255 255 255 255,false,,,,,,,1,0,1.2528,c1ncn(S(=O)(=O)C)c(=O)c1C[N+]2(C)CCC(OC2)N3C=CCSc(c34)ccc(Cl)c4F,AIDD_Results trypanosoma scaffold 1,AIDD_Results trypanosoma scaffold 1,0,Size; 3A4,
,1473,17347,false,false,false,255 255 255 255,false,,,,,,,0.26284,0.5,1.25785,O=C(O)c1cccc(c12)SC=CN2[C@H](C34)N(CC4)C(C3)c5c(NS(=O)(=O)C)occ5,AIDD_Results trypanosoma scaffold 1,AIDD_Results trypanosoma scaffold 1,0,HBA; fu; Xr-,
,1474,19622,false,false,false,255 255 255 255,false,,,,,,,0,1.16887,1.25884,CC(=O)c(c1)ccc2c1N(CC(C23)NCC3)C[C@H](C45)CN(CC4)CC5,AIDD_Results trypanosoma scaffold 1,AIDD_Results trypanosoma scaffold 1,0,rat; Xr-; Xm-; 2D6,
,1475,22471,false,false,false,255 255 255 255,false,,,,,,,0,1.25952,1.25952,C1CN(CC2)C[C@@H](C12)C(C#N)CN(c(c34)c(=O)cc[nH]4)C(C3)N5C=NCC5,AIDD_Results trypanosoma scaffold 1,AIDD_Results trypanosoma scaffold 1,0,rat; Xr-; Xm-,
,1476,6319,false,false,false,255 255 255 255,false,,,,,,,1,0.26293,1.26293,c1occc1C(C[N+](C)(C)C)N(c(c23)cc(cc2)S(=O)(=O)N)c4c(C3)cccc4,AIDD_Results trypanosoma scaffold 1,AIDD_Results trypanosoma scaffold 1,0,Peff; Xm,
,1477,22329,false,false,false,255 255 255 255,false,,,,,,,0,0.760519,1.26255,O=C1CNCCN1CC(=O)c(cc2)cc3n(C)c(c4c23)cc(cn4)C(=O)C,AIDD_Results trypanosoma scaffold 1,AIDD_Results trypanosoma scaffold 1,0,Xr; 1A2,
,1478,19410,false,false,false,255 255 255 255,false,,,,,,,0,0.5,1.26597,O=C(O)c(c1)ccc(N2C(=O)C)c1Sc(c23)ccc(Cl)c3C(=O)O,AIDD_Results trypanosoma scaffold 1,AIDD_Results trypanosoma scaffold 1,0,fu; Xm-,
,1479,24881,false,false,false,255 255 255 255,false,,,,,,,0,1,1.26883,C12CC(C#N)N(CC2)C(C1)CN3C(CCC4)N4CC(C35)CC=C5,AIDD_Results trypanosoma scaffold 1,AIDD_Results trypanosoma scaffold 1,0,Xr-; Xm-; 3A4,
,1480,13496,false,false,false,255 255 255 255,false,,,,,,,0.772617,0.5,1.27262,c1cc(=S)n(C(=O)O)c(c12)N(C=CS2)C[C@H](C34)CN(CC4)C(C3)C(OC)C(C)c5ncco5,AIDD_Results trypanosoma scaffold 1,AIDD_Results trypanosoma scaffold 1,0,Size; Xr-,
,1481,18882,false,false,false,255 255 255 255,false,,,,,,,0.274656,1,1.27466,CN(C1)CCC1CN2N(C(=O)C(C)CC3)C3S(=O)(=O)c(c24)ccc(c4)C5=CCNCC5,AIDD_Results trypanosoma scaffold 1,AIDD_Results trypanosoma scaffold 1,0,Size; ch; Xr-; Xm+,
,1482,19199,false,false,false,255 255 255 255,false,,,,,,,0,1.27844,1.27844,C1CN(CC2)C[C@@H](C12)CN(c(c34)ccc(c4)O)C5C3CCN5,AIDD_Results trypanosoma scaffold 1,AIDD_Results trypanosoma scaffold 1,0,rat; Xr-; Xm-,
,1483,12505,false,false,false,255 255 255 255,false,,,,,,,0,1,1.27977,n1ocnc1CC(=O)C=2CCC(C23)N(N=CS3)C(=O)[C@H](C45)CN(CC4)CC5,AIDD_Results trypanosoma scaffold 1,AIDD_Results trypanosoma scaffold 1,0,Xr+; Xm+; 3A4,
,1484,17265,false,false,false,255 255 255 255,false,,,,,,,0.282025,1,1.28202,C1CNCC=C1C(N(C)C2)C2CC3N(C(=S)C(F)OC4)C4S(=O)(=O)c(c35)cccn5,AIDD_Results trypanosoma scaffold 1,AIDD_Results trypanosoma scaffold 1,0,Size; Peff; Xr+; Xm+,
,1485,22197,false,false,false,255 255 255 255,false,,,,,,,0,0.5,1.28421,N#Cc1cccc(N2C(=O)C#CC)c1Oc(c23)ccc(F)c3C(=O)O,AIDD_Results trypanosoma scaffold 1,AIDD_Results trypanosoma scaffold 1,0,Xm-; 1A2; 2C9,
,1486,3706,false,false,false,255 255 255 255,false,,,,,,,0,1.28515,1.28515,C1CN(CC2)C(CC12)C(C)N3n(c(=O)ccc4)c4CC(=C35)NCC5,AIDD_Results trypanosoma scaffold 1,AIDD_Results trypanosoma scaffold 1,0,rat; Xr-; Xm+,
,1487,21365,false,false,false,255 255 255 255,false,,,,,,,0,0.287268,1.28727,CC(O)C1CC(=O)C=C(S2=O)C1CNc(c23)n(cc3)Cc4c[nH]cn4,AIDD_Results trypanosoma scaffold 1,AIDD_Results trypanosoma scaffold 1,0,Xr; 2C19,
,1488,16248,false,false,false,255 255 255 255,false,,,,,,,0,1.29349,1.29349,N1C=NCc(c12)n3c(c2C)N=CCN(C3=O)S(=O)(=O)C,AIDD_Results trypanosoma scaffold 1,AIDD_Results trypanosoma scaffold 1,0,Xr; MUT,
,1489,18113,false,false,false,255 255 255 255,false,,,,,,,0,1.29329,1.29329,OC1CN(C(C)C2)C[C@@H](C12)CN3n(c(=O)ccc4)c4CC(C35)NCC5,AIDD_Results trypanosoma scaffold 1,AIDD_Results trypanosoma scaffold 1,0,rat; Xr-; Xm+,
,1490,21817,false,false,false,255 255 255 255,false,,,,,,,0,0.5,1.29277,NC(=O)C(C12)CN(CC2)C[C@@H]1Cc3c[nH]c(c34)cc5c(ocn5)c4S(=O)C,AIDD_Results trypanosoma scaffold 1,AIDD_Results trypanosoma scaffold 1,0,Xr+; 2C19,
,1491,457,false,false,false,255 255 255 255,false,,,,,,,0,0.5,1.2975,CCCC(=O)N1c(ccc(c2)C(=O)O)c2Sc(c13)ccc(Cl)c3C(=O)O,AIDD_Results trypanosoma scaffold 1,AIDD_Results trypanosoma scaffold 1,0,fu; Xm-,
,1492,15762,false,false,false,255 255 255 255,false,,,,,,,0,1.30082,1.30082,NCC(=O)NC(N(CC1)CC2)[C@@H](C12)\C=C\C(C=CC3)C=C3c4ncon4,AIDD_Results trypanosoma scaffold 1,AIDD_Results trypanosoma scaffold 1,0,Xr; Xm; HEPX,
,1493,13331,false,false,false,255 255 255 255,false,,,,,,,0.0345751,0,1.30246,C1CN(CC2)C[C@@H](C12)\C=C\C3C=CCC=C3,AIDD_Results trypanosoma scaffold 1,AIDD_Results trypanosoma scaffold 1,0,Kow; Vd; 2D6,
,1494,18853,false,false,false,255 255 255 255,false,,,,,,,0.2,0.10217,1.30217,C1NC(=O)C=C(S2=O)C1CN(C(C)C(N)CCF)c(c23)cc(C)cc3C(C4=O)CCC4,AIDD_Results trypanosoma scaffold 1,AIDD_Results trypanosoma scaffold 1,0,Size; rat; 2C19,
,1495,17822,false,false,false,255 255 255 255,false,,,,,,,0.0529585,0.5,1.30331,C1CN(CO2)C(CC12)c(ccc3F)c(c34)N=CCC(C4=O)c5ccccc5,AIDD_Results trypanosoma scaffold 1,AIDD_Results trypanosoma scaffold 1,0,Kow; Xr-; 3A4,
,1496,17907,false,false,false,255 255 255 255,false,,,,,,,0,1,1.30327,C1CN(CO2)C[C@@H](C12)c3ccn(c34)C(=O)CCC=N4,AIDD_Results trypanosoma scaffold 1,AIDD_Results trypanosoma scaffold 1,0,MUT; 2D6,
,1497,15206,false,false,false,255 255 255 255,false,,,,,,,0,1.30694,1.30694,FC1CN(C#N)C(=C12)Cc3n(c(=O)ccc3)N2C(=O)C(C45)C(=O)N(CC4)CC5,AIDD_Results trypanosoma scaffold 1,AIDD_Results trypanosoma scaffold 1,0,Xr-; Xm,
,1498,15691,false,false,false,255 255 255 255,false,,,,,,,0,1.30717,1.30717,Cn(c1)cc(c12)Sc3n(c(=O)c(C(=O)N)cc3)N2C(C)[C@H](C45)CN(CO5)C(C)C4,AIDD_Results trypanosoma scaffold 1,AIDD_Results trypanosoma scaffold 1,0,Xr-; Xm,
,1499,7635,false,false,false,255 255 255 255,false,,,,,,,1.30799,0,1.30799,Oc1cc(Br)c(N)c(c12)SC=CN2CC(CC3)C[N+]3(C)Cn4cnccc4=O,AIDD_Results trypanosoma scaffold 1,AIDD_Results trypanosoma scaffold 1,0,Size; Peff,
,1500,19508,false,false,false,255 255 255 255,false,,,,,,,1.30838,0,1.30838,CN(C)C(=O)C(N)CN1C\C(=C\C(O)CC)CS(=O)c(c12)[nH]cc(Cl)c2=O,AIDD_Results trypanosoma scaffold 1,AIDD_Results trypanosoma scaffold 1,0,HBD; Peff,
,1501,25050,false,false,false,255 255 255 255,false,,,,,,,0,1.31181,1.31181,S1CC=NCc(c12)ccoc2=O,AIDD_Results trypanosoma scaffold 1,AIDD_Results trypanosoma scaffold 1,0,Xm; HEPX,
,1502,22931,false,false,false,255 255 255 255,false,,,,,,,0.126306,1,1.31766,NC(=O)Cc(cc1)cc(c12)NN3C(C2=O)=NC(CC3=S)c4ccccc4,AIDD_Results trypanosoma scaffold 1,AIDD_Results trypanosoma scaffold 1,0,Peff; fu; Xm,
,1503,8417,false,false,false,255 255 255 255,false,,,,,,,0,1,1.32214,O=C(O)c(c1)ccc(c12)SC=CN2[C@H](C34)CN(CC4)C(C3)c5ccoc5,AIDD_Results trypanosoma scaffold 1,AIDD_Results trypanosoma scaffold 1,0,fu; Xr-; Xm-,
,1504,17565,false,false,false,255 255 255 255,false,,,,,,,0.714584,0.608282,1.32287,O1CN(C)CC1(NC(=O)C)CC(=O)N(c(cc2)c3c(c24)ocn4)n5c(C3)nccc5=O,AIDD_Results trypanosoma scaffold 1,AIDD_Results trypanosoma scaffold 1,0,Size; HBA; ch; Xr-; Xm,
,1505,18188,false,false,false,255 255 255 255,false,,,,,,,0,0.5,1.32956,c1coc(c12)c(C(=O)O)c3c(c2)Nc4c(S3)c(F)ccc4C(=O)O,AIDD_Results trypanosoma scaffold 1,AIDD_Results trypanosoma scaffold 1,0,fu; Xm-,
,1506,14620,false,false,false,255 255 255 255,false,,,,,,,0.321484,1,1.3333,CN(C)\C=C\Cc(c(c12)CCC1=O)c([N+]([O-])=O)c3c2ccoc3=O,AIDD_Results trypanosoma scaffold 1,AIDD_Results trypanosoma scaffold 1,0,Sw; MUT; 1A2,
,1507,15049,false,false,false,255 255 255 255,false,,,,,,,0,1.33791,1.33791,c1[nH]cc(c12)Sc3n(c(=O)c(C(=O)N)cc3)N2C(C)[C@H](C45)CN(CO5)C(C)C4,AIDD_Results trypanosoma scaffold 1,AIDD_Results trypanosoma scaffold 1,0,Xr-; Xm,
,1508,19571,false,false,false,255 255 255 255,false,,,,,,,0,1.34126,1.34126,c1c(=O)scc(c12)n3c(ncoc3=O)c2C(C45)CN(CC4)CC5,AIDD_Results trypanosoma scaffold 1,AIDD_Results trypanosoma scaffold 1,0,Xr-; Xm,
,1509,19338,false,false,false,255 255 255 255,false,,,,,,,0,0,1.34212,NCC(=O)n(c1=O)cnc(c12)SC(=C(C)N2C(=O)C)C(=O)C3C(C)CCCC3,AIDD_Results trypanosoma scaffold 1,AIDD_Results trypanosoma scaffold 1,0,1A2; 3A4,
,1510,21125,false,false,false,255 255 255 255,false,,,,,,,0,0.342599,1.3426,C1CNCC=C1C(O)c(cc2C#N)cc3n(C)c(c4c23)c(=O)n(cn4)C(=O)C,AIDD_Results trypanosoma scaffold 1,AIDD_Results trypanosoma scaffold 1,0,Xm; 2D6,
,1511,3864,false,false,false,255 255 255 255,false,,,,,,,1.34423,0,1.34423,CCC(=O)c1ccc(N)c(c12)S(=O)(=O)c3c(N2C(=O)C)c(=O)n(cn3)C(=O)C,AIDD_Results trypanosoma scaffold 1,AIDD_Results trypanosoma scaffold 1,0,HBA; ch,
,1512,3331,false,false,false,255 255 255 255,false,,,,,,,0,1,1.34662,O=C(O)c1cccc(c12)SC=CN2C[C@H](C34)CN(CC4)C(C3)c5ccco5,AIDD_Results trypanosoma scaffold 1,AIDD_Results trypanosoma scaffold 1,0,fu; Xr-; Xm-,
,1513,18460,false,false,false,255 255 255 255,false,,,,,,,0.346914,0,1.34691,CC(=O)NCc(cc1Br)c(=O)n(c12)CN(C=C2)C(=O)[C@H](C34F)CN(C(C)C3)CC4,AIDD_Results trypanosoma scaffold 1,AIDD_Results trypanosoma scaffold 1,0,Size; 3A4,
,1514,22209,false,false,false,255 255 255 255,false,,,,,,,0.11497,1.06316,1.34964,C1CN(CC2)C[C@@H](C12)CC3C(N=COC4=O)N4c(c35)ccc(Cl)c5,AIDD_Results trypanosoma scaffold 1,AIDD_Results trypanosoma scaffold 1,0,Kow; hERG; rat; Xr-; 2C19,
,1515,4884,false,false,false,255 255 255 255,false,,,,,,,0,1.35246,1.35246,C1CN(CC2)C[C@@H](C12)CN3n(c(=O)ccc4)c4CC(C35)NCC5,AIDD_Results trypanosoma scaffold 1,AIDD_Results trypanosoma scaffold 1,0,rat; Xr-; Xm+,
,1516,2624,false,false,false,255 255 255 255,false,,,,,,,0.6,0.5,1.35549,O=c1c(C)cn(C(=O)C)c(c12)SC=CN2CCCN3CCNCC3C4C(=O)Cc(c45)coc5,AIDD_Results trypanosoma scaffold 1,AIDD_Results trypanosoma scaffold 1,0,Size; Xr-; 2D6,
,1517,19980,false,false,false,255 255 255 255,false,,,,,,,0,1,1.35543,O=C(O)c(c1)ccc(c12)SC(c3cncs3)=CN2/C=C(/C45F)CN(CC4)CC5,AIDD_Results trypanosoma scaffold 1,AIDD_Results trypanosoma scaffold 1,0,Xr-; Xm+; 2C9,
,1518,20927,false,false,false,255 255 255 255,false,,,,,,,0,1.35517,1.35517,N#Cc(c1)ccc2n(c(c3c12)N=COC3)/C=C(\C45)CN(CC4)CC5,AIDD_Results trypanosoma scaffold 1,AIDD_Results trypanosoma scaffold 1,0,Xr-; Xm,
,1519,23068,false,false,false,255 255 255 255,false,,,,,,,0,1,1.36135,O=Cn1cccc1[C@H](C23)CN(CO3)C(C2)C(C4=O)CCC4,AIDD_Results trypanosoma scaffold 1,AIDD_Results trypanosoma scaffold 1,0,MUT; 3A4,
,1520,24629,false,false,false,255 255 255 255,false,,,,,,,0.3605,1,1.3605,CC(=O)n(cn1)c(=O)c(c(C)c2[N+]([O-])=O)c1c3c2CC(=O)C(=C34)CN=C4,AIDD_Results trypanosoma scaffold 1,AIDD_Results trypanosoma scaffold 1,0,ch; MUT,
,1521,10747,false,false,false,255 255 255 255,false,,,,,,,0,0.363003,1.363,C1CN(CC2)C[C@@H](C12)CCN(C=CN3)n(c34)c(=O)ccc4,AIDD_Results trypanosoma scaffold 1,AIDD_Results trypanosoma scaffold 1,0,Xm; 2D6,
,1522,14020,false,false,false,255 255 255 255,false,,,,,,,0,1.36542,1.36542,CCN1COCC1Cn(c(c23)CCC=C3)n4c(c2=O)nc([N+]([O-])=O)c(C)c4=O,AIDD_Results trypanosoma scaffold 1,AIDD_Results trypanosoma scaffold 1,0,Xm; MUT,
,1523,1418,false,false,false,255 255 255 255,false,,,,,,,0.2,0,1.36554,FC(F)(F)c1cccc(c12)Sc3c(ccc(c3)C(=O)O)N2CCCN4CCNCC4=O,AIDD_Results trypanosoma scaffold 1,AIDD_Results trypanosoma scaffold 1,0,Size; fu; 2C9,
,1524,22706,false,false,false,255 255 255 255,false,,,,,,,0,0.5,1.36846,C1CN(CC2)C[C@@H](C12)Cc(c3)cc(C4=O)n3Cc(c45)ocn5,AIDD_Results trypanosoma scaffold 1,AIDD_Results trypanosoma scaffold 1,0,Xr-; 2D6,
,1525,18694,false,false,false,255 255 255 255,false,,,,,,,0,1,1.37051,Clc1cc(C(=O)C)cc2n(C=O)c(c3c12)c(=O)n(cn3)C(=O)C,AIDD_Results trypanosoma scaffold 1,AIDD_Results trypanosoma scaffold 1,0,HEPX; 1A2; 2C9,
,1526,21593,false,false,false,255 255 255 255,false,,,,,,,0,1.37216,1.37216,C1CN(CC2)C[C@@H](C12)C(O)C3CC(=O)NC=C3c4ccccc4,AIDD_Results trypanosoma scaffold 1,AIDD_Results trypanosoma scaffold 1,0,rat; HEPX,
,1527,23694,false,false,false,255 255 255 255,false,,,,,,,0,0.372167,1.37217,CN(C)C(=O)C(N)CC1Cc(c[nH]c(=O)c2)c2S(=O)c(c13)cc(C)cc3,AIDD_Results trypanosoma scaffold 1,AIDD_Results trypanosoma scaffold 1,0,Xr; 2C19,
,1528,12249,false,false,false,255 255 255 255,false,,,,,,,0,0.115202,1.37431,N#Cc1c(Cl)ccc(c12)Sc3c(cc(C(=O)O)cc3)N2C(=O)C(C4=O)CCCO4,AIDD_Results trypanosoma scaffold 1,AIDD_Results trypanosoma scaffold 1,0,fu; Xm; CL-,
,1529,25428,false,false,false,255 255 255 255,false,,,,,,,0.4,0.603324,1.3737,O1CN(C)CC1(O)CC(=O)N2n(c(=O)ccn3)c3Cc4c2cc(C(F)(F)F)c(c45)noc5,AIDD_Results trypanosoma scaffold 1,AIDD_Results trypanosoma scaffold 1,0,Size; Xr-; Xm; 2C9,
,1530,10237,false,false,false,255 255 255 255,false,,,,,,,0,1,1.37787,c1cn(C)c(c12)NCC3C(S2=O)=CC(=O)CC3,AIDD_Results trypanosoma scaffold 1,AIDD_Results trypanosoma scaffold 1,0,HEPX; 2C19,
,1531,17284,false,false,false,255 255 255 255,false,,,,,,,0.877843,0.5,1.37784,NCC(=O)NC1CN(CC2)C[C@@H](C12)CC3CCSc(c34)cc(c(=O)[nH]4)NC(=O)C,AIDD_Results trypanosoma scaffold 1,AIDD_Results trypanosoma scaffold 1,0,HBD; ch; Xm-,
,1532,17120,false,false,false,255 255 255 255,false,,,,,,,0.204067,1,1.37931,Cc1cc(CC)cc(c12)N(CCCCN(C)C)n3c(S2=O)cc(CF)cc3=O,AIDD_Results trypanosoma scaffold 1,AIDD_Results trypanosoma scaffold 1,0,Kow; Xm; 2C19,
,1533,21907,false,false,false,255 255 255 255,false,,,,,,,0,1,1.3839,CCCN(C1)CN(n(c12)c(=O)ccc2)CC[C@H](C34)CN(CC4)CC3O,AIDD_Results trypanosoma scaffold 1,AIDD_Results trypanosoma scaffold 1,0,Xr-; Xm+; 3A4,
,1534,5702,false,false,false,255 255 255 255,false,,,,,,,0,0.5,1.38486,CC(=O)c(cc1)c(O)c(N2C(=O)C)c1SC(C23)=CC(C(=O)O)C=3c4ccccc4,AIDD_Results trypanosoma scaffold 1,AIDD_Results trypanosoma scaffold 1,0,fu; Xm-,
,1535,7186,false,false,false,255 255 255 255,false,,,,,,,0,1,1.3901,O=C(O)c1cccc(c12)SC=CN2C(C3)N(CC4)CC(C34)c5ccoc5,AIDD_Results trypanosoma scaffold 1,AIDD_Results trypanosoma scaffold 1,0,fu; Xr-; Xm-,
,1536,14975,false,false,false,255 255 255 255,false,,,,,,,0,1,1.39506,C1CN(CC2)C[C@@H](C12)CCC3C=CC(O)CC3NC,AIDD_Results trypanosoma scaffold 1,AIDD_Results trypanosoma scaffold 1,0,Xr-; Xm+; 2D6,
,1537,15631,false,false,false,255 255 255 255,false,,,,,,,0,1,1.39759,CNC1CC(NC(=O)C)C=CC1CC[C@H](C23)CN(CC2)CC3,AIDD_Results trypanosoma scaffold 1,AIDD_Results trypanosoma scaffold 1,0,Xr-; Xm+; 2D6,
,1538,16753,false,false,false,255 255 255 255,false,,,,,,,0.4,1,1.4,O=c1cc(CF)cc(S2=O)n1N(CC(C)CN(C)C)c(c23)cc(cc3C)Cc4ccco4,AIDD_Results trypanosoma scaffold 1,AIDD_Results trypanosoma scaffold 1,0,Size; Xm,
,1539,17327,false,false,false,255 255 255 255,false,,,,,,,0.4,1,1.4,N#Cc(n1)sc(c12)ccc3c2c(=O)c4n(c(=O)c(C)c(n4)C)n3C(=O)C5CN(CS5)CC,AIDD_Results trypanosoma scaffold 1,AIDD_Results trypanosoma scaffold 1,0,Size; Xr-; Xm+,
,1540,19865,false,false,false,255 255 255 255,false,,,,,,,0.4,1,1.4,c1ccccc1C(=O)n(cn2)c(=O)c(c2c34)n(CC5=CCNCC5)c3cccc4CC=N,AIDD_Results trypanosoma scaffold 1,AIDD_Results trypanosoma scaffold 1,0,Size; Xr-; Xm+,
,1541,22680,false,false,false,255 255 255 255,false,,,,,,,0.4,1,1.4,Cc(c1)cc(C)c(S2=O)c1N(CCCN(C)C)n(c2c(c34)CNC3)c(=O)c4-c5c[nH]cn5,AIDD_Results trypanosoma scaffold 1,AIDD_Results trypanosoma scaffold 1,0,Size; Xr-; Xm+,
,1542,24080,false,false,false,255 255 255 255,false,,,,,,,0,1.40016,1.40016,O=C1CNCCN1c2c([nH]cn2)N3c(ccc(=O)[nH]4)c4Sc(c35)cccc5,AIDD_Results trypanosoma scaffold 1,AIDD_Results trypanosoma scaffold 1,0,Xr+; Xm; HEPX+,
,1543,25367,false,false,false,255 255 255 255,false,,,,,,,0.4,1,1.4,C1C=CN(C(=O)CN)C(=O)C(Cl)=C1Cc(c2CN=CC3=O)c(\C=C\C)c(c4c23)nccc4,AIDD_Results trypanosoma scaffold 1,AIDD_Results trypanosoma scaffold 1,0,Size; Xr,
,1544,24130,false,false,false,255 255 255 255,false,,,,,,,0,1,1.40342,Cc(c1)ccc(c12)NN3C(C2=O)=NC(CC3=S)c4ccccc4,AIDD_Results trypanosoma scaffold 1,AIDD_Results trypanosoma scaffold 1,0,fu; Xm,
,1545,4270,false,false,false,255 255 255 255,false,,,,,,,0.14327,1.26181,1.40508,CS(=O)(=O)NCC(C(CC12)N(CC1)CC2)N3n(c(=O)ccc4)c4CC(=C35)NCC5,AIDD_Results trypanosoma scaffold 1,AIDD_Results trypanosoma scaffold 1,0,ch; Xr-; Xm,
,1546,21533,false,false,false,255 255 255 255,false,,,,,,,0.2,0.561589,1.40662,c1csc(=O)cc1C2=CC(C(=O)C(C#N)C2)/C=C(/C34)CN(CC4)C(C3F)c5ccoc5,AIDD_Results trypanosoma scaffold 1,AIDD_Results trypanosoma scaffold 1,0,Size; fu; Xr-; Xm,
,1547,23763,false,false,false,255 255 255 255,false,,,,,,,0.406546,1,1.40655,CC(=O)Nc(c1=O)cnc(S2)n1N(CCC)c(c(F)c3Br)c2c(c34)OCC4N,AIDD_Results trypanosoma scaffold 1,AIDD_Results trypanosoma scaffold 1,0,Size; Xm,
,1548,13099,false,false,false,255 255 255 255,false,,,,,,,0,1.13607,1.41124,C1CNC(C12)Cc3c(O2)cccc3,AIDD_Results trypanosoma scaffold 1,AIDD_Results trypanosoma scaffold 1,0,Xm; MUT; 2C19,
,1549,6766,false,false,false,255 255 255 255,false,,,,,,,0,0.5,1.41239,O=C(O)c1cccc(c12)Sc3c(CC/2=C\Br)cc(C(=O)O)cc3,AIDD_Results trypanosoma scaffold 1,AIDD_Results trypanosoma scaffold 1,0,fu; Xm+,
,1550,19846,false,false,false,255 255 255 255,false,,,,,,,0,1.41194,1.41194,n1c[nH]cc1C(=O)c(c(Br)c2)n(c23)N(CC)Cn4c(S3=O)cc(=O)cc4,AIDD_Results trypanosoma scaffold 1,AIDD_Results trypanosoma scaffold 1,0,Xr-; Xm,
,1551,2543,false,false,false,255 255 255 255,false,,,,,,,0,0.393539,1.41675,CNC(=O)c1c(C)n(c(c12)cccc2)C[C@H](C34)CN(CC3)CC4,AIDD_Results trypanosoma scaffold 1,AIDD_Results trypanosoma scaffold 1,0,rat; 1A2; 2D6,
,1552,10222,false,false,false,255 255 255 255,false,,,,,,,0.9195,0.5,1.4195,CN1CC(C(C1=O)N)N(c(c23)n(C)nc2)Cc4c(S3=O)c(c(=O)[nH]c4)C(C5=O)CCC5,AIDD_Results trypanosoma scaffold 1,AIDD_Results trypanosoma scaffold 1,0,Size; ch; Xr+,
,1553,9573,false,false,false,255 255 255 255,false,,,,,,,0,0.5,1.42592,O=C(O)c(c1)cn(c12)C(=C\C)/c3c(S2)cc(Cl)cc3C(=O)O,AIDD_Results trypanosoma scaffold 1,AIDD_Results trypanosoma scaffold 1,0,fu; Xm-,
,1554,19611,false,false,false,255 255 255 255,false,,,,,,,0,1,1.42934,C1CC=C([N+]([O-])=O)c(c12)n(CC(C)O)cc(c2=O)C[C@H](C34)CN(CC3)CC4,AIDD_Results trypanosoma scaffold 1,AIDD_Results trypanosoma scaffold 1,0,MUT; 2D6,
,1555,7853,false,false,false,255 255 255 255,false,,,,,,,0,1.43061,1.43061,N=CC1=CC(C(=O)C)CC(N2)=C1Sc(c23)ncn(c3=O)C(=O)CC4=CCNCC4,AIDD_Results trypanosoma scaffold 1,AIDD_Results trypanosoma scaffold 1,0,Xm; HEPX,
,1556,22267,false,false,false,255 255 255 255,false,,,,,,,0.2,1.23179,1.43179,c1cn(C)c(c12)S(=O)c3n(c(=O)c(C#N)cc3)N2CC4CN(C)C(O4)c5ccccc5,AIDD_Results trypanosoma scaffold 1,AIDD_Results trypanosoma scaffold 1,0,Size; Xr-; Xm,
,1557,13153,false,false,false,255 255 255 255,false,,,,,,,0,1,1.43501,N1=CNCN1C(C)n(ccc2=O)c(c23)SC=CN3C[C@H](C45F)CN(CC4)CC5,AIDD_Results trypanosoma scaffold 1,AIDD_Results trypanosoma scaffold 1,0,Xr-; Xm+; 3A4,
,1558,18129,false,false,false,255 255 255 255,false,,,,,,,0.8625,0,1.43459,CC(=O)Nc(c1)c(C(=O)C)cc(N2C(C)=N)c1Nc(c23)ncn(c3=O)C(=O)C,AIDD_Results trypanosoma scaffold 1,AIDD_Results trypanosoma scaffold 1,0,ch; 1A2; CL-,
,1559,11630,false,false,false,255 255 255 255,false,,,,,,,0,0.5,1.43573,O=C(O)c1cccc(c12)Sc3c(CC/2=C\Br)ccc(c3)C(=O)O,AIDD_Results trypanosoma scaffold 1,AIDD_Results trypanosoma scaffold 1,0,fu; Xm+,
,1560,11456,false,false,false,255 255 255 255,false,,,,,,,0,0.93847,1.43847,O=c1occ(C#N)n(c2=O)n1c(c23)cc(=O)oc3,AIDD_Results trypanosoma scaffold 1,AIDD_Results trypanosoma scaffold 1,0,Xm; HEPX+; 2C9-,
,1561,17595,false,false,false,255 255 255 255,false,,,,,,,0.9405,0.5,1.4405,n1cncn1CC(=O)n(c(c23)cc(c2=O)C(=O)CF)c4c(s3)ncn(c4=O)C(=O)C,AIDD_Results trypanosoma scaffold 1,AIDD_Results trypanosoma scaffold 1,0,ch; Xm+,
,1562,18492,false,false,false,255 255 255 255,false,,,,,,,0,1,1.44144,C1N=CNc(c12)c([C@H](C34)C(C#N)N(CO4)CC3)n(c2)C(=O)/C=C/NC(=O)C,AIDD_Results trypanosoma scaffold 1,AIDD_Results trypanosoma scaffold 1,0,MUT; 3A4,
,1563,16170,false,false,false,255 255 255 255,false,,,,,,,0,1.44286,1.44286,CC(=O)NC(C1)C=C(SC)CC=C1C2=CS(=O)C(OC2)[C@H](C34)CN(CC3)CC4,AIDD_Results trypanosoma scaffold 1,AIDD_Results trypanosoma scaffold 1,0,Xm; HEPX+,
,1564,15749,false,false,false,255 255 255 255,false,,,,,,,0,1,1.44668,c1cc(Cl)cc(c12)n(CC(=O)OC)c(N)c2C(CC34)N(CC3)CN4,AIDD_Results trypanosoma scaffold 1,AIDD_Results trypanosoma scaffold 1,0,MUT; 1A2,
,1565,16943,false,false,false,255 255 255 255,false,,,,,,,0,1.44822,1.44822,CC(=O)c(c1)ccc(c12)N(C3C2CCN3)C[C@H](C45)CN(CC4)CC5,AIDD_Results trypanosoma scaffold 1,AIDD_Results trypanosoma scaffold 1,0,rat; Xr-; Xm-,
,1566,13823,false,false,false,255 255 255 255,false,,,,,,,0.9495,0.5,1.4495,N#Cc1c(C(=O)C)ccc(c1)C(=O)c2c(NC(=O)C)c(=O)n(cn2)C(=O)C,AIDD_Results trypanosoma scaffold 1,AIDD_Results trypanosoma scaffold 1,0,ch; Xm-,
,1567,22091,false,false,false,255 255 255 255,false,,,,,,,0,1.4499,1.4499,C1CN(CC2)C[C@@H](C12)C(=O)N(n(c34)ccn4)c5c(C3)cc(=O)[nH]c5,AIDD_Results trypanosoma scaffold 1,AIDD_Results trypanosoma scaffold 1,0,Xr-; Xm,
,1568,17458,false,false,false,255 255 255 255,false,,,,,,,0,1.45055,1.45055,NC(=O)c1cccc(c12)NC(CS2=O)C[C@H](C34)CN(CC4)CC3n5cncn5,AIDD_Results trypanosoma scaffold 1,AIDD_Results trypanosoma scaffold 1,0,Xr-; Xm,
,1569,23973,false,false,false,255 255 255 255,false,,,,,,,0.8,0.5,1.45278,C1NC(=O)C=C(S2=O)C1CN(C(C)C(N)CCF)c(c23)cc(C)cc3C(C4=O)Cc(c45)nco5,AIDD_Results trypanosoma scaffold 1,AIDD_Results trypanosoma scaffold 1,0,Size; Xr-; 2C19,
,1570,24798,false,false,false,255 255 255 255,false,,,,,,,0.2,0.5,1.46066,c1csc(=O)cc1C2=CC(C(=O)C(C#N)C2)/C=C(/C34)CN(CC4)C(C3F)c5ccco5,AIDD_Results trypanosoma scaffold 1,AIDD_Results trypanosoma scaffold 1,0,Size; fu; Xr-,
,1571,25425,false,false,false,255 255 255 255,false,,,,,,,0,1,1.46079,C1C(N)N(CC2)C(CC12)CN3C(CCC4)N4CC(C35)CC=C5,AIDD_Results trypanosoma scaffold 1,AIDD_Results trypanosoma scaffold 1,0,Xr-; Xm-; 3A4,
,1572,21909,false,false,false,255 255 255 255,false,,,,,,,0.961662,0.5,1.46166,c1cc(=S)n(C(=O)O)c(c12)N(C=CS2)C[C@H](C34)CN(CC4)CC3c5nc([N+]([O-])=O)on5,AIDD_Results trypanosoma scaffold 1,AIDD_Results trypanosoma scaffold 1,0,Size; ch; Kow; Xr-,
,1573,10441,false,false,false,255 255 255 255,false,,,,,,,0.463762,1,1.46376,NCC(C1=O)C=C(S2(=O)=O)N1N(CC3N(C)CS3)c(c24)n(cc4)C5C=CCC5,AIDD_Results trypanosoma scaffold 1,AIDD_Results trypanosoma scaffold 1,0,Peff; Xr-; Xm+,
,1574,22886,false,false,false,255 255 255 255,false,,,,,,,0,1,1.46359,O=C(O)c1cccc(c12)SC=CN2[C@H]3CN(CC4)C(C(C)C34)c5ccoc5,AIDD_Results trypanosoma scaffold 1,AIDD_Results trypanosoma scaffold 1,0,fu; Xr-; Xm-,
,1575,13968,false,false,false,255 255 255 255,false,,,,,,,0,1.46719,1.46719,c1[nH]cc(c12)Sc3n(c(=O)c(C(=O)N)cc3)N2C(C)[C@H](C45)CN(CO5)CC4,AIDD_Results trypanosoma scaffold 1,AIDD_Results trypanosoma scaffold 1,0,Xr-; Xm,
,1576,14037,false,false,false,255 255 255 255,false,,,,,,,0,1,1.4686,Cc1cc(C)cc(c12)N(CCCN(C)C)n3c(S2=O)cc(CF)cc3=O,AIDD_Results trypanosoma scaffold 1,AIDD_Results trypanosoma scaffold 1,0,Xm; 2C19,
,1577,6470,false,false,false,255 255 255 255,false,,,,,,,0.4,1.07451,1.47451,CC(=O)NC(C1F)N(CC2)C[C@@H](C12)C(C#N)N3C=CSC(C=C4C(=O)O)=C3C(C45)CCC5,AIDD_Results trypanosoma scaffold 1,AIDD_Results trypanosoma scaffold 1,0,Size; Xr+; Xm,
,1578,9640,false,false,false,255 255 255 255,false,,,,,,,0,0.5,1.47483,c1c[nH]c(c12)c(C(=O)O)cc3c2/C(=C\C)c4c(S3)cccc4C(=O)O,AIDD_Results trypanosoma scaffold 1,AIDD_Results trypanosoma scaffold 1,0,fu; Xm+,
,1579,21612,false,false,false,255 255 255 255,false,,,,,,,0,0.481796,1.4818,C1CN(CC2)C(C)[C@@H](C12)Cc3c[nH]c(c34)nccc4,AIDD_Results trypanosoma scaffold 1,AIDD_Results trypanosoma scaffold 1,0,rat; 2D6,
,1580,5788,false,false,false,255 255 255 255,false,,,,,,,0,1.48291,1.48291,N#CC(C12)CN(CC2)C(CN)[C@@H]1N(C=CS3)n(c34)c(=O)ccc4,AIDD_Results trypanosoma scaffold 1,AIDD_Results trypanosoma scaffold 1,0,rat; Xm,
,1581,11190,false,false,false,255 255 255 255,false,,,,,,,0.4835,1,1.4835,N#Cc1cc(C(=O)C)cc2n(C=O)c(c3c12)S(=O)(=O)N(C=N3)C(=O)C,AIDD_Results trypanosoma scaffold 1,AIDD_Results trypanosoma scaffold 1,0,ch; MUT,
,1582,21260,false,false,false,255 255 255 255,false,,,,,,,0,0.5,1.49305,n1coc(c12)c3c(c(c2Cl)C(=O)O)\C(=C\C)CC4=C(S3)CC(C(=O)O)C=C4,AIDD_Results trypanosoma scaffold 1,AIDD_Results trypanosoma scaffold 1,0,fu; Xm+,
,1583,11621,false,false,false,255 255 255 255,false,,,,,,,0,1.49747,1.49747,C1CNCCN1CCCN2C=CSc(c23)nccc3,AIDD_Results trypanosoma scaffold 1,AIDD_Results trypanosoma scaffold 1,0,hERG; Xm+,
,1584,5663,false,false,false,255 255 255 255,false,,,,,,,0,1,1.5,N=CC1=CC(C(=O)C)CC(N2C=O)=C1Sc(c23)ncn(c3=O)C(=O)C,AIDD_Results trypanosoma scaffold 1,AIDD_Results trypanosoma scaffold 1,0,HEPX; CL-,
,1585,2639,false,false,false,255 255 255 255,false,,,,,,,0,1.5,1.5,C1CN(CC2)C(C)[C@@H](C12)CN3n(c(=O)ccc4)c4Sc(c35)n(cc5)S(=O)(=O)C,AIDD_Results trypanosoma scaffold 1,AIDD_Results trypanosoma scaffold 1,0,Xr-; Xm,
,1586,6241,false,false,false,255 255 255 255,false,,,,,,,0,0.5,1.5,C1CN(CC2)C[C@@H](C12)Cn(cc3)c(c34)CC(C4=O)C(C5=O)CCC5,AIDD_Results trypanosoma scaffold 1,AIDD_Results trypanosoma scaffold 1,0,Xr-; 2D6,
,1587,6421,false,false,false,255 255 255 255,false,,,,,,,0,1.5,1.5,C1CN(CO2)C[C@@H](C12)C(=O)n(c3cccc4)n(c5c34)c(=O)[nH]c(=O)c5,AIDD_Results trypanosoma scaffold 1,AIDD_Results trypanosoma scaffold 1,0,Xr-; MUT,
,1588,5767,false,false,false,255 255 255 255,false,,,,,,,0,0.5,1.5,O=C(O)c1c(C)c(ccc1Cl)Sc(ccc2)cc2-c3nnn[nH]3,AIDD_Results trypanosoma scaffold 1,AIDD_Results trypanosoma scaffold 1,0,fu; Xm+,
,1589,4023,false,false,false,255 255 255 255,false,,,,,,,0,0.5,1.5,O=C(O)c1c(Cl)ccc(c12)Sc3c(CC2)ccc(c3)C(=O)O,AIDD_Results trypanosoma scaffold 1,AIDD_Results trypanosoma scaffold 1,0,fu; Xm+,
,1590,4790,false,false,false,255 255 255 255,false,,,,,,,0,0.5,1.5,O=C(O)c1c(F)ccc(S2)c1\C(=C\CCC)n(c23)cc(c3)-c4nn[nH]n4,AIDD_Results trypanosoma scaffold 1,AIDD_Results trypanosoma scaffold 1,0,fu; Xm+,
,1591,4311,false,false,false,255 255 255 255,false,,,,,,,0,1.5,1.5,C1CN(CS2)C[C@@H](C12)C(=O)n(c(c3c45)S(=O)(=O)NC=N3)c4cccc5,AIDD_Results trypanosoma scaffold 1,AIDD_Results trypanosoma scaffold 1,0,Xr-; MUT,
,1592,6769,false,false,false,255 255 255 255,false,,,,,,,0,1.5,1.5,C1CN(CC2)C[C@@H](C12F)CCC(=CS3)Nn(c34)c(=O)ccc4-c5ncon5,AIDD_Results trypanosoma scaffold 1,AIDD_Results trypanosoma scaffold 1,0,Xr-; Xm,
,1593,4716,false,false,false,255 255 255 255,false,,,,,,,0,1.5,1.5,C1CN(CC2)C[C@@H](C12)C(=O)N(n(c34)c(O)nc3)c5c(S4)cc(=O)oc5,AIDD_Results trypanosoma scaffold 1,AIDD_Results trypanosoma scaffold 1,0,Xr-; Xm,
,1594,3575,false,false,false,255 255 255 255,false,,,,,,,0,1.5,1.5,C1CN(CC2)C[C@@H](C12)C(=O)N(n(c34)cnc3)c5c(S4)cc(=O)oc5,AIDD_Results trypanosoma scaffold 1,AIDD_Results trypanosoma scaffold 1,0,Xr-; Xm,
,1595,1024,false,false,false,255 255 255 255,false,,,,,,,1,0.5,1.5,N#Cc1cc(C(=O)C)cc(N2C(=O)C)c1S(=O)(=O)c(c23)ncn(c3=O)C(=O)C,AIDD_Results trypanosoma scaffold 1,AIDD_Results trypanosoma scaffold 1,0,ch; Xr-,
,1596,3270,false,false,false,255 255 255 255,false,,,,,,,0,1.5,1.5,C1CN(CC2)C(C)[C@@H](C12)C(C)N3n(c(=O)ccc4)c4Sc(c35)n(cc5)S(=O)(=O)C,AIDD_Results trypanosoma scaffold 1,AIDD_Results trypanosoma scaffold 1,0,Xr-; Xm,
,1597,3741,false,false,false,255 255 255 255,false,,,,,,,0,1.5,1.5,C1CN(CC2)C[C@@H](C12)C(=O)n(c(c3c45)c(=O)cco3)c4c(=O)ccn5S(=O)(=O)C,AIDD_Results trypanosoma scaffold 1,AIDD_Results trypanosoma scaffold 1,0,Xr-; MUT,
,1598,6496,false,false,false,255 255 255 255,false,,,,,,,0,1.5,1.5,N1C=CCC(=O)C(C=12)N(C=CS2)CC3C[N+](C)(C)C4C3Cc(c45)cc([N+]([O-])=O)cc5,AIDD_Results trypanosoma scaffold 1,AIDD_Results trypanosoma scaffold 1,0,Xr+; MUT,
,1599,7166,false,false,false,255 255 255 255,false,,,,,,,0,1.5,1.5,c1[nH]cc(c12)Sc3n(c(=O)c(C(=O)N)cc3)N2C[C@H](C45)CN(CO5)CC4,AIDD_Results trypanosoma scaffold 1,AIDD_Results trypanosoma scaffold 1,0,Xr-; Xm,
,1600,7316,false,false,false,255 255 255 255,false,,,,,,,0,1.5,1.5,CC(O1)NCC1C(=O)N(c(cc2)c3c(c24)ocn4)N5C(C3)=NC=C(F)C(=O)C5,AIDD_Results trypanosoma scaffold 1,AIDD_Results trypanosoma scaffold 1,0,Xr+; MUT,
,1601,7340,false,false,false,255 255 255 255,false,,,,,,,0,1.5,1.5,N#CC(C12)CN(CC2)C(N)[C@@H]1N(C=CS3)n(c34)c(=O)c(cc4)C(C5=O)CCC5,AIDD_Results trypanosoma scaffold 1,AIDD_Results trypanosoma scaffold 1,0,Xr-; Xm,
,1602,7423,false,false,false,255 255 255 255,false,,,,,,,0,1.5,1.5,c1cc(F)cc(c12)n3c(N=COCS3(=O)=O)c2[C@H](C45)CN(CO5)CC4,AIDD_Results trypanosoma scaffold 1,AIDD_Results trypanosoma scaffold 1,0,Xr-; MUT,
,1603,7598,false,false,false,255 255 255 255,false,,,,,,,0,1.5,1.5,N#CC(C12)CN(CC2)C(N)[C@@H]1N(C=CS3)n(c34)c(=O)n(c(=O)c4)C(C5=O)CCC5,AIDD_Results trypanosoma scaffold 1,AIDD_Results trypanosoma scaffold 1,0,Xr-; Xm,
,1604,7665,false,false,false,255 255 255 255,false,,,,,,,0,1.5,1.5,n1cncn1C2C(CC(CC34)N(CC3)CC4)=CS(=O)(=O)c(c25)oc(=O)cc5,AIDD_Results trypanosoma scaffold 1,AIDD_Results trypanosoma scaffold 1,0,Xr-; Xm,
,1605,7788,false,false,false,255 255 255 255,false,,,,,,,0,1.5,1.5,C1CN(CC2)C[C@@H](C12F)C(=O)N(c(c34)cccc4)N5C3=CC(=O)CNC5=O,AIDD_Results trypanosoma scaffold 1,AIDD_Results trypanosoma scaffold 1,0,Xr+; MUT,
,1606,7922,false,false,false,255 255 255 255,false,,,,,,,0,1.5,1.5,C1CN(CC2)C(C)[C@@H](C12)C(=O)N3n(c(=O)ccc4)c4Sc(c35)n(cc5)S(=O)(=O)C,AIDD_Results trypanosoma scaffold 1,AIDD_Results trypanosoma scaffold 1,0,Xr-; Xm,
,1607,8026,false,false,false,255 255 255 255,false,,,,,,,0,1.5,1.5,NC1CN(CC2)C=C(C12)CN3n(c(=O)ccc4)c4Sc(c35)n(cc5)S(=O)(=O)C,AIDD_Results trypanosoma scaffold 1,AIDD_Results trypanosoma scaffold 1,0,Xr-; Xm,
,1608,8320,false,false,false,255 255 255 255,false,,,,,,,0,1.5,1.5,CC(O1)NCC1C(=O)N(c(cc2)c3c(c24)ocn4)N5C(C3)=NC=C(C)C(=O)C5,AIDD_Results trypanosoma scaffold 1,AIDD_Results trypanosoma scaffold 1,0,Xr+; MUT,
,1609,8332,false,false,false,255 255 255 255,false,,,,,,,0,1.5,1.5,N#CC(C1)NC(=C12)Cc3n(c(=O)cc(c3)NC(=O)C)N2C[C@H](C45)C(=O)N(C5)CC4,AIDD_Results trypanosoma scaffold 1,AIDD_Results trypanosoma scaffold 1,0,Xr-; HEPX,
,1610,8641,false,false,false,255 255 255 255,false,,,,,,,0,1.5,1.5,C1CN(CC2)C(CC12F)CN(C=CS3)n(c34)c(=O)cc(c4C)-c5ncon5,AIDD_Results trypanosoma scaffold 1,AIDD_Results trypanosoma scaffold 1,0,Xr-; Xm,
,1611,9217,false,false,false,255 255 255 255,false,,,,,,,0,1.5,1.5,C1C=CCC(C#N)N(N2C)C=1CC(=C23)NCC3,AIDD_Results trypanosoma scaffold 1,AIDD_Results trypanosoma scaffold 1,0,HEPX+; MUT,
,1612,9372,false,false,false,255 255 255 255,false,,,,,,,0,0.5,1.5,C1CN(CC2)C[C@@H](C12)CCn(cc3)c(c34)NC=NC4,AIDD_Results trypanosoma scaffold 1,AIDD_Results trypanosoma scaffold 1,0,Xm+; 2D6,
,1613,9908,false,false,false,255 255 255 255,false,,,,,,,0,1.5,1.5,C1CN(CC2)C[C@@H](C12)CN3n(c(=O)ccc4)c4CC(C35)NC(=O)C5F,AIDD_Results trypanosoma scaffold 1,AIDD_Results trypanosoma scaffold 1,0,Xr-; Xm,
,1614,10136,false,false,false,255 255 255 255,false,,,,,,,0,1.5,1.5,CCN1COCC1CC2NC(CC=C(N3)C)C=3C(=O)c4c2ccc(c45)nco5,AIDD_Results trypanosoma scaffold 1,AIDD_Results trypanosoma scaffold 1,0,Xr-; MUT,
,1615,10163,false,false,false,255 255 255 255,false,,,,,,,0,1,1.5,C1CN(CC2)CC(=C12)/C=C/C(C=C3)C=CS3(=O)=O,AIDD_Results trypanosoma scaffold 1,AIDD_Results trypanosoma scaffold 1,0,HEPX; CL-,
,1616,10213,false,false,false,255 255 255 255,false,,,,,,,0,1.5,1.5,o1ncnc1-c2ccc(=O)n(c23)N(CCS3)C(CC45O)N(CC4)CC5,AIDD_Results trypanosoma scaffold 1,AIDD_Results trypanosoma scaffold 1,0,Xr-; Xm,
,1617,10527,false,false,false,255 255 255 255,false,,,,,,,0,1.5,1.5,C1CN(CC2)C=C(C12)C(C#N)N3C=CSC(C34)CCOC4CN,AIDD_Results trypanosoma scaffold 1,AIDD_Results trypanosoma scaffold 1,0,Xm+; HEPX,
,1618,11225,false,false,false,255 255 255 255,false,,,,,,,0,1.5,1.5,C1CN(CC2)C[C@@H](C12)Cc3c(N=COS4(=O)=O)n4c(c35)cccc5,AIDD_Results trypanosoma scaffold 1,AIDD_Results trypanosoma scaffold 1,0,Xr-; MUT,
,1619,11227,false,false,false,255 255 255 255,false,,,,,,,0,1.5,1.5,c1coc(c12)c(C(=O)O)cc3c2N(c4c(O3)cccc4)CCCN5CCNCC5=O,AIDD_Results trypanosoma scaffold 1,AIDD_Results trypanosoma scaffold 1,0,Xr-; MUT,
,1620,11240,false,false,false,255 255 255 255,false,,,,,,,0,1.5,1.5,C1CN(CC2)C[C@@H](C12O)C(=O)n(n(c34)c(O)nc3)n5c(s4)=CCCC5=O,AIDD_Results trypanosoma scaffold 1,AIDD_Results trypanosoma scaffold 1,0,Xr-; HEPX,
,1621,11905,false,false,false,255 255 255 255,false,,,,,,,0,0,1.5,O1CCC(C1=O)C(=O)N2c(cc(Cl)cc3)c3Sc(c24)ccc(c4)C(=O)O,AIDD_Results trypanosoma scaffold 1,AIDD_Results trypanosoma scaffold 1,0,fu; CL-,
,1622,12325,false,false,false,255 255 255 255,false,,,,,,,0,0.5,1.5,[nH]1cccc1-c(cc(Cl)c2C(=O)O)c(c23)SC4C(CC3)CCC(C4)C(=O)O,AIDD_Results trypanosoma scaffold 1,AIDD_Results trypanosoma scaffold 1,0,fu; Xm-,
,1623,12643,false,false,false,255 255 255 255,false,,,,,,,0,1,1.5,C1CN(CC2)C[C@@H](C12)CN(C3NCC4)C(C5C34)CC(N)C=C5,AIDD_Results trypanosoma scaffold 1,AIDD_Results trypanosoma scaffold 1,0,Xr-; Xm+; CL-,
,1624,13081,false,false,false,255 255 255 255,false,,,,,,,0,1.5,1.5,c1cc(Cl)cc(c12)n3c(c2C(CC45)N(CC4)CN5)N=COC(=O)C3,AIDD_Results trypanosoma scaffold 1,AIDD_Results trypanosoma scaffold 1,0,Xr-; MUT,
,1625,13411,false,false,false,255 255 255 255,false,,,,,,,0,1.5,1.5,O=C(O)C(C12)CN(CO2)C[C@@H]1c3c(N=COCC4=O)c4cc(c35)cccc5,AIDD_Results trypanosoma scaffold 1,AIDD_Results trypanosoma scaffold 1,0,Xr-; MUT,
,1626,13560,false,false,false,255 255 255 255,false,,,,,,,0,1.5,1.5,O=C(O)c1cccc(c12)SC=CN2C[C@H](C34)CN(CC4)CC3c5nnco5,AIDD_Results trypanosoma scaffold 1,AIDD_Results trypanosoma scaffold 1,0,Xr-; Xm,
,1627,13601,false,false,false,255 255 255 255,false,,,,,,,0,1.5,1.5,C1CN(CO2)C[C@@H](C12)C#CN3C(c4ncon4)=COc(c35)coc(=O)c5,AIDD_Results trypanosoma scaffold 1,AIDD_Results trypanosoma scaffold 1,0,Xr-; MUT,
,1628,13632,false,false,false,255 255 255 255,false,,,,,,,0,1,1.5,C1CC(N)CC(C1C23)N(C2NCC3)[C@H](C45)CN(CC4)CC5,AIDD_Results trypanosoma scaffold 1,AIDD_Results trypanosoma scaffold 1,0,Xr-; Xm+; CL-,
,1629,13752,false,false,false,255 255 255 255,false,,,,,,,0,0.5,1.5,CC(=O)Nc1[nH]c(=O)cc(c12)SC=NC2C(O)C(=CC34)N(CC4)C(C3)c5ccoc5,AIDD_Results trypanosoma scaffold 1,AIDD_Results trypanosoma scaffold 1,0,Xr+; 3A4,
,1630,13865,false,false,false,255 255 255 255,false,,,,,,,0,1.5,1.5,C1CN(CC2)C[C@@H](C12O)CN(CC3)n(c34)c(=O)ccc4-c5ccncc5,AIDD_Results trypanosoma scaffold 1,AIDD_Results trypanosoma scaffold 1,0,Xr-; Xm,
,1631,13941,false,false,false,255 255 255 255,false,,,,,,,0,0.5,1.5,c1c(=O)[nH]cc(c12)S(=O)c3c(cc(C)cc3)N(C2)C(CC4F)C(N)C4c5ncon5,AIDD_Results trypanosoma scaffold 1,AIDD_Results trypanosoma scaffold 1,0,Xr+; 2C19,
,1632,13975,false,false,false,255 255 255 255,false,,,,,,,0,1.5,1.5,C1CN(CC2)C=C(C12)C(C#N)N3C=CSC(C34)C=COC4CN,AIDD_Results trypanosoma scaffold 1,AIDD_Results trypanosoma scaffold 1,0,Xm+; HEPX,
,1633,14179,false,false,false,255 255 255 255,false,,,,,,,0,1.5,1.5,C1CNC(C2C#N)C1NN(C2=C34)C(=O)CC3C(CC4)c5ncon5,AIDD_Results trypanosoma scaffold 1,AIDD_Results trypanosoma scaffold 1,0,Xr+; MUT,
,1634,14285,false,false,false,255 255 255 255,false,,,,,,,0,1.5,1.5,CCC(O1)NCC1CN(N(C2=3)C(=O)C(N3)C)C4C(C2=O)c5c(CC4)nccc5,AIDD_Results trypanosoma scaffold 1,AIDD_Results trypanosoma scaffold 1,0,Xr+; MUT,
,1635,14341,false,false,false,255 255 255 255,false,,,,,,,0,0.5,1.5,C1CN(CC2)C(C)[C@@H](C12)C(c3ncon3)c(c4)[nH]c(c45)N=CCCO5,AIDD_Results trypanosoma scaffold 1,AIDD_Results trypanosoma scaffold 1,0,Xr-; 2D6,
,1636,14650,false,false,false,255 255 255 255,false,,,,,,,0,1.5,1.5,CN1CCC(CC1C)N2n(c(=O)c(CN)cc3)c3S(=O)C(=C24)CCC=C4,AIDD_Results trypanosoma scaffold 1,AIDD_Results trypanosoma scaffold 1,0,Xm+; HEPX,
,1637,14719,false,false,false,255 255 255 255,false,,,,,,,1,0.5,1.5,c1cc(=S)n(C(=O)O)c(c12)N(C=CS2)C[C@H](C34)CN(CC3O)C(C4)C(CC)C(C)c5cocn5,AIDD_Results trypanosoma scaffold 1,AIDD_Results trypanosoma scaffold 1,0,Size; Xr-,
,1638,14891,false,false,false,255 255 255 255,false,,,,,,,0,1.5,1.5,C1CN(CC2)C(C12)C(=O)N(n(c34)cnc3)C5C(C4)=CC(=O)CC5,AIDD_Results trypanosoma scaffold 1,AIDD_Results trypanosoma scaffold 1,0,Xr-; HEPX,
,1639,14910,false,false,false,255 255 255 255,false,,,,,,,0,0.5,1.5,CN(C)CCCN(c(c12)n(C)cc1)C3C(S2=O)C(CC(C3)CN)c4cnc[nH]4,AIDD_Results trypanosoma scaffold 1,AIDD_Results trypanosoma scaffold 1,0,Xm+; 2C19,
,1640,15019,false,false,false,255 255 255 255,false,,,,,,,0,1.5,1.5,CC(=O)CC(C12)CN(CC2)C[C@@H]1CN3C=CSC(C34)OS(=O)(=O)C=C4,AIDD_Results trypanosoma scaffold 1,AIDD_Results trypanosoma scaffold 1,0,Xm-; MUT,
,1641,15188,false,false,false,255 255 255 255,false,,,,,,,0,1,1.5,C1CN(CC2)C[C@@H](C12)CN3CCCN(C34)CCC4,AIDD_Results trypanosoma scaffold 1,AIDD_Results trypanosoma scaffold 1,0,Xr-; Xm-; CL-,
,1642,15250,false,false,false,255 255 255 255,false,,,,,,,0,1.5,1.5,CN1COCC1CC2NC(CC=C(N3)C)C=3C(=O)c4c2ccc(c45)nco5,AIDD_Results trypanosoma scaffold 1,AIDD_Results trypanosoma scaffold 1,0,Xr-; MUT,
,1643,15383,false,false,false,255 255 255 255,false,,,,,,,0,1.5,1.5,c1nccc(c12)c(O)c3c(c2C(CC45)N(CO5)CC4)N=COCC3=O,AIDD_Results trypanosoma scaffold 1,AIDD_Results trypanosoma scaffold 1,0,Xr-; MUT,
,1644,15421,false,false,false,255 255 255 255,false,,,,,,,0,0.5,1.5,C1CN(CC2)C(CC12)CCn(cc3)c(c34)NC=NC4,AIDD_Results trypanosoma scaffold 1,AIDD_Results trypanosoma scaffold 1,0,Xm+; 2D6,
,1645,15518,false,false,false,255 255 255 255,false,,,,,,,0,1.5,1.5,O1CNCC1C(=O)N2C(C(=O)C(C)=CN3)C=3C(=O)c4c2ccc(c45)N(C)CO5,AIDD_Results trypanosoma scaffold 1,AIDD_Results trypanosoma scaffold 1,0,Xr+; MUT,
,1646,15549,false,false,false,255 255 255 255,false,,,,,,,0,1,1.5,C1CN(CC2)CC(N12)N3C(=CSC=C3C#N)c(c4)ccc(c4C)S(=O)(=O)C,AIDD_Results trypanosoma scaffold 1,AIDD_Results trypanosoma scaffold 1,0,Xr-; Xm-; CL-,
,1647,15736,false,false,false,255 255 255 255,false,,,,,,,0,1.5,1.5,Cc1ccnc(c12)N3C(N=COCS3(=O)=O)C2[C@H](C45)CN(CC4)CC5,AIDD_Results trypanosoma scaffold 1,AIDD_Results trypanosoma scaffold 1,0,Xr-; MUT,
,1648,15969,false,false,false,255 255 255 255,false,,,,,,,0,1.5,1.5,C1CN(NC2)C(C(=O)C)[C@@H](C12)C(C#C)c3c(ncoc4=O)n4c(c35)c(=O)cc[nH]5,AIDD_Results trypanosoma scaffold 1,AIDD_Results trypanosoma scaffold 1,0,Xr-; MUT,
,1649,15988,false,false,false,255 255 255 255,false,,,,,,,0,1.5,1.5,c1cccc(c12)c(F)c3c(N=COC(=O)C3)c2[C@H](C45)CN(CO5)CC4O,AIDD_Results trypanosoma scaffold 1,AIDD_Results trypanosoma scaffold 1,0,Xr-; MUT,
,1650,16049,false,false,false,255 255 255 255,false,,,,,,,0,1.5,1.5,O=c1oc(C)c(C#N)n(c2=O)n1c(c2=3)=CC(=O)CC3,AIDD_Results trypanosoma scaffold 1,AIDD_Results trypanosoma scaffold 1,0,HEPX+; MUT,
,1651,16063,false,false,false,255 255 255 255,false,,,,,,,1,0.5,1.5,CN(C)CCC(C)CNc(cc1)c(cc1CC)S(=O)c2c(=O)n(CN)cnc2,AIDD_Results trypanosoma scaffold 1,AIDD_Results trypanosoma scaffold 1,0,RotB; Xm-,
,1652,16155,false,false,false,255 255 255 255,false,,,,,,,0,1.5,1.5,c1cccc(c12)c(F)c3c(c2C(CC45)N(CO5)CC4)N=CCCC3=O,AIDD_Results trypanosoma scaffold 1,AIDD_Results trypanosoma scaffold 1,0,Xr-; MUT,
,1653,16212,false,false,false,255 255 255 255,false,,,,,,,0,1.5,1.5,CCN(CO1)C\C1=C\N2N(S(=O)(=O)C(F)=CN3)C=3C(=O)c4c2ccc(c45)nco5,AIDD_Results trypanosoma scaffold 1,AIDD_Results trypanosoma scaffold 1,0,Xr-; MUT,
,1654,16218,false,false,false,255 255 255 255,false,,,,,,,0,0,1.5,O1CN(C)CCC1N2c(cc(C(F)(F)F)c(=O)n3C)c3S(=O)c(c24)ncc(C)c4,AIDD_Results trypanosoma scaffold 1,AIDD_Results trypanosoma scaffold 1,0,fu-; Vd-; CL-,
,1655,16229,false,false,false,255 255 255 255,false,,,,,,,0,1.5,1.5,C1CN(CO2)C[C@@H](C12)c3c(n4c(c35)c(=O)ocn5)N=CCCC4=O,AIDD_Results trypanosoma scaffold 1,AIDD_Results trypanosoma scaffold 1,0,Xr-; MUT,
,1656,16259,false,false,false,255 255 255 255,false,,,,,,,0,1,1.5,C1CN(CC2)C[C@@H](C12)CN(C(C34)CCC3)C5N(C4)CCC5,AIDD_Results trypanosoma scaffold 1,AIDD_Results trypanosoma scaffold 1,0,Xr-; Xm-; CL-,
,1657,16274,false,false,false,255 255 255 255,false,,,,,,,0,0.5,1.5,O=C(O)c1cc(F)cc(S2)c1\C(=C\CCC)n(c23)cc(c3)-c4nn[nH]n4,AIDD_Results trypanosoma scaffold 1,AIDD_Results trypanosoma scaffold 1,0,fu; Xm+,
,1658,16276,false,false,false,255 255 255 255,false,,,,,,,0,0.5,1.5,[nH]1cccc1-c(cc(Cl)c2C(=O)O)c(c23)SC4C(CC3)C=CC(C4)C(=O)O,AIDD_Results trypanosoma scaffold 1,AIDD_Results trypanosoma scaffold 1,0,fu; Xm-,
,1659,16372,false,false,false,255 255 255 255,false,,,,,,,0,0,1.5,[O-][N+](=O)c1c(Br)n(C)c(c12)NCc3c(S2=O)cc(=O)[nH]c3,AIDD_Results trypanosoma scaffold 1,AIDD_Results trypanosoma scaffold 1,0,fu-; Vd-; CL-,
,1660,16527,false,false,false,255 255 255 255,false,,,,,,,0,1,1.5,C1CN(CC2)CC(N12)N3C(=CSC=C3C#N)c4ccc(n4C)S(=O)(=O)C,AIDD_Results trypanosoma scaffold 1,AIDD_Results trypanosoma scaffold 1,0,Xr-; Xm-; CL-,
,1661,16633,false,false,false,255 255 255 255,false,,,,,,,0,1,1.5,N=CC1CC(C(=O)NC)CC2N(C(C3C12C)NCC3)CC(CC45)N(CC4)CC5,AIDD_Results trypanosoma scaffold 1,AIDD_Results trypanosoma scaffold 1,0,Xr-; Xm+; CL-,
,1662,16816,false,false,false,255 255 255 255,false,,,,,,,0,1,1.5,C1CN(CC2)C[C@@H](N12)C(=O)N(n(c34)ccc3)c5c(C4)c[nH]c(=O)c5,AIDD_Results trypanosoma scaffold 1,AIDD_Results trypanosoma scaffold 1,0,Xr-; Xm-; CL-,
,1663,16950,false,false,false,255 255 255 255,false,,,,,,,0,1.5,1.5,n1ocnc1CC(=O)C=2CCC(C23)C(N=CS3)C[C@H](C45)CN(CC4)CC5,AIDD_Results trypanosoma scaffold 1,AIDD_Results trypanosoma scaffold 1,0,Xr-; Xm,
,1664,16984,false,false,false,255 255 255 255,false,,,,,,,0,1.5,1.5,C1COc(c12)cc3c(c2C(=O)O)Sc4c(O3)c(C(=O)O)ccc4F,AIDD_Results trypanosoma scaffold 1,AIDD_Results trypanosoma scaffold 1,0,rat; Xm-,
,1665,17096,false,false,false,255 255 255 255,false,,,,,,,0,1,1.5,C1CN(CC2)C[C@@H](C12)CN3C(CCCC4)C4CC(C35)NCC5,AIDD_Results trypanosoma scaffold 1,AIDD_Results trypanosoma scaffold 1,0,Xr-; Xm-; CL-,
,1666,17174,false,false,false,255 255 255 255,false,,,,,,,0,1.5,1.5,O=c1oc(Cl)c(C#N)n(c2=O)n1c(c2=3)=CC(=O)CC3,AIDD_Results trypanosoma scaffold 1,AIDD_Results trypanosoma scaffold 1,0,HEPX+; MUT,
,1667,17200,false,false,false,255 255 255 255,false,,,,,,,0,1.5,1.5,CC1CC(C(=O)N)CC(C12)N(C=CS2)C(C=N)C(C34)=CN(CC3)CC4,AIDD_Results trypanosoma scaffold 1,AIDD_Results trypanosoma scaffold 1,0,Xm+; HEPX,
,1668,17429,false,false,false,255 255 255 255,false,,,,,,,0,1.5,1.5,CNC(=O)c1c(NC(=O)C)c(C)n(c12)NC(=NC2)c3ccoc3,AIDD_Results trypanosoma scaffold 1,AIDD_Results trypanosoma scaffold 1,0,Xm+; MUT,
,1669,17527,false,false,false,255 255 255 255,false,,,,,,,0,1.5,1.5,C1=CCC=CC1/C=C/[C@H](C23)C(N(CC2)CC3)NCCN,AIDD_Results trypanosoma scaffold 1,AIDD_Results trypanosoma scaffold 1,0,Xm+; MUT,
,1670,17528,false,false,false,255 255 255 255,false,,,,,,,0,1.5,1.5,NC(=O)c1ccc(S(=O)C)c(c12)n(nc2)C[C@H](C3CC4)CN4C(C35)CCC5,AIDD_Results trypanosoma scaffold 1,AIDD_Results trypanosoma scaffold 1,0,Xr-; Xm,
,1671,17582,false,false,false,255 255 255 255,false,,,,,,,0,1,1.5,C1CN(CC2)C[C@@H](C12)CN3CCCN(C34C)CCC4,AIDD_Results trypanosoma scaffold 1,AIDD_Results trypanosoma scaffold 1,0,Xr-; Xm-; CL-,
,1672,17734,false,false,false,255 255 255 255,false,,,,,,,0,1.5,1.5,C1CN(CC2)C[C@@H](C12F)C(=O)N(c(c34)c(N)ccc4)N5C3=CC(=O)CNC5=O,AIDD_Results trypanosoma scaffold 1,AIDD_Results trypanosoma scaffold 1,0,Xr-; MUT,
,1673,17748,false,false,false,255 255 255 255,false,,,,,,,0,1.5,1.5,C1CN(CO2)C[C@@H](C12)c3c(n4c(c35)cccn5)N=CCCC4=O,AIDD_Results trypanosoma scaffold 1,AIDD_Results trypanosoma scaffold 1,0,Xr-; MUT,
,1674,17824,false,false,false,255 255 255 255,false,,,,,,,0,1.5,1.5,C1NCN(C(=O)C)CC1c(cn2)c(=O)n(N3C)c2Sc4c3cc(Cl)c(c45)coc5,AIDD_Results trypanosoma scaffold 1,AIDD_Results trypanosoma scaffold 1,0,Xr-; Xm,
,1675,18168,false,false,false,255 255 255 255,false,,,,,,,0,1,1.5,C1CN(CC2)C[C@@H](C12)CCN3CCCN(C34)CCC4,AIDD_Results trypanosoma scaffold 1,AIDD_Results trypanosoma scaffold 1,0,Xr-; Xm-; CL-,
,1676,18187,false,false,false,255 255 255 255,false,,,,,,,0,1.5,1.5,c1nc(C#N)cc(c12)c(O)c3c(c2C(CC45)N(CO5)CC4)N=COCC3=O,AIDD_Results trypanosoma scaffold 1,AIDD_Results trypanosoma scaffold 1,0,Xr-; MUT,
,1677,18312,false,false,false,255 255 255 255,false,,,,,,,0,0.5,1.5,N=Cc(c1)cc(C(=O)C)c(c12)n(C)c(c2N)C(=O)N(C(=O)C)CC,AIDD_Results trypanosoma scaffold 1,AIDD_Results trypanosoma scaffold 1,0,Xm-; 1A2,
,1678,18558,false,false,false,255 255 255 255,false,,,,,,,0,0.5,1.5,O=C(O)c1c(Cl)ccc(c12)SC3=C(CC/2=C\C)C=CC(C3)C(=O)O,AIDD_Results trypanosoma scaffold 1,AIDD_Results trypanosoma scaffold 1,0,fu; Xm+,
,1679,18721,false,false,false,255 255 255 255,false,,,,,,,0,0.5,1.5,C1CN(CC2)C[C@@H](C12)NC(=O)c3c(cccc3)C4=CCNCC4,AIDD_Results trypanosoma scaffold 1,AIDD_Results trypanosoma scaffold 1,0,Xm+; 2D6,
,1680,18762,false,false,false,255 255 255 255,false,,,,,,,0,1.5,1.5,c1ccnc(c12)n3c(N=COCS3(=O)=O)c2[C@H](C45)CN(CO5)CC4,AIDD_Results trypanosoma scaffold 1,AIDD_Results trypanosoma scaffold 1,0,Xr-; MUT,
,1681,18795,false,false,false,255 255 255 255,false,,,,,,,0,1.5,1.5,CC(O1)NCC1C(=O)N(c(cc2)c3c(c24)ocn4)N5C(C3)=NC=C(Cl)C(=O)C5,AIDD_Results trypanosoma scaffold 1,AIDD_Results trypanosoma scaffold 1,0,Xr+; MUT,
,1682,18829,false,false,false,255 255 255 255,false,,,,,,,0,0.5,1.5,n1c[nH]cc1CNc(n(C)cc2)c2S(=O)C(C3)=CC(=O)n(c34)ccc4,AIDD_Results trypanosoma scaffold 1,AIDD_Results trypanosoma scaffold 1,0,Xr-; 2C19,
,1683,18836,false,false,false,255 255 255 255,false,,,,,,,0,1,1.5,C1SC(N)CC(C1C23)N(C2NCC3)[C@H](C45)CN(CC4)CC5,AIDD_Results trypanosoma scaffold 1,AIDD_Results trypanosoma scaffold 1,0,Xr-; Xm+; CL-,
,1684,18919,false,false,false,255 255 255 255,false,,,,,,,0,1.5,1.5,N#Cc1c(=O)[nH]cc(S2)c1N(n(c23)c(Br)nc3)C(=O)[C@H](C45)CN(CC4)CC5,AIDD_Results trypanosoma scaffold 1,AIDD_Results trypanosoma scaffold 1,0,Xr-; Xm,
,1685,18945,false,false,false,255 255 255 255,false,,,,,,,0,0.5,1.5,O=C(O)c(c1)[nH]c(c12)C(C)C(=C\C)/c3c(S2)cc(Cl)cc3C(=O)O,AIDD_Results trypanosoma scaffold 1,AIDD_Results trypanosoma scaffold 1,0,fu; Xm+,
,1686,19094,false,false,false,255 255 255 255,false,,,,,,,0,0.5,1.5,C1CN(CC2)CC(\C12)=C\C3C(N=COC4=O)N4c(c35)ccc(c5)CC(C)O,AIDD_Results trypanosoma scaffold 1,AIDD_Results trypanosoma scaffold 1,0,Xr-; 2C19,
,1687,19307,false,false,false,255 255 255 255,false,,,,,,,0,1.5,1.5,CC(O1)NCC1C(=O)N2N(CC(=O)C(Cl)=CN3)C=3Cc4c2ccc(c45)ocn5,AIDD_Results trypanosoma scaffold 1,AIDD_Results trypanosoma scaffold 1,0,Xr+; MUT,
,1688,19345,false,false,false,255 255 255 255,false,,,,,,,0,0.5,1.5,NCn1cnc(cc1=O)S(=O)c(c2C#C)c(ccc2)NC(C)CCN(C)C,AIDD_Results trypanosoma scaffold 1,AIDD_Results trypanosoma scaffold 1,0,Xm-; 2C19,
,1689,19408,false,false,false,255 255 255 255,false,,,,,,,0,1.5,1.5,O=C1CCC=Nc(c2C(CC34)N(CO4)CC3)n1c(c25)c(=O)ocn5,AIDD_Results trypanosoma scaffold 1,AIDD_Results trypanosoma scaffold 1,0,Xr-; MUT,
,1690,19636,false,false,false,255 255 255 255,false,,,,,,,0,1.5,1.5,CC1CN(CC2)C[C@@H](C12)CN3C=CSC(C34)OS(=O)(=O)C=C4,AIDD_Results trypanosoma scaffold 1,AIDD_Results trypanosoma scaffold 1,0,Xm+; MUT,
,1691,19756,false,false,false,255 255 255 255,false,,,,,,,0,1.5,1.5,CCC(O1)NCC1CN2N(C(=O)C(N3)C)C=3C(=O)C4C2Cc(c45)nccc5,AIDD_Results trypanosoma scaffold 1,AIDD_Results trypanosoma scaffold 1,0,Xr+; MUT,
,1692,19909,false,false,false,255 255 255 255,false,,,,,,,0,1.5,1.5,O=C1C(N)Cc(n2)n1c(=O)c(c(C)c3)c2c4c3CC(=O)C(=C45)CN=C5,AIDD_Results trypanosoma scaffold 1,AIDD_Results trypanosoma scaffold 1,0,Xr-; MUT,
,1693,19950,false,false,false,255 255 255 255,false,,,,,,,0,1.5,1.5,CC(=O)C(C1)=CN(C2)C1OC3N(C4)CCC4[C@@H]23,AIDD_Results trypanosoma scaffold 1,AIDD_Results trypanosoma scaffold 1,0,Xm-; MUT,
,1694,19985,false,false,false,255 255 255 255,false,,,,,,,0,1.5,1.5,C1CN(CC2)C[C@@H](C12)CN(C3)n(c(=O)ccc4)c4C(C35)NC(=O)C5F,AIDD_Results trypanosoma scaffold 1,AIDD_Results trypanosoma scaffold 1,0,Xr-; Xm,
,1695,20027,false,false,false,255 255 255 255,false,,,,,,,0,1.5,1.5,C1OC(=O)CC(C=12)C(C#N)C(c3ncon3)C(=O)C2C/C=C(/C45)CN(CC4F)CC5,AIDD_Results trypanosoma scaffold 1,AIDD_Results trypanosoma scaffold 1,0,Xr+; HEPX,
,1696,20039,false,false,false,255 255 255 255,false,,,,,,,0,1.5,1.5,CS(=O)c([nH]c1)c(c1C#N)CNCC(C2)N(CC3)CC(C23)n4cncn4,AIDD_Results trypanosoma scaffold 1,AIDD_Results trypanosoma scaffold 1,0,Xr-; Xm,
,1697,20229,false,false,false,255 255 255 255,false,,,,,,,0,0.5,1.5,CCN(C)CCCC1n(c(=O)c(CN)cc2)c2S(=O)C(=C13)CCC=C3,AIDD_Results trypanosoma scaffold 1,AIDD_Results trypanosoma scaffold 1,0,Xm+; 2D6,
,1698,20435,false,false,false,255 255 255 255,false,,,,,,,0,1.5,1.5,O=c1scnc(c12)c(C)n3c2CN=C(N3)c(coc4)c4-c5ncon5,AIDD_Results trypanosoma scaffold 1,AIDD_Results trypanosoma scaffold 1,0,Xr+; Xm,
,1699,20459,false,false,false,255 255 255 255,false,,,,,,,0,0.5,1.5,c1cc(C)cc(N2C3)c1S(=O)c(cccc4)c4C2N(C35)CCNC5=O,AIDD_Results trypanosoma scaffold 1,AIDD_Results trypanosoma scaffold 1,0,Xr-; 2C19,
,1700,20499,false,false,false,255 255 255 255,false,,,,,,,0,0.5,1.5,C1CN(CC2)C[C@@H](C12)Cc(ccc3N)c(c4S(=O)C)c3cc(c45)nco5,AIDD_Results trypanosoma scaffold 1,AIDD_Results trypanosoma scaffold 1,0,Xr-; 2C19,
,1701,20606,false,false,false,255 255 255 255,false,,,,,,,0,1.5,1.5,O=c1oc(Cl)c(C#N)n(c2=O)n1c(c23)cc(=O)sc3,AIDD_Results trypanosoma scaffold 1,AIDD_Results trypanosoma scaffold 1,0,Xm; HEPX+,
,1702,20608,false,false,false,255 255 255 255,false,,,,,,,0,1,1.5,C1C(=O)OC(C#N)=C(C2=O)N1C(C2=3)=CS(=O)(=O)OC3,AIDD_Results trypanosoma scaffold 1,AIDD_Results trypanosoma scaffold 1,0,MUT; CL-,
,1703,20627,false,false,false,255 255 255 255,false,,,,,,,0,1.5,1.5,CN1CCC(CC1C)N2n(c(=O)c(CN)nc3)c3S(=O)C(=C24)CCC=C4,AIDD_Results trypanosoma scaffold 1,AIDD_Results trypanosoma scaffold 1,0,Xm+; HEPX,
,1704,20648,false,false,false,255 255 255 255,false,,,,,,,0,1,1.5,C1CN(CC2)C(CC12)CN3CCCN(C34C)CCC4,AIDD_Results trypanosoma scaffold 1,AIDD_Results trypanosoma scaffold 1,0,Xr-; Xm-; CL-,
,1705,20884,false,false,false,255 255 255 255,false,,,,,,,0,1.5,1.5,C1CN(CO2)C(CC12)Cc3c(N=COCC4=O)n4c(c35)ccnc5,AIDD_Results trypanosoma scaffold 1,AIDD_Results trypanosoma scaffold 1,0,Xr-; MUT,
,1706,20969,false,false,false,255 255 255 255,false,,,,,,,0,0.5,1.5,C1=CCNc(c12)n3c(N=COCC3)c2C(C45)CN(CC4)CC5,AIDD_Results trypanosoma scaffold 1,AIDD_Results trypanosoma scaffold 1,0,Xr-; 2D6,
,1707,21059,false,false,false,255 255 255 255,false,,,,,,,0,1.5,1.5,C1=CCCC(=C12)C(C(=O)C(C#N)C2)/C=C(\C34)CN(CC4F)CC3n5cncn5,AIDD_Results trypanosoma scaffold 1,AIDD_Results trypanosoma scaffold 1,0,Xr-; Xm,
,1708,21107,false,false,false,255 255 255 255,false,,,,,,,0,1.5,1.5,N#CC1C(=O)CCC(C=12)N3C(N=COC3=O)=C2C(C45)CN(CC4)CC5,AIDD_Results trypanosoma scaffold 1,AIDD_Results trypanosoma scaffold 1,0,Xr-; HEPX,
,1709,21262,false,false,false,255 255 255 255,false,,,,,,,0,1.5,1.5,C1CN(C)CCC1N2c(cccc3)c3S(=O)c(c24)ncn(c4=O)-c5nnco5,AIDD_Results trypanosoma scaffold 1,AIDD_Results trypanosoma scaffold 1,0,Xr-; Xm,
,1710,21372,false,false,false,255 255 255 255,false,,,,,,,1,0,1.5,CC(C1)CCc(c12)cccc2,AIDD_Results trypanosoma scaffold 1,AIDD_Results trypanosoma scaffold 1,0,Kow; Vd-,
,1711,21440,false,false,false,255 255 255 255,false,,,,,,,1,0.5,1.5,c1cc(=S)n(C(=O)O)c(c12)N(C=CS2)C[C@](F)(C34)CN(CC3O)C(C4)C(CC)OCc5cnc[nH]5,AIDD_Results trypanosoma scaffold 1,AIDD_Results trypanosoma scaffold 1,0,Size; Xr+,
,1712,21508,false,false,false,255 255 255 255,false,,,,,,,0,1.5,1.5,CC(=O)n(cn1)c(=O)c(c1c23)n(C)c2oc(=O)cc3CC=N,AIDD_Results trypanosoma scaffold 1,AIDD_Results trypanosoma scaffold 1,0,Xr-; HEPX,
,1713,21591,false,false,false,255 255 255 255,false,,,,,,,0,0.5,1.5,n1[nH]nnc1-c(c2)ccc(N3C(=O)/C=C/C)c2Sc(c34)ccc(Cl)c4C(=O)O,AIDD_Results trypanosoma scaffold 1,AIDD_Results trypanosoma scaffold 1,0,fu; Xm+,
,1714,21695,false,false,false,255 255 255 255,false,,,,,,,0,0.5,1.5,c1cc(C)cc(N23)c1S(=O)c(cccc4)c4C3CC(C25)COC5N,AIDD_Results trypanosoma scaffold 1,AIDD_Results trypanosoma scaffold 1,0,Xr-; 2C19,
,1715,21797,false,false,false,255 255 255 255,false,,,,,,,0,1.5,1.5,CC(O1)NCC1C(=O)N(c(cc2)c3c(c24)occ4)N5C(C3)=NC=C(Br)C(=O)C5,AIDD_Results trypanosoma scaffold 1,AIDD_Results trypanosoma scaffold 1,0,Xr-; MUT,
,1716,21905,false,false,false,255 255 255 255,false,,,,,,,0,1.5,1.5,N#CCC1CC(CN2)C[C@@H](C12)C(=O)N3N(C(=O)C=C4)C4OC(=C35)N=CC5,AIDD_Results trypanosoma scaffold 1,AIDD_Results trypanosoma scaffold 1,0,Xr+; HEPX,
,1717,21906,false,false,false,255 255 255 255,false,,,,,,,0,0.5,1.5,O=C1CCCc(c12)cn3c2CN=C4N(C3)C(CCC4)c5cnc[nH]5,AIDD_Results trypanosoma scaffold 1,AIDD_Results trypanosoma scaffold 1,0,Xr+; 2D6,
,1718,21910,false,false,false,255 255 255 255,false,,,,,,,0,0.5,1.5,O=C(O)c(c1)[nH]c(c12)C(C)C(=C\C)/c3c(S2)ccc(Cl)c3C(=O)O,AIDD_Results trypanosoma scaffold 1,AIDD_Results trypanosoma scaffold 1,0,fu; Xm+,
,1719,21967,false,false,false,255 255 255 255,false,,,,,,,0,1.5,1.5,N#CC1C(=O)CCC(C=12)N3C(N=COC3=O)=C2C(C45)CN(CC5)CC4O,AIDD_Results trypanosoma scaffold 1,AIDD_Results trypanosoma scaffold 1,0,Xr-; HEPX,
,1720,21969,false,false,false,255 255 255 255,false,,,,,,,0,1.5,1.5,c1cc(C#N)cc2n(c(c3c12)N=COC3)C(C45)CN(CC4)CC5,AIDD_Results trypanosoma scaffold 1,AIDD_Results trypanosoma scaffold 1,0,Xr-; MUT,
,1721,22139,false,false,false,255 255 255 255,false,,,,,,,0,0.5,1.5,O=c1cc[nH]c(c12)c(F)c3c(N=COCC3)c2[C@H](C45)CN(CO5)CC4O,AIDD_Results trypanosoma scaffold 1,AIDD_Results trypanosoma scaffold 1,0,Xr-; 1A2,
,1722,22144,false,false,false,255 255 255 255,false,,,,,,,0,0.5,1.5,C1CN(CC2)C(C)[C@@H](C12)Cn(c3CCC4)c(c5c34)N=CC(=O)CO5,AIDD_Results trypanosoma scaffold 1,AIDD_Results trypanosoma scaffold 1,0,Xr-; 2D6,
,1723,22185,false,false,false,255 255 255 255,false,,,,,,,0,1.5,1.5,N#CC1C(=O)CCC(C=12)N3C(N=COCC3=O)=C2C(C45)CN(CC5)CC4O,AIDD_Results trypanosoma scaffold 1,AIDD_Results trypanosoma scaffold 1,0,Xr-; HEPX,
,1724,22217,false,false,false,255 255 255 255,false,,,,,,,0,1.5,1.5,O=C1COC=Nc(c1c23)c(C(C45)CN(CO5)CC4)cc2nc[nH]c3=O,AIDD_Results trypanosoma scaffold 1,AIDD_Results trypanosoma scaffold 1,0,Xr-; MUT,
,1725,22233,false,false,false,255 255 255 255,false,,,,,,,0,1.5,1.5,O1CN(C)CC1(O)/C=C/2N(CC(=O)C=CN3)C=3Cc4c2ccc(c45)[nH]c(=O)o5,AIDD_Results trypanosoma scaffold 1,AIDD_Results trypanosoma scaffold 1,0,Xr-; MUT,
,1726,22257,false,false,false,255 255 255 255,false,,,,,,,0,1.5,1.5,N#CC(C12)CN(CC2)C(CN)[C@@H]1N3n(c(=S)ccc4)c4Sc(c35)nc[nH]5,AIDD_Results trypanosoma scaffold 1,AIDD_Results trypanosoma scaffold 1,0,Xr-; Xm,
,1727,22369,false,false,false,255 255 255 255,false,,,,,,,0,1,1.5,C1CN(CC2)CC(N12)N3C(=CSC=C3C#N)c(c4)cnc(c4C)S(=O)(=O)C,AIDD_Results trypanosoma scaffold 1,AIDD_Results trypanosoma scaffold 1,0,Xr-; Xm+; CL-,
,1728,22388,false,false,false,255 255 255 255,false,,,,,,,0,1.5,1.5,C1CCn2c(=O)cc(c3c12)S(=O)C4C(NC3)C(F)CCC4F,AIDD_Results trypanosoma scaffold 1,AIDD_Results trypanosoma scaffold 1,0,Xr+; MUT,
,1729,22499,false,false,false,255 255 255 255,false,,,,,,,0,1.5,1.5,CN(C)C1CC(c(c12)coc2)N3n(c(=O)c(CF)cc4)c4S(=O)c(c35)cccc5C,AIDD_Results trypanosoma scaffold 1,AIDD_Results trypanosoma scaffold 1,0,Xr-; Xm,
,1730,22510,false,false,false,255 255 255 255,false,,,,,,,0,1.5,1.5,C1CN(C)CCC1N2c(cccc3)c3S(=O)c(c24)ncn(c4=O)-c5nncs5,AIDD_Results trypanosoma scaffold 1,AIDD_Results trypanosoma scaffold 1,0,Xr-; Xm,
,1731,22554,false,false,false,255 255 255 255,false,,,,,,,0,0.5,1.5,O=C1CCCc(c12)cn3c2CN=C4N(C3)CC(CC4)c5cnc[nH]5,AIDD_Results trypanosoma scaffold 1,AIDD_Results trypanosoma scaffold 1,0,Xr+; 2D6,
,1732,22573,false,false,false,255 255 255 255,false,,,,,,,0,1.5,1.5,C1CN(CC2)C[C@@H](C12F)CCN(C=CC3)n(c34)c(=O)ccc4-c5ncon5,AIDD_Results trypanosoma scaffold 1,AIDD_Results trypanosoma scaffold 1,0,Xr-; Xm,
,1733,22584,false,false,false,255 255 255 255,false,,,,,,,0,0.5,1.5,O1CC(=O)C(C#N)=Nc(c1c23)n(c2CCC3)C[C@H](C45)C(C)N(CC4)CC5,AIDD_Results trypanosoma scaffold 1,AIDD_Results trypanosoma scaffold 1,0,Xr-; 2D6,
,1734,22688,false,false,false,255 255 255 255,false,,,,,,,0,1.5,1.5,N1C=NCc(c12)n3c(c2C)N=C(c4ccoc4)C5N(C3=O)S(=O)(=O)CC5,AIDD_Results trypanosoma scaffold 1,AIDD_Results trypanosoma scaffold 1,0,Xr-; MUT,
,1735,22889,false,false,false,255 255 255 255,false,,,,,,,0,0.5,1.5,C1CN(CC2)C[C@@H](C12)CC(C#N)n(cc3)c(c34)NC=NC4,AIDD_Results trypanosoma scaffold 1,AIDD_Results trypanosoma scaffold 1,0,Xm+; 2D6,
,1736,22937,false,false,false,255 255 255 255,false,,,,,,,0,0.5,1.5,c1cc(C)cc(N23)c1S(=O)c(cccc4)c4C3CC(C25)CCC5N,AIDD_Results trypanosoma scaffold 1,AIDD_Results trypanosoma scaffold 1,0,Xr-; 2C19,
,1737,22941,false,false,false,255 255 255 255,false,,,,,,,0,1.5,1.5,O=c1ccnc2n1n(CCN(C)C)c(c23)c(Cl)cc(c3)C4CNC=N4,AIDD_Results trypanosoma scaffold 1,AIDD_Results trypanosoma scaffold 1,0,Xm+; MUT,
,1738,22963,false,false,false,255 255 255 255,false,,,,,,,0,1.5,1.5,Oc1nccc(c12)n3c(c2C(CC45)N(CO5)CC4)N=COCC3=O,AIDD_Results trypanosoma scaffold 1,AIDD_Results trypanosoma scaffold 1,0,Xr-; MUT,
,1739,22964,false,false,false,255 255 255 255,false,,,,,,,0,1.5,1.5,O=C(O)C(C12)CN(CO2)C(C1)c3c(N=COCC4=O)c4cc(c35)cccc5,AIDD_Results trypanosoma scaffold 1,AIDD_Results trypanosoma scaffold 1,0,Xr-; MUT,
,1740,22975,false,false,false,255 255 255 255,false,,,,,,,0,0.5,1.5,NCN1C=NC(CC1=O)S(=O)c(c2C#C)c(ccc2)NC(C)CCN(C)C,AIDD_Results trypanosoma scaffold 1,AIDD_Results trypanosoma scaffold 1,0,Xm+; 2C19,
,1741,23113,false,false,false,255 255 255 255,false,,,,,,,0,1.5,1.5,CC(=O)NC(C1=O)OC=Nc(c2CC(CC34)N(CO4)CC3)c1cc(c25)ccnc5,AIDD_Results trypanosoma scaffold 1,AIDD_Results trypanosoma scaffold 1,0,Xr+; MUT,
,1742,23149,false,false,false,255 255 255 255,false,,,,,,,0,1,1.5,C1CN(CC2)C[C@@H](C12)CN(CCC3)C(C4)N3C(C45)CCC5,AIDD_Results trypanosoma scaffold 1,AIDD_Results trypanosoma scaffold 1,0,Xr-; Xm-; CL-,
,1743,23398,false,false,false,255 255 255 255,false,,,,,,,0,1.5,1.5,C1CN(CO2)C(CC12)c3c(n4c(c35)cc(Cl)[nH]5)N=COC(=O)C4,AIDD_Results trypanosoma scaffold 1,AIDD_Results trypanosoma scaffold 1,0,Xr-; MUT,
,1744,23421,false,false,false,255 255 255 255,false,,,,,,,0,0.5,1.5,C1CN(CO2)C[C@@H](C12)c3cc(-c4ncco4)n(c35)C(=O)CCC=N5,AIDD_Results trypanosoma scaffold 1,AIDD_Results trypanosoma scaffold 1,0,Xr-; 2D6,
,1745,23544,false,false,false,255 255 255 255,false,,,,,,,0,1.5,1.5,N1=CCC(CC)C(=O)c2n1cc(c23)NC=NC3,AIDD_Results trypanosoma scaffold 1,AIDD_Results trypanosoma scaffold 1,0,Xm+; MUT,
,1746,23898,false,false,false,255 255 255 255,false,,,,,,,0,1.5,1.5,N#CC(=C1)CCC(=C12)S(=O)c3n(c(=O)c(CN)nc3)N2C(CC4C)CCN4C,AIDD_Results trypanosoma scaffold 1,AIDD_Results trypanosoma scaffold 1,0,Xm+; HEPX,
,1747,23903,false,false,false,255 255 255 255,false,,,,,,,0,0.5,1.5,c1ccccc1C(C[C@H](C23)CN(CC2)CC3)C(N=C4)C(C4=5)OCC(=O)C5,AIDD_Results trypanosoma scaffold 1,AIDD_Results trypanosoma scaffold 1,0,Xr-; 2D6,
,1748,24053,false,false,false,255 255 255 255,false,,,,,,,0,1.5,1.5,c1cc(N)cc(c12)n3c(ncoc3=O)c2O[C@H](C45)CN(CO5)CC4,AIDD_Results trypanosoma scaffold 1,AIDD_Results trypanosoma scaffold 1,0,Xr-; MUT,
,1749,24193,false,false,false,255 255 255 255,false,,,,,,,0,1.5,1.5,c1cccn1Cc(cc2)c(=O)n(N3C4=CCN(C)C4)c2S(=O)c(c35)cc(F)c(C)c5,AIDD_Results trypanosoma scaffold 1,AIDD_Results trypanosoma scaffold 1,0,Xr-; Xm,
,1750,24232,false,false,false,255 255 255 255,false,,,,,,,0,1.5,1.5,O=C1NCC=NC(C1C23)C(CC)CC2NC(=NC3)C(C4=O)CCCC4,AIDD_Results trypanosoma scaffold 1,AIDD_Results trypanosoma scaffold 1,0,Xr+; MUT,
,1751,24247,false,false,false,255 255 255 255,false,,,,,,,0,1.5,1.5,c1coc(c12)cc(C(=O)O)c3c2N(c4c(O3)cccc4)CCCN5CCNCC5=O,AIDD_Results trypanosoma scaffold 1,AIDD_Results trypanosoma scaffold 1,0,Xr-; MUT,
,1752,24319,false,false,false,255 255 255 255,false,,,,,,,0,0.5,1.5,n1ocnc1Cc(cc2)cc(c23)S(=O)c4c(cccc4)N3C5C(N)OCC5,AIDD_Results trypanosoma scaffold 1,AIDD_Results trypanosoma scaffold 1,0,Xr-; 2C19,
,1753,24429,false,false,false,255 255 255 255,false,,,,,,,0,0.5,1.5,C1=CCC(=O)N(C(=O)C)C(O2)=C1Sc(c2c34)n(c3[nH]cc4)C(=O)C5CCCN5,AIDD_Results trypanosoma scaffold 1,AIDD_Results trypanosoma scaffold 1,0,Xr-; 3A4,
,1754,24435,false,false,false,255 255 255 255,false,,,,,,,0,0.5,1.5,C1CN(CC2)C[C@@H](C12)C(F)c3c(N=CC(=O)OC4)n4c(c35)cccc5F,AIDD_Results trypanosoma scaffold 1,AIDD_Results trypanosoma scaffold 1,0,Xr-; 2D6,
,1755,24482,false,false,false,255 255 255 255,false,,,,,,,0,1.5,1.5,FCC(=O)C1C=CN(C1C)C[C@H](C23)CN(CC2)CC3,AIDD_Results trypanosoma scaffold 1,AIDD_Results trypanosoma scaffold 1,0,Xm-; MUT,
,1756,24516,false,false,false,255 255 255 255,false,,,,,,,0,1.5,1.5,CN1COCC1n2c(c(O)c(Cl)cn3)c3oc(c(=O)c4)c2n(c45)c(=O)cc5,AIDD_Results trypanosoma scaffold 1,AIDD_Results trypanosoma scaffold 1,0,Xr-; MUT,
,1757,24604,false,false,false,255 255 255 255,false,,,,,,,1,0.5,1.5,C1C(=O)C=C(CF)N=C(C2=O)N1N(/C=C3/C(CN(C)C3)NC(=O)C)C(=C24)CCc5c4ccc(=O)o5,AIDD_Results trypanosoma scaffold 1,AIDD_Results trypanosoma scaffold 1,0,Size; Xr-,
,1758,24781,false,false,false,255 255 255 255,false,,,,,,,0,1.5,1.5,c1oc(=O)cc(c12)cc3c(c2C(CC45)N(CO5)CC4)N=COCC3=O,AIDD_Results trypanosoma scaffold 1,AIDD_Results trypanosoma scaffold 1,0,Xr-; MUT,
,1759,24846,false,false,false,255 255 255 255,false,,,,,,,0,1.5,1.5,C1CN(CO2)C(CC12)c3c(-c4ccco4)ccc(c35)C(=O)COC=N5,AIDD_Results trypanosoma scaffold 1,AIDD_Results trypanosoma scaffold 1,0,Xr-; MUT,
,1760,24888,false,false,false,255 255 255 255,false,,,,,,,0,1.5,1.5,C1CN(C2)C[C@@H](C12)C(=O)N(n(c34)ccn4)c5c(C3)cc(=O)[nH]c5,AIDD_Results trypanosoma scaffold 1,AIDD_Results trypanosoma scaffold 1,0,Xr-; Xm,
,1761,24964,false,false,false,255 255 255 255,false,,,,,,,0,1.5,1.5,CC(=O)C(C1)=CN(C2)C1OC3N(C4)CCC4[C@@]23C,AIDD_Results trypanosoma scaffold 1,AIDD_Results trypanosoma scaffold 1,0,Xm-; MUT,
,1762,25092,false,false,false,255 255 255 255,false,,,,,,,0,0.5,1.5,CN(C)CCCN(c(c12)n(C)cc1)C3C(S2=O)C(SC(C3)CN)c4cnc[nH]4,AIDD_Results trypanosoma scaffold 1,AIDD_Results trypanosoma scaffold 1,0,Xm+; 2C19,
,1763,25161,false,false,false,255 255 255 255,false,,,,,,,0,1.5,1.5,C1CN(CC2)C[C@@H](C12F)C(=O)N(n(c34)c(O)nc3C(F)(F)F)c5c(S4)c[nH]c(=O)c5,AIDD_Results trypanosoma scaffold 1,AIDD_Results trypanosoma scaffold 1,0,Xr-; Xm,
,1764,25212,false,false,false,255 255 255 255,false,,,,,,,0,1.5,1.5,N#CC(=C1)CCC(=C12)S(=O)c3n(c(=O)c(CN)nc3)N2C(CN4C)CCC4C,AIDD_Results trypanosoma scaffold 1,AIDD_Results trypanosoma scaffold 1,0,Xm+; HEPX,
,1765,25221,false,false,false,255 255 255 255,false,,,,,,,0,1.5,1.5,O1CNCC1CN2N(C(=O)C(N3)C)C=3C(=O)C4C2Cc(c45)nccc5,AIDD_Results trypanosoma scaffold 1,AIDD_Results trypanosoma scaffold 1,0,Xr+; MUT,
,1766,25302,false,false,false,255 255 255 255,false,,,,,,,0,1,1.5,C1CCN(C12C)CCCN2[C@H](C34)CN(CC3)CC4,AIDD_Results trypanosoma scaffold 1,AIDD_Results trypanosoma scaffold 1,0,Xr-; Xm-; CL-,
,1767,15704,false,false,false,255 255 255 255,false,,,,,,,0,1,1.50135,n1c(F)oc(c12)n(C=O)c(F)c2C(CC34)N(CC3)CC4,AIDD_Results trypanosoma scaffold 1,AIDD_Results trypanosoma scaffold 1,0,HEPX; 3A4,
,1768,9175,false,false,false,255 255 255 255,false,,,,,,,0,0.5,1.50516,O=C(O)c(c1)cn(c12)C(=C\C)/c3c(S2)ccc(Cl)c3C(=O)O,AIDD_Results trypanosoma scaffold 1,AIDD_Results trypanosoma scaffold 1,0,fu; Xm-; 1A2,
,1769,16004,false,false,false,255 255 255 255,false,,,,,,,0,1,1.5046,CC(=O)c(cc1)cc2n(C=O)c(c3c12)C(=O)\C(C=N3)=C\C,AIDD_Results trypanosoma scaffold 1,AIDD_Results trypanosoma scaffold 1,0,MUT; 1A2; 2C9,
,1770,19474,false,false,false,255 255 255 255,false,,,,,,,0,1.5,1.50647,C1CN(CC2)C[C@@](F)(C12)Cn(cc3[N+]([O-])=O)c(c34)c(S(=O)C)c5c(c4)nco5,AIDD_Results trypanosoma scaffold 1,AIDD_Results trypanosoma scaffold 1,0,Xr-; MUT; 2C19,
,1771,10904,false,false,false,255 255 255 255,false,,,,,,,1,0.5,1.50971,c1cc(=S)n(C(=O)O)c(c12)N(C=CS2)C[C@H](C34)CN(CC3O)C(C4)C(OC)C(C)c5ccon5,AIDD_Results trypanosoma scaffold 1,AIDD_Results trypanosoma scaffold 1,0,Size; fu; Xr-,
,1772,21036,false,false,false,255 255 255 255,false,,,,,,,1,0.512166,1.51217,N#CC1CC(C(=O)C)CC(N2C(=O)C)C1Oc(c23)ncn(c3=O)C(=O)CN,AIDD_Results trypanosoma scaffold 1,AIDD_Results trypanosoma scaffold 1,0,ch; Xr,
,1773,16056,false,false,false,255 255 255 255,false,,,,,,,0,0.5,1.51278,N1CCNC(C1=O)CN(C2)c(cc(C)cc3)c3S(=O)c(c24)ccc(c4)-c5ncon5,AIDD_Results trypanosoma scaffold 1,AIDD_Results trypanosoma scaffold 1,0,Xr-; 2C9; 2C19,
,1774,11855,false,false,false,255 255 255 255,false,,,,,,,0,1.5,1.51373,C1CN(CC2)C[C@@H](C12O)CN(CC3)n(c34)c(=O)ccc4-c5ccccc5,AIDD_Results trypanosoma scaffold 1,AIDD_Results trypanosoma scaffold 1,0,Xr-; Xm; 3A4,
,1775,22123,false,false,false,255 255 255 255,false,,,,,,,0,0.0154645,1.51546,CN(C)CCCCN1n(c(=O)cc(CF)c2)c2S(=O)c(c13)n(C)cc(c3=O)CC,AIDD_Results trypanosoma scaffold 1,AIDD_Results trypanosoma scaffold 1,0,fu-; Vd-; Xm; CL-,
,1776,17307,false,false,false,255 255 255 255,false,,,,,,,0,1.5,1.51844,O=C(O)c1cccc(c12)SC=CN2CC(C3)N(CC4)CC(C34)c5nnco5,AIDD_Results trypanosoma scaffold 1,AIDD_Results trypanosoma scaffold 1,0,fu; Xr-; Xm,
,1777,23520,false,false,false,255 255 255 255,false,,,,,,,0.518869,1,1.51887,n1cccc(c12)S(=O)(=O)C3N(C(=O)C(C)C(C#N)C3)C2CC4C(N(C)C4)C5=CCNCC5,AIDD_Results trypanosoma scaffold 1,AIDD_Results trypanosoma scaffold 1,0,Size; Peff; Xr+; Xm+,
,1778,23148,false,false,false,255 255 255 255,false,,,,,,,0.664132,0.855831,1.51996,C1CN(CC2)C[C@@H](C12F)C(=O)n(cn3)n(c34)c(=O)c(cc4Cl)-c5ccco5,AIDD_Results trypanosoma scaffold 1,AIDD_Results trypanosoma scaffold 1,0,Sw; Xr-; Xm,
,1779,8173,false,false,false,255 255 255 255,false,,,,,,,0,1.52117,1.52117,C1CN(CC2)C=C(C12)C(C=NC3)N(C3=4)C=CSC4,AIDD_Results trypanosoma scaffold 1,AIDD_Results trypanosoma scaffold 1,0,hERG+; Xm+; HEPX,
,1780,18437,false,false,false,255 255 255 255,false,,,,,,,0,1,1.52053,c1cccc(c12)cc3c(c2)C=CNS3(=O)=O,AIDD_Results trypanosoma scaffold 1,AIDD_Results trypanosoma scaffold 1,0,fu; MUT,
,1781,18076,false,false,false,255 255 255 255,false,,,,,,,0,1.5,1.52252,C1=CCOC(=C12)C(C#N)C=CC\2=C\C(N)[C@H](C34)CN(CC3)CC4,AIDD_Results trypanosoma scaffold 1,AIDD_Results trypanosoma scaffold 1,0,Xm+; HEPX; 2D6,
,1782,23870,false,false,false,255 255 255 255,false,,,,,,,0.5245,1,1.5245,N#Cc(o1)nc(c12)ccc3c2C(=O)C=4N(CC(=O)C=CN4)N3C(=O)C5CCCN(C)C5,AIDD_Results trypanosoma scaffold 1,AIDD_Results trypanosoma scaffold 1,0,Size; ch; Xr-; Xm+,
,1783,13144,false,false,false,255 255 255 255,false,,,,,,,0,0.525717,1.52572,n1ocnc1Cc(c2C(=O)CC)n(cc2)C[C@H](C34)CN(CC3)CC4,AIDD_Results trypanosoma scaffold 1,AIDD_Results trypanosoma scaffold 1,0,hERG; 2D6,
,1784,16311,false,false,false,255 255 255 255,false,,,,,,,1.02862,0.5,1.52862,NCC(=O)NC1CN(CC2)C[C@@H](C12)CC3=C(F)CSC(C34)CCC(C4)N,AIDD_Results trypanosoma scaffold 1,AIDD_Results trypanosoma scaffold 1,0,HBD; Peff; Xm+,
,1785,15521,false,false,false,255 255 255 255,false,,,,,,,0,0.995334,1.52969,Cc1cc(C)cc(c12)N(CC(C)CN(C)C)n3c(S2=O)cc(CF)cc3=O,AIDD_Results trypanosoma scaffold 1,AIDD_Results trypanosoma scaffold 1,0,Xm; 2C19,
,1786,18573,false,false,false,255 255 255 255,false,,,,,,,0.0299324,1.5,1.52993,c1c(=O)occ(c12)S(=O)(=O)N(C#N)C(=O)C2CC(C3)N(CC4)CC(F)C34,AIDD_Results trypanosoma scaffold 1,AIDD_Results trypanosoma scaffold 1,0,HBA; Xr-; MUT,
,1787,20897,false,false,false,255 255 255 255,false,,,,,,,0,1.5012,1.5318,C1CN(CC2)C[C@@H](C12)C(F)c3c(N=COC4)n4c(c35)cc(N)cc5,AIDD_Results trypanosoma scaffold 1,AIDD_Results trypanosoma scaffold 1,0,Xr-; Xm; MUT; 1A2,
,1788,7229,false,false,false,255 255 255 255,false,,,,,,,0,1,1.53269,C1CN(CC2)C[C@@H](C12)CC(=O)C3C=CSC(=C34)OCC=C4,AIDD_Results trypanosoma scaffold 1,AIDD_Results trypanosoma scaffold 1,0,HEPX; 1A2,
,1789,17485,false,false,false,255 255 255 255,false,,,,,,,0.9575,0.579862,1.53736,NCC(=O)CC1CC(C#N)C(=C12)Sc3c(N2C=O)c(=O)n(cn3)C(=O)C,AIDD_Results trypanosoma scaffold 1,AIDD_Results trypanosoma scaffold 1,0,ch; Xr; HEPX+,
,1790,24076,false,false,false,255 255 255 255,false,,,,,,,0,1.5,1.53923,FCC(=O)C1=CCCC(=C12)OC=3C(C2CC)=CC4C(C3)N5N(C(C)=NC5)CCC4=O,AIDD_Results trypanosoma scaffold 1,AIDD_Results trypanosoma scaffold 1,0,Xr+; HEPX; 2C19,
,1791,24262,false,false,false,255 255 255 255,false,,,,,,,0.2485,1,1.539,C1CNNC=C1C(O)c(cc2C#N)cc3n(C)c(c4c23)c(=O)n(cn4)C(=O)C,AIDD_Results trypanosoma scaffold 1,AIDD_Results trypanosoma scaffold 1,0,ch; MUT; 1A2,
,1792,10109,false,false,false,255 255 255 255,false,,,,,,,0.0400325,0.5,1.54003,CN(C)CCCN(c(c12)n(C)cc1)c3c(S2=O)c(cc(c3)CN)-c4cnc[nH]4,AIDD_Results trypanosoma scaffold 1,AIDD_Results trypanosoma scaffold 1,0,Peff; Xm+; 2C19,
,1793,22645,false,false,false,255 255 255 255,false,,,,,,,0.0401748,1.5,1.54017,C1CN(CO2)C[C@@H](C12)c3c(n4c(c35)c(=O)ocn5)N=CCCS4(=O)=O,AIDD_Results trypanosoma scaffold 1,AIDD_Results trypanosoma scaffold 1,0,HBA; Xr-; MUT,
,1794,12159,false,false,false,255 255 255 255,false,,,,,,,0.218047,1.32427,1.54232,OC1CN(CC2)C[C@@H](C12F)C(=O)N(C=C(S3)C#N)c(c34)cccc4C(=O)O,AIDD_Results trypanosoma scaffold 1,AIDD_Results trypanosoma scaffold 1,0,Peff; Xr; Xm,
,1795,17057,false,false,false,255 255 255 255,false,,,,,,,0,1.5,1.54171,C1CN(CO2)C[C@@H](C12)c3c(N=COCC4=O)n4c(c35)CCCN5,AIDD_Results trypanosoma scaffold 1,AIDD_Results trypanosoma scaffold 1,0,Xr-; MUT; 2D6,
,1796,22491,false,false,false,255 255 255 255,false,,,,,,,0,1,1.54507,c1cc(C)cc(c12)NN3C(C2=O)=NC(CC3=S)c4ccccc4,AIDD_Results trypanosoma scaffold 1,AIDD_Results trypanosoma scaffold 1,0,fu; Xm,
,1797,10147,false,false,false,255 255 255 255,false,,,,,,,0,1.54614,1.54614,C1CCC(C1=O)C(C2)N(C)C(C23)S(=O)(=O)CCC3=O,AIDD_Results trypanosoma scaffold 1,AIDD_Results trypanosoma scaffold 1,0,Xr; MUT,
,1798,13399,false,false,false,255 255 255 255,false,,,,,,,0.380497,1,1.54586,CC(=O)N1C(=O)CC(C#N)=CC(S2)=C1Cc3c2cc(c(c34)[nH]cn4)C(=O)C5CCN5,AIDD_Results trypanosoma scaffold 1,AIDD_Results trypanosoma scaffold 1,0,Sw; Xr+; Xm+; 3A4,
,1799,21342,false,false,false,255 255 255 255,false,,,,,,,0,1,1.54623,C1CN(CO2)C[C@@H](C12)Cc3ccn(c34)C(=O)CC=N4,AIDD_Results trypanosoma scaffold 1,AIDD_Results trypanosoma scaffold 1,0,MUT; 2D6,
,1800,13878,false,false,false,255 255 255 255,false,,,,,,,0,0.5,1.54736,FC(F)(F)Cc(c1)ccc(c12)S(=O)c3c(cc(CN)cc3)N2COCN(C)C,AIDD_Results trypanosoma scaffold 1,AIDD_Results trypanosoma scaffold 1,0,Xm-; 2C19; 3A4,
,1801,18108,false,false,false,255 255 255 255,false,,,,,,,0.047,1.5,1.547,o1cnc(c12)n3c(c2)N(C(=O)C)N4C(C3=O)=NC=C(C)S4(=O)=O,AIDD_Results trypanosoma scaffold 1,AIDD_Results trypanosoma scaffold 1,0,ch; Xr-; MUT,
,1802,8741,false,false,false,255 255 255 255,false,,,,,,,1,0.5,1.54776,c1cc(=S)n(C(=O)O)c(c12)N(C=CS2)C[C@H](C34)CN(CC3O)C(C4)C(OC)C(C)c5ncco5,AIDD_Results trypanosoma scaffold 1,AIDD_Results trypanosoma scaffold 1,0,Size; fu; Xr-,
,1803,17780,false,false,false,255 255 255 255,false,,,,,,,0.0663728,0,1.55004,CC(=O)Nc(cc1Br)c(=O)n(c12)CN(C=C2)C(=O)[C@H](C34F)CN(C(C)C3)CC4,AIDD_Results trypanosoma scaffold 1,AIDD_Results trypanosoma scaffold 1,0,Size; 2D6; 3A4,
,1804,9700,false,false,false,255 255 255 255,false,,,,,,,1,0.5,1.55109,c1cc(=S)n(C(=O)O)c(c12)N(C=CS2)C[C@H](C34)CN(CC3O)C(C4)C(OC)C(C)c5cocn5,AIDD_Results trypanosoma scaffold 1,AIDD_Results trypanosoma scaffold 1,0,Size; fu; Xr-,
,1805,8718,false,false,false,255 255 255 255,false,,,,,,,0.461,0.512849,1.5533,N=CC1=CC(C(=O)C)CC(N2C=O)=C1Sc(c23)ncn(c3=O)C(=O)CC4=CCNC=C4,AIDD_Results trypanosoma scaffold 1,AIDD_Results trypanosoma scaffold 1,0,Size; ch; Xr; HEPX+; 3A4; CL-,
,1806,16520,false,false,false,255 255 255 255,false,,,,,,,0.05395,1.5,1.55395,O1CNC(C)C1C(=O)N2C(CC=CN=C3)N3C(=O)c4c2c(F)cc(c45)NCO5,AIDD_Results trypanosoma scaffold 1,AIDD_Results trypanosoma scaffold 1,0,HBA; Xr-; MUT,
,1807,21295,false,false,false,255 255 255 255,false,,,,,,,0.30011,1,1.55805,CC(=O)N1C(=O)CC=C(C#N)C(S2)=C1Cc3c2cc(c(c34)[nH]cn4)C(=O)C5CCN5,AIDD_Results trypanosoma scaffold 1,AIDD_Results trypanosoma scaffold 1,0,Sw; Xr+; Xm+; 3A4,
,1808,24815,false,false,false,255 255 255 255,false,,,,,,,1.05864,0.5,1.55864,C1NC(=O)C=C(S2=O)C1CN(C(C)C(CCF)NC)c(c23)cc(C)cc3C(C4=O)Cc(c45)nco5,AIDD_Results trypanosoma scaffold 1,AIDD_Results trypanosoma scaffold 1,0,Size; ch; Xr-,
,1809,19446,false,false,false,255 255 255 255,false,,,,,,,0,1.55975,1.55975,C1CCCC(C12)C3C(=CC=2C(F)(F)F)N(C)n4c(S3=O)cc(CN)cc4=O,AIDD_Results trypanosoma scaffold 1,AIDD_Results trypanosoma scaffold 1,0,Xr; Xm,
,1810,19966,false,false,false,255 255 255 255,false,,,,,,,1.0635,0.5,1.5635,O=C(O)c1coc(n1)C(C)C(OC)C(C2)N(CC3)C[C@@H](C23)CN(C=CS4)c(c45)n(C(=O)O)c(=S)cc5,AIDD_Results trypanosoma scaffold 1,AIDD_Results trypanosoma scaffold 1,0,Size; ch; Xr-,
,1811,1007,false,false,false,255 255 255 255,false,,,,,,,0.00605194,0.5,1.56499,O=C(O)c1c(Cl)ccc(c12)Sc3c(C/2=C\C)ccc(c3)C(=O)O,AIDD_Results trypanosoma scaffold 1,AIDD_Results trypanosoma scaffold 1,0,Kow; fu; Xm+; 1A2,
,1812,9268,false,false,false,255 255 255 255,false,,,,,,,0,1.5663,1.5663,CC(O1)NCC1C(=O)N(c(c23)cccc2)N4C(C3)=NC=C(F)C(=O)C4,AIDD_Results trypanosoma scaffold 1,AIDD_Results trypanosoma scaffold 1,0,Xr; Xm; MUT,
,1813,6763,false,false,false,255 255 255 255,false,,,,,,,0.461,1.10596,1.56696,N=CC1=CC(C(=O)C)CC(N2C=O)=C1Sc(c23)ncn(c3=O)C(=O)CC4=CCNCC4,AIDD_Results trypanosoma scaffold 1,AIDD_Results trypanosoma scaffold 1,0,Size; ch; Xm; HEPX,
,1814,19255,false,false,false,255 255 255 255,false,,,,,,,0,1.56663,1.56663,C1CN(CC2)C[C@@H](C12)C(F)c3c(N=COC(=O)C4)n4c(c35)cccc5Cl,AIDD_Results trypanosoma scaffold 1,AIDD_Results trypanosoma scaffold 1,0,hERG; Xr-; MUT,
,1815,11041,false,false,false,255 255 255 255,false,,,,,,,0.0682517,0.5,1.56825,CN1CCC(CC1C(=O)N)N2C(C=CCC3)=C3S(=O)c(c24)ccc(c4)CN,AIDD_Results trypanosoma scaffold 1,AIDD_Results trypanosoma scaffold 1,0,HBD; Xm+; 2C19,
,1816,15258,false,false,false,255 255 255 255,false,,,,,,,0,0.5,1.5696,O=C(O)c1cccc(c12)SC=CN2C[C@H](C34)CN(CC3)C(O4)c5ccoc5,AIDD_Results trypanosoma scaffold 1,AIDD_Results trypanosoma scaffold 1,0,fu; Xr-; 2C19,
,1817,18868,false,false,false,255 255 255 255,false,,,,,,,0.571777,1,1.57178,O=C(O)c1c(=O)n(ccc1)C(S2)=CN(C[C@H](C34F)CN(CS4)CC3)C=C2c5cncs5,AIDD_Results trypanosoma scaffold 1,AIDD_Results trypanosoma scaffold 1,0,Size; Xr-; Xm+,
,1818,21663,false,false,false,255 255 255 255,false,,,,,,,0,1.39677,1.57275,[O-][N+](=O)c(c1)sc(c12)CC3C(C2)CC4N3CCC4,AIDD_Results trypanosoma scaffold 1,AIDD_Results trypanosoma scaffold 1,0,Xm; MUT; 2D6,
,1819,5064,false,false,false,255 255 255 255,false,,,,,,,0,0,1.57413,C1CNCC=C1CC(=O)c(cc2)cc3n(C)c(c4c23)cc(cn4)C(=O)C,AIDD_Results trypanosoma scaffold 1,AIDD_Results trypanosoma scaffold 1,0,Vd; 1A2; 2D6,
,1820,19629,false,false,false,255 255 255 255,false,,,,,,,0,0,1.57693,c1csc(c12)c(Cl)c(C(=O)C)c3c2Oc4c(C3)ccn4C(=O)O,AIDD_Results trypanosoma scaffold 1,AIDD_Results trypanosoma scaffold 1,0,fu; 1A2,
,1821,17945,false,false,false,255 255 255 255,false,,,,,,,0,0,1.58403,FC(F)(F)c(c1)c(=O)n(C)c(c12)S(=O)c3c(cc(C)cn3)N2CCCN(C)CO,AIDD_Results trypanosoma scaffold 1,AIDD_Results trypanosoma scaffold 1,0,fu-; Vd-; 3A4; CL-,
,1822,19666,false,false,false,255 255 255 255,false,,,,,,,0.0732265,1.51148,1.58471,CC(=O)n(c1=O)cnc(c12)SC3C(N2C=O)C(C(C=C3)S(=O)(=O)C)C4=CCNCC4,AIDD_Results trypanosoma scaffold 1,AIDD_Results trypanosoma scaffold 1,0,Size; HBA; Xm; HEPX,
,1823,21114,false,false,false,255 255 255 255,false,,,,,,,0.858356,0.5,1.58537,n1coc(c12)c3c(cc2C(=O)O)SC=4C(=C(CC)CCC4)N3CCCN5CCNCC5=O,AIDD_Results trypanosoma scaffold 1,AIDD_Results trypanosoma scaffold 1,0,Size; Peff; fu; Xr-,
,1824,6129,false,false,false,255 255 255 255,false,,,,,,,1,0.585886,1.58589,C1CNCCN1C#CC(F)C(N2)=CS(=O)(=O)c(c23)ncn(c3=O)CC,AIDD_Results trypanosoma scaffold 1,AIDD_Results trypanosoma scaffold 1,0,Peff; Xr; Xm,
,1825,21276,false,false,false,255 255 255 255,false,,,,,,,0.087056,1.5,1.58706,OC1CN(CC2)C[C@@H](C12)CN(CCS3)n(c34)c(=O)ccc4-c5nc(Br)on5,AIDD_Results trypanosoma scaffold 1,AIDD_Results trypanosoma scaffold 1,0,Size; Xr-; Xm,
,1826,21178,false,false,false,255 255 255 255,false,,,,,,,0.588,1,1.588,n1cncn1-c(n(c2=O)C(=O)C)nc(S3)c2N(C(=O)C)n(c34)cc(c4)C=N,AIDD_Results trypanosoma scaffold 1,AIDD_Results trypanosoma scaffold 1,0,ch; Xr-; Xm+,
,1827,4948,false,false,false,255 255 255 255,false,,,,,,,0.0920454,1.5,1.59205,CCN(CO1)CC1CN2N(S(=O)(=O)C(C)=CN3)C=3C(=O)c4c2ccc(c45)nco5,AIDD_Results trypanosoma scaffold 1,AIDD_Results trypanosoma scaffold 1,0,HBA; Xr-; MUT,
,1828,8557,false,false,false,255 255 255 255,false,,,,,,,0.869569,0.5,1.5925,c1cc(Cl)c(C)cc1C(=O)C(C)[N+](C)(C)C(C(=O)N)CCN2C=CSc(c23)ccc(Cl)c3,AIDD_Results trypanosoma scaffold 1,AIDD_Results trypanosoma scaffold 1,0,Size; Xm+; 2D6,
,1829,21648,false,false,false,255 255 255 255,false,,,,,,,0,1,1.59243,C1CN(CC2)C[C@@H](C12)CN(C(C34)CCC3)C5N(C4)COC5,AIDD_Results trypanosoma scaffold 1,AIDD_Results trypanosoma scaffold 1,0,Xr-; Xm-; 3A4; CL-,
,1830,19507,false,false,false,255 255 255 255,false,,,,,,,0,1,1.59393,C1CCNC(C12)CCCC2,AIDD_Results trypanosoma scaffold 1,AIDD_Results trypanosoma scaffold 1,0,HEPX; 2D6; CL-,
,1831,4484,false,false,false,255 255 255 255,false,,,,,,,1,0.5,1.59585,C/C=C\1CCCc(c12)cccc2,AIDD_Results trypanosoma scaffold 1,AIDD_Results trypanosoma scaffold 1,0,Kow; HEPX+; CL,
,1832,19335,false,false,false,255 255 255 255,false,,,,,,,0,1.59828,1.59828,CCC(=O)C(C1)=CC(C12)SC=NC\2=C\[C@H](C34)CN(CC3)CC4,AIDD_Results trypanosoma scaffold 1,AIDD_Results trypanosoma scaffold 1,0,Xm; HEPX,
,1833,20204,false,false,false,255 255 255 255,false,,,,,,,1.09844,0.5,1.59844,CC(O)C1CC(=O)C=C(S2=O)C1CNc(c2c34)n(c3[nH]cn4)Cc5ncon5,AIDD_Results trypanosoma scaffold 1,AIDD_Results trypanosoma scaffold 1,0,ch; Peff; Xr+,
,1834,9879,false,false,false,255 255 255 255,false,,,,,,,0.6,1,1.6,c1cccc(c12)c3c(cc2C(=O)C)N(C=O)c4c(O3)ncn(c4=O)C(=O)CC5=CCNCC5,AIDD_Results trypanosoma scaffold 1,AIDD_Results trypanosoma scaffold 1,0,Size; Xr-; Xm-,
,1835,16278,false,false,false,255 255 255 255,false,,,,,,,0.6,1,1.6,FCC(=O)C(=C1F)CC(C=N)C(=C12)CC=3C(N2C(=O)C)=CC4C(C3)N5N(CC4=O)CCNC5,AIDD_Results trypanosoma scaffold 1,AIDD_Results trypanosoma scaffold 1,0,Size; Xr+; Xm-,
,1836,11572,false,false,false,255 255 255 255,false,,,,,,,0,1.60145,1.60145,CNC(=O)c(cc1)cc(c12)N(CC(C)(CC34)N(CC3)CC4)C5C2CCN5,AIDD_Results trypanosoma scaffold 1,AIDD_Results trypanosoma scaffold 1,0,rat; Xr-; Xm+,
,1837,13569,false,false,false,255 255 255 255,false,,,,,,,0,1.60223,1.60223,O=C1CCC(C12)CN3C2CC4C3S(=O)(=O)COC4=O,AIDD_Results trypanosoma scaffold 1,AIDD_Results trypanosoma scaffold 1,0,Xr; MUT,
,1838,13999,false,false,false,255 255 255 255,false,,,,,,,0,1.5,1.60337,C1CN(CC2)C[C@@H](C12)C(=O)N(n(c34)c(Br)nc3)c5c(S4)c[nH]c(=O)c5,AIDD_Results trypanosoma scaffold 1,AIDD_Results trypanosoma scaffold 1,0,Xr-; Xm; 3A4,
,1839,5127,false,false,false,255 255 255 255,false,,,,,,,0.104485,1.5,1.60449,CCN(CO1)CC1CN2N(S(=O)(=O)C(C)=CN3)C=3C(=O)c4c2ccc(c45)ocn5,AIDD_Results trypanosoma scaffold 1,AIDD_Results trypanosoma scaffold 1,0,HBA; Xr-; MUT,
,1840,21139,false,false,false,255 255 255 255,false,,,,,,,0,1.5,1.60546,c1nc(C(F)(F)F)cc(c12)n3c(N=COCC3=O)c2CC(CC45)N(CO5)CC4,AIDD_Results trypanosoma scaffold 1,AIDD_Results trypanosoma scaffold 1,0,Xr-; MUT; 3A4,
,1841,14922,false,false,false,255 255 255 255,false,,,,,,,0,1.60734,1.60734,C1CN(CC2)C[C@@H](C12)CC(=O)N(n(c34)cnc3)c5c(S4)cc(=O)oc5,AIDD_Results trypanosoma scaffold 1,AIDD_Results trypanosoma scaffold 1,0,hERG; Xr-; Xm,
,1842,24281,false,false,false,255 255 255 255,false,,,,,,,0,1.5,1.60796,n1cccnc1CC(=O)C=2CCC(C23)C(N=CS3)C[C@H](C45)CN(CC4)CC5,AIDD_Results trypanosoma scaffold 1,AIDD_Results trypanosoma scaffold 1,0,Xr-; Xm; 3A4,
,1843,24805,false,false,false,255 255 255 255,false,,,,,,,0,1.60866,1.60866,CC(=O)c(cc1)cc(N2C=O)c1CC(=C23)N=CC(C)C3=O,AIDD_Results trypanosoma scaffold 1,AIDD_Results trypanosoma scaffold 1,0,Xr; MUT,
,1844,7864,false,false,false,255 255 255 255,false,,,,,,,1.10955,0.5,1.60955,O1CCN(C)C/C1=C(\c2ncon2)N3c([nH]c(=O)cc4)c4Oc(c35)[nH]c(=O)cc5,AIDD_Results trypanosoma scaffold 1,AIDD_Results trypanosoma scaffold 1,0,ch; Peff; Xr-,
,1845,14087,false,false,false,255 255 255 255,false,,,,,,,0,0.610128,1.61013,CN(C)C(=O)C(N)CN(C1)c(cc(C)cc2)c2S(=O)C(C1=3)NC(=O)C3,AIDD_Results trypanosoma scaffold 1,AIDD_Results trypanosoma scaffold 1,0,Xr; 2C19,
,1846,15099,false,false,false,255 255 255 255,false,,,,,,,0.109793,0.5,1.60979,Nc1cc(CC(F)(F)F)cc(c12)N(COCN(C)C)c3c(S2=O)ccc(c3)CN,AIDD_Results trypanosoma scaffold 1,AIDD_Results trypanosoma scaffold 1,0,HBD; Xm-; 2C19,
,1847,11508,false,false,false,255 255 255 255,false,,,,,,,0,1,1.61465,n1coc(c12)n(C=O)c(F)c2[C@H](C34)CN(CC3)CC4,AIDD_Results trypanosoma scaffold 1,AIDD_Results trypanosoma scaffold 1,0,HEPX; 2D6,
,1848,23337,false,false,false,255 255 255 255,false,,,,,,,0,0,1.61461,N#Cc1c(Br)c(C(=O)O)cc(c12)N(C)c3c(O2)cccc3,AIDD_Results trypanosoma scaffold 1,AIDD_Results trypanosoma scaffold 1,0,1A2; 2C9,
,1849,11535,false,false,false,255 255 255 255,false,,,,,,,0,1.61553,1.61553,C1CN(CC2)C[C@@H](C12)CC(n(c34)c(F)cc3)C5N4C(=O)OC=N5,AIDD_Results trypanosoma scaffold 1,AIDD_Results trypanosoma scaffold 1,0,rat; Xr-; MUT,
,1850,21233,false,false,false,255 255 255 255,false,,,,,,,0.619432,1,1.61943,c1cc(F)cc(c12)S(=O)c3n(N2CCCN(C)C)c(=O)c(cc3)Cc4ccccc4,AIDD_Results trypanosoma scaffold 1,AIDD_Results trypanosoma scaffold 1,0,Kow; Xm,
,1851,21974,false,false,false,255 255 255 255,false,,,,,,,0,1.61889,1.61889,C12C=CN(CC2)C(C1)CCCN(C=CS3)n(c34)c(=O)ccc4,AIDD_Results trypanosoma scaffold 1,AIDD_Results trypanosoma scaffold 1,0,hERG; Xm,
,1852,24866,false,false,false,255 255 255 255,false,,,,,,,0.119292,0.5,1.61929,O=C(O)n1ccc(S2)c1C(CC)c(c3)c2cc(c34)oc(C(F)(F)F)c4,AIDD_Results trypanosoma scaffold 1,AIDD_Results trypanosoma scaffold 1,0,Kow; fu; Xm+,
,1853,7630,false,false,false,255 255 255 255,false,,,,,,,0.6215,1,1.6215,Clc1c(N)ccc(N2C(=O)C)c1S(=O)(=O)c(c23)ncn(c3=O)C(=O)C,AIDD_Results trypanosoma scaffold 1,AIDD_Results trypanosoma scaffold 1,0,ch; HEPX,
,1854,9653,false,false,false,255 255 255 255,false,,,,,,,0.6215,1,1.6215,NC(=O)c1c(C(=O)C)ccc(c12)Sc3c(N2C=O)c(=O)n(cn3)C(=O)C,AIDD_Results trypanosoma scaffold 1,AIDD_Results trypanosoma scaffold 1,0,ch; MUT,
,1855,24749,false,false,false,255 255 255 255,false,,,,,,,0.6215,1,1.6215,FCC(=O)C(=C1)C(=O)C(=C12)Sc3c(c(=O)n(cn3)C(=O)C)N(C2)C(=O)CN,AIDD_Results trypanosoma scaffold 1,AIDD_Results trypanosoma scaffold 1,0,ch; MUT,
,1856,16662,false,false,false,255 255 255 255,false,,,,,,,1.12159,0.5,1.62159,C1CNCC=C1c(ccc2C)c(c23)S(=O)c4c(cc[nH]c4=O)CN3C(C(C5=O)N)CN5C,AIDD_Results trypanosoma scaffold 1,AIDD_Results trypanosoma scaffold 1,0,Size; HBD; Peff; Xr-,
,1857,2238,false,false,false,255 255 255 255,false,,,,,,,0,0.622894,1.62289,C1CN(CC2)C[C@@H](C12)Cn(c(c3c45)cccc3)c4ncoc5=O,AIDD_Results trypanosoma scaffold 1,AIDD_Results trypanosoma scaffold 1,0,hERG; Xr-; 2D6,
,1858,12577,false,false,false,255 255 255 255,false,,,,,,,0.133403,1.5,1.6334,C1CN(CC2)C[C@@H](C12)Cc(c(c34)oc(N)c3N)n5c4C(=O)C=CC5,AIDD_Results trypanosoma scaffold 1,AIDD_Results trypanosoma scaffold 1,0,HBD; Xr-; MUT,
,1859,5553,false,false,false,255 255 255 255,false,,,,,,,0,1,1.63607,CS(=O)(=O)c(cc1)c(F)cc1C(SC=C2C#N)=CN2[C@H](N34)CN(CC3)CC4,AIDD_Results trypanosoma scaffold 1,AIDD_Results trypanosoma scaffold 1,0,Xr-; Xm-; 2C9; CL-,
,1860,6055,false,false,false,255 255 255 255,false,,,,,,,0,1,1.63607,CS(=O)(=O)c(cc1)c(F)cc1C(SC=C2C#N)=CN2C(N34)CN(CC3)CC4,AIDD_Results trypanosoma scaffold 1,AIDD_Results trypanosoma scaffold 1,0,Xr-; Xm-; 2C9; CL-,
,1861,17273,false,false,false,255 255 255 255,false,,,,,,,0.638122,1,1.63812,O1CN(C)CC1C(=O)N2N(CC(=O)C=C(N3)C)C=3C(=O)C4=C2CC(O)c(c45)nco5,AIDD_Results trypanosoma scaffold 1,AIDD_Results trypanosoma scaffold 1,0,HBA; ch; Xr-; Xm-,
,1862,19825,false,false,false,255 255 255 255,false,,,,,,,0.13833,1.5,1.63833,O=C(O)C(C1)N(CS2)[C@@H](C12)c3c(N=COCC4=O)c4cc(c35)cccc5,AIDD_Results trypanosoma scaffold 1,AIDD_Results trypanosoma scaffold 1,0,Peff; Xr-; MUT,
,1863,16210,false,false,false,255 255 255 255,false,,,,,,,0,1.6414,1.6414,N#Cc1nc(no1)C2=CCC=C(C(O3)C=CC3=O)C2CCC(CC45)N(CC4)CC5,AIDD_Results trypanosoma scaffold 1,AIDD_Results trypanosoma scaffold 1,0,hERG-; Xr-; HEPX,
,1864,24047,false,false,false,255 255 255 255,false,,,,,,,1.1405,0.5,1.6405,n1cncn1CC(=O)n(c(c23)cc(c2=O)C(=O)CF)c4c(s3)ncn(c4=O)C(=O)CC,AIDD_Results trypanosoma scaffold 1,AIDD_Results trypanosoma scaffold 1,0,Size; ch; Xm+,
,1865,15949,false,false,false,255 255 255 255,false,,,,,,,0.144189,1.5,1.64419,n1coc(c12)c3c(cc2)N(C(=O)C4(O)CN(C)CO4)N5C(C3)=NC=CC(=O)C5,AIDD_Results trypanosoma scaffold 1,AIDD_Results trypanosoma scaffold 1,0,HBA; Xr+; MUT,
,1866,25272,false,false,false,255 255 255 255,false,,,,,,,1,0.5,1.64366,CC(=O)NC(CN(C)C1)C\C1=C\N(N2C(C3=O)=NC(CF)=CC(=O)C2)C(=C34)CCc5c4ccc(=O)o5,AIDD_Results trypanosoma scaffold 1,AIDD_Results trypanosoma scaffold 1,0,Size; Xr-; 3A4,
,1867,8441,false,false,false,255 255 255 255,false,,,,,,,0.145029,0.5,1.64503,FCCCCc(c1C(=O)O)c(ccc1)Sc(ccc2)cc2-c3nnn[nH]3,AIDD_Results trypanosoma scaffold 1,AIDD_Results trypanosoma scaffold 1,0,Kow; fu; Xm+,
,1868,20402,false,false,false,255 255 255 255,false,,,,,,,0.1465,1.5,1.6465,OCN(C)CCC(=O)N1N(CC(=O)C(C)=CN2)C=2C(=O)c3c1c(F)cc(c34)nco4,AIDD_Results trypanosoma scaffold 1,AIDD_Results trypanosoma scaffold 1,0,ch; Xm+; HEPX,
,1869,24937,false,false,false,255 255 255 255,false,,,,,,,0,1.5,1.64664,C1C(=O)COC(C=12)N(N=C2)C(=O)C[C@H]3CN(CC4)C(C5C34)CCCC5,AIDD_Results trypanosoma scaffold 1,AIDD_Results trypanosoma scaffold 1,0,Xr-; Xm; 2D6,
,1870,25373,false,false,false,255 255 255 255,false,,,,,,,0.1465,1.5,1.6465,n1coc(c12)c3c(cc2F)N(C(=O)CCN(C)CO)N4C(C3=O)=NC=C(C)C(=O)C4,AIDD_Results trypanosoma scaffold 1,AIDD_Results trypanosoma scaffold 1,0,ch; Xm+; HEPX,
,1871,21381,false,false,false,255 255 255 255,false,,,,,,,0,1.5,1.648,CC(=O)NC1C(N)CCc(c12)n(c(=O)cc2)C[C@H](C34)CN(CC4)C(C3)n5cncn5,AIDD_Results trypanosoma scaffold 1,AIDD_Results trypanosoma scaffold 1,0,Xr-; Xm; 3A4,
,1872,23529,false,false,false,255 255 255 255,false,,,,,,,0,1,1.64778,N1=COCC(=O)c(c12)cccc2C(CC34)N(CO4)CC3,AIDD_Results trypanosoma scaffold 1,AIDD_Results trypanosoma scaffold 1,0,MUT; 1A2,
,1873,24154,false,false,false,255 255 255 255,false,,,,,,,0.2,1.44854,1.64854,C1C(=O)CCC=C(C2O)N1N(C(=O)C3CCN(C)C3)c(c24)ccc(c4)C5=CCNCC5,AIDD_Results trypanosoma scaffold 1,AIDD_Results trypanosoma scaffold 1,0,Size; rat; Xr-; Xm+,
,1874,17185,false,false,false,255 255 255 255,false,,,,,,,0.156188,1.5,1.65619,O=S1(=O)C(C)=CN=C(C2=O)N1N(/C=C3\CNCO3)c(c4)c2cc(c45)OCN5C,AIDD_Results trypanosoma scaffold 1,AIDD_Results trypanosoma scaffold 1,0,HBA; Xr-; MUT,
,1875,23205,false,false,false,255 255 255 255,false,,,,,,,0,1,1.65592,N#CC1N(N=CN1)C(C)n(ccc2=O)c(c23)SC=CN3C[C@H](C45F)CN(CC4)CC5,AIDD_Results trypanosoma scaffold 1,AIDD_Results trypanosoma scaffold 1,0,Xr+; Xm+; 3A4,
,1876,16451,false,false,false,255 255 255 255,false,,,,,,,0,1,1.65722,C1CN(CC2)C[C@@H](C12)C(=O)n(c(c3c45)SC=CO3)c4ccc(c5)CN,AIDD_Results trypanosoma scaffold 1,AIDD_Results trypanosoma scaffold 1,0,Xr-; Xm+; 1A2; 2D6,
,1877,7015,false,false,false,255 255 255 255,false,,,,,,,0,1.65803,1.65803,C1CN(CC2)C[C@@H](C12F)CCN(C=CS3)n(c34)c(=O)ccc4-c5ncon5,AIDD_Results trypanosoma scaffold 1,AIDD_Results trypanosoma scaffold 1,0,hERG; Xr-; Xm,
,1878,12212,false,false,false,255 255 255 255,false,,,,,,,0.158429,1.5,1.65843,n1coc(c12)c3c(cc2)N(C(=O)C4(O)CN(C)CO4)N5C(C3)=NC=C(C)C(=O)C5,AIDD_Results trypanosoma scaffold 1,AIDD_Results trypanosoma scaffold 1,0,HBA; Xr+; MUT,
,1879,15208,false,false,false,255 255 255 255,false,,,,,,,0.087056,1.5,1.65803,C1C(O)N(CC2)C[C@@H](C12)CN(CCS3)n(c34)c(=O)ccc4-c5nc(Br)on5,AIDD_Results trypanosoma scaffold 1,AIDD_Results trypanosoma scaffold 1,0,Size; Xr-; Xm; 3A4,
,1880,8064,false,false,false,255 255 255 255,false,,,,,,,0,0.5,1.66223,FC(F)(F)Cc(c1)ccc(c12)S(=O)c3c(cc(CN)cc3)N2CCCN(C)C,AIDD_Results trypanosoma scaffold 1,AIDD_Results trypanosoma scaffold 1,0,Xm+; 2C19; 3A4,
,1881,9115,false,false,false,255 255 255 255,false,,,,,,,1.41228,0.249801,1.66208,NC(=O)c1cccc(c12)Sc3c(ccc(F)c3)N2CCC[N+](C)(C)Cn4cnccc4=S,AIDD_Results trypanosoma scaffold 1,AIDD_Results trypanosoma scaffold 1,0,Size; Peff; Xm,
,1882,22574,false,false,false,255 255 255 255,false,,,,,,,0.165592,1.5,1.66559,NC(=O)C(=C1)CCC(=C12)S(=O)c3n(c(=O)c(CN)cc3)N2C(CC4C)CCN4C,AIDD_Results trypanosoma scaffold 1,AIDD_Results trypanosoma scaffold 1,0,HBD; Peff; Xm+; HEPX,
,1883,20779,false,false,false,255 255 255 255,false,,,,,,,0,1.67118,1.67118,N1C=NCc(c12)n3c(c2C)N=CC4N(C3=O)S(=O)(=O)CC4,AIDD_Results trypanosoma scaffold 1,AIDD_Results trypanosoma scaffold 1,0,Xr; MUT,
,1884,18146,false,false,false,255 255 255 255,false,,,,,,,0,1.67209,1.67209,n1ocnc1CC(=O)C(C2)CC(C=23)C(N=CS3)C[C@H](C45)CN(CC4)CC5,AIDD_Results trypanosoma scaffold 1,AIDD_Results trypanosoma scaffold 1,0,hERG; Xr-; Xm,
,1885,21917,false,false,false,255 255 255 255,false,,,,,,,0.6,1.07174,1.67174,C1CNCC=C1Cc2cc(c(=O)n(cn3)C(=O)C)c3c(c24)c(C=N)ccc4C5=CCNCC5,AIDD_Results trypanosoma scaffold 1,AIDD_Results trypanosoma scaffold 1,0,Size; rat; Xr-; Xm+,
,1886,23003,false,false,false,255 255 255 255,false,,,,,,,0,1,1.67153,NC(=O)Cc(c1)ccc(C2=O)c1NN(C3=S)C2=NC4C3Cc(c45)cccc5,AIDD_Results trypanosoma scaffold 1,AIDD_Results trypanosoma scaffold 1,0,fu; Xr-; Xm+,
,1887,25227,false,false,false,255 255 255 255,false,,,,,,,0.0155865,1,1.67154,O=C(O)c1cc(c(CC)cc1)C2=CN(C=CS2)CC(CC3CC4)N4n(c35)ccc5,AIDD_Results trypanosoma scaffold 1,AIDD_Results trypanosoma scaffold 1,0,Sw; fu; Xr-; Xm+,
,1888,10854,false,false,false,255 255 255 255,false,,,,,,,0,0,1.67309,C1CN(CC2)C[C@@H](C12)Cc(c3)ccc(c34)C=CCC4=O,AIDD_Results trypanosoma scaffold 1,AIDD_Results trypanosoma scaffold 1,0,Vd; 2D6,
,1889,12535,false,false,false,255 255 255 255,false,,,,,,,0.173102,1.5,1.6731,n1coc(c12)c3c(cc2)N(C(=O)C4(O)CN(C)CO4)N5C(C3)=NC=C(CC)C(=O)C5,AIDD_Results trypanosoma scaffold 1,AIDD_Results trypanosoma scaffold 1,0,HBA; Xr+; MUT,
,1890,20123,false,false,false,255 255 255 255,false,,,,,,,0,1,1.67255,CC(=O)c(c1)cc(O)c(n2C(=O)C)c1oc(cc3)c2c(c34)ncc4=O,AIDD_Results trypanosoma scaffold 1,AIDD_Results trypanosoma scaffold 1,0,fu; MUT,
,1891,25270,false,false,false,255 255 255 255,false,,,,,,,0,1.67424,1.67424,C1CN(CC2)C[C@@H](C12)C/C=C(N=CS3)/C(C3=4)CCC(=O)C4,AIDD_Results trypanosoma scaffold 1,AIDD_Results trypanosoma scaffold 1,0,Xm; HEPX,
,1892,25017,false,false,false,255 255 255 255,false,,,,,,,0,1.67475,1.67475,C1CN(CC2)CC(C12)C=3C(C=CC(=O)C4)C4N(C35)C(=O)OC=N5,AIDD_Results trypanosoma scaffold 1,AIDD_Results trypanosoma scaffold 1,0,rat; Xr-; HEPX,
,1893,23756,false,false,false,255 255 255 255,false,,,,,,,0.4,1.27965,1.67965,N=Cc(c1=O)ccc(S2=O)n1N(c(c23)cccc3C)CC4CN(C)C(O4)c5ccccc5,AIDD_Results trypanosoma scaffold 1,AIDD_Results trypanosoma scaffold 1,0,Size; Xr-; Xm,
,1894,14348,false,false,false,255 255 255 255,false,,,,,,,1.1813,0.5,1.6813,O1CN(C)C(=O)C1(O)CC(=O)N(c(c23)cc(=O)oc2)n4c(C3)nccc4=O,AIDD_Results trypanosoma scaffold 1,AIDD_Results trypanosoma scaffold 1,0,HBA; ch; Xm+,
,1895,21351,false,false,false,255 255 255 255,false,,,,,,,0.683333,0,1.68333,Oc1cc(Cl)cc(c12)N(C(=O)C(C3=O)CCO3)c4c(S2)ccc(c4)S(=O)(=O)N,AIDD_Results trypanosoma scaffold 1,AIDD_Results trypanosoma scaffold 1,0,HBA; ch; fu,
,1896,15795,false,false,false,255 255 255 255,false,,,,,,,0,1.13646,1.68708,CCNc(c1)ccc(c12)N(C3C2CCN3)[C@H](C45)CN(CC4)CC5,AIDD_Results trypanosoma scaffold 1,AIDD_Results trypanosoma scaffold 1,0,rat; Xr-; Xm-; 2D6; 3A4,
,1897,24961,false,false,false,255 255 255 255,false,,,,,,,0,1.68738,1.68738,C1C(=O)C=CN=C(C2=O)N1N(/C=C3/C(O)CN(C)C3)C(=C24)CCc5c4ccc(=O)o5,AIDD_Results trypanosoma scaffold 1,AIDD_Results trypanosoma scaffold 1,0,Xr-; Xm; MUT,
,1898,9710,false,false,false,255 255 255 255,false,,,,,,,0,1.5,1.69594,CN(C1)CCC1CN(c(c23)cccc3)N4C(C2=O)=NC(=C(C)C(=O)C4)c5ncco5,AIDD_Results trypanosoma scaffold 1,AIDD_Results trypanosoma scaffold 1,0,Vd; Xr-; Xm,
,1899,11712,false,false,false,255 255 255 255,false,,,,,,,0,1,1.69768,c1cc(F)c(S(=O)(=O)C)cc1C(SC=C2C#N)=CN2[C@H](N34)CN(CC3)CC4,AIDD_Results trypanosoma scaffold 1,AIDD_Results trypanosoma scaffold 1,0,Xr-; Xm-; 3A4; CL-,
,1900,2433,false,false,false,255 255 255 255,false,,,,,,,0.2,0.5,1.7,Cc(c1)ccc(S2(=O)=O)c1N(C#CC(=O)N(C)C)c(c3C(=O)O)c2cc(c34)cccc4,AIDD_Results trypanosoma scaffold 1,AIDD_Results trypanosoma scaffold 1,0,Size; Xm-; 2C9,
,1901,20917,false,false,false,255 255 255 255,false,,,,,,,0.2,1.5,1.7,c1ccccc1-c(c2)c(C(=O)c3c[nH]cn3)n(c24)N(CC)Cn5c(S4=O)cc(=O)cc5,AIDD_Results trypanosoma scaffold 1,AIDD_Results trypanosoma scaffold 1,0,Size; Xr-; Xm,
,1902,22245,false,false,false,255 255 255 255,false,,,,,,,0.2,0.5031,1.7031,n1ocnc1-c(n2)c(C)cc(N3C#CCN(C)CO)c2S(=O)c(c34)cn(C)c(=O)c4C,AIDD_Results trypanosoma scaffold 1,AIDD_Results trypanosoma scaffold 1,0,Size; Xm; 2C19,
,1903,11672,false,false,false,255 255 255 255,false,,,,,,,0,1,1.70965,O=C(O)c(c1)ccc(c12)SC=CN2[C@H](C34)CN(CC4)C(C3)c5ccco5,AIDD_Results trypanosoma scaffold 1,AIDD_Results trypanosoma scaffold 1,0,fu; Xr-; Xm-,
,1904,16297,false,false,false,255 255 255 255,false,,,,,,,0.209775,1.5,1.70977,N#CC(S1(=O)=O)OC=Nc(c2[C@H](C34)CN(CO3)CS4)n1c(c25)cc(F)cc5,AIDD_Results trypanosoma scaffold 1,AIDD_Results trypanosoma scaffold 1,0,Peff; Xr-; Xm,
,1905,23928,false,false,false,255 255 255 255,false,,,,,,,1.024,0.5,1.71898,CS(=O)(=O)Nc1c(=O)scc(c12)CC(C#N)C(=O)C2/C=C(/C34)CN(CC4)C(C3F)c5ccoc5,AIDD_Results trypanosoma scaffold 1,AIDD_Results trypanosoma scaffold 1,0,Size; ch; fu; Xr-,
,1906,13301,false,false,false,255 255 255 255,false,,,,,,,0.221275,1.5,1.72127,O1CCN(C)CC1/C=c/2n(CC(=O)C=CN3)c=3c(=O)c4c2c(=O)oc(c45)nc(o5)F,AIDD_Results trypanosoma scaffold 1,AIDD_Results trypanosoma scaffold 1,0,HBA; Xr-; MUT,
,1907,6301,false,false,false,255 255 255 255,false,,,,,,,0,1.72211,1.72211,C1CN(CC2)C[C@@H](C12)CN3n(c(=S)ccc4)c4Sc(c35)n(cc5)S(=O)(=O)C,AIDD_Results trypanosoma scaffold 1,AIDD_Results trypanosoma scaffold 1,0,hERG; Xr-; Xm+,
,1908,2733,false,false,false,255 255 255 255,false,,,,,,,0,0,1.72328,c1c(Cl)c(C(F)(F)F)nc(S2)c1N(C3CN(C)CO3)c(c24)[nH]ccc4=O,AIDD_Results trypanosoma scaffold 1,AIDD_Results trypanosoma scaffold 1,0,fu; 2C9,
,1909,25107,false,false,false,255 255 255 255,false,,,,,,,0.7245,1,1.7245,N#CCc(o1)nc(c12)ccc3c2C(=O)C=4N(CC(=O)C=CN4)N3C(=O)C5CCCN(C)C5,AIDD_Results trypanosoma scaffold 1,AIDD_Results trypanosoma scaffold 1,0,Size; ch; Xr-; Xm+,
,1910,22898,false,false,false,255 255 255 255,false,,,,,,,0,1.5,1.72849,O1CN(C)CC1CC2NC(CC=C(N3)CC)C=3C(=O)c4c2ccc(c45)nco5,AIDD_Results trypanosoma scaffold 1,AIDD_Results trypanosoma scaffold 1,0,Xr-; MUT; 2C19,
,1911,23454,false,false,false,255 255 255 255,false,,,,,,,0.22777,1.5,1.72777,O=C1C(Br)=C(C)C(C2F)N1N(C(=O)C3(O)CNCO3)c(cc4)c2c(c45)OCN5,AIDD_Results trypanosoma scaffold 1,AIDD_Results trypanosoma scaffold 1,0,Size; HBA; Xr+; MUT,
,1912,13345,false,false,false,255 255 255 255,false,,,,,,,0.871521,0.865175,1.7367,C1=COCC=C1C(F)(F)C(=C2)CCC(C)C(=C23)S(=O)c4n(c(=O)ccc4)N3CC(O)CN(C)C,AIDD_Results trypanosoma scaffold 1,AIDD_Results trypanosoma scaffold 1,0,Size; Xm,
,1913,3428,false,false,false,255 255 255 255,false,,,,,,,0.331658,1,1.74169,c1c(Cl)c(=O)[nH]c(S2)c1N(C#CCN(C)C)c(oc3=O)c2c(c34)occ4,AIDD_Results trypanosoma scaffold 1,AIDD_Results trypanosoma scaffold 1,0,Peff; Sw; fu; MUT,
,1914,23203,false,false,false,255 255 255 255,false,,,,,,,0.244468,1.5,1.74447,NC(=O)C1C(NCN1)c(cn2)c(=O)n(N3C)c2Sc4c3cc(Cl)c(c45)COC5,AIDD_Results trypanosoma scaffold 1,AIDD_Results trypanosoma scaffold 1,0,HBD; Xr+; Xm,
,1915,25190,false,false,false,255 255 255 255,false,,,,,,,0.245336,1.5,1.74534,O1CN(C)CC1(O)CC(=O)N(c(cc2Br)c3c(c24)ocn4)n5c(C3)nccc5=O,AIDD_Results trypanosoma scaffold 1,AIDD_Results trypanosoma scaffold 1,0,Size; Xr-; MUT,
,1916,18463,false,false,false,255 255 255 255,false,,,,,,,0,1.5,1.74576,C1CN(CC2)C(CC12F)CC3=C(N=COC4=O)N4C(C3=5)CC(=O)OC5,AIDD_Results trypanosoma scaffold 1,AIDD_Results trypanosoma scaffold 1,0,Xr+; HEPX; 2D6,
,1917,15525,false,false,false,255 255 255 255,false,,,,,,,0,1.45085,1.74935,C1CN(CC2)C[C@@H](C12)CC(=CS3)N(S(=O)(=O)C)C(=C34)N=CCC4,AIDD_Results trypanosoma scaffold 1,AIDD_Results trypanosoma scaffold 1,0,Xm; MUT; 3A4,
,1918,16620,false,false,false,255 255 255 255,false,,,,,,,0,1.74889,1.74889,OCN1COCC1Cn2n(c(=O)cc(n3)CF)c3c(=O)c4c2ccc(c45)NCO5,AIDD_Results trypanosoma scaffold 1,AIDD_Results trypanosoma scaffold 1,0,Xr-; Xm; MUT,
,1919,5708,false,false,false,255 255 255 255,false,,,,,,,0,1.75185,1.75185,C1CN(CC2)C[C@@H](C12)CN(c(c34)cc(O)cc4)C5C3CCN5,AIDD_Results trypanosoma scaffold 1,AIDD_Results trypanosoma scaffold 1,0,rat; Xr-; Xm-,
,1920,14252,false,false,false,255 255 255 255,false,,,,,,,0,1.7537,1.7537,C1CN(CC2)C[C@@H](C12)CCN(C=CS3)C=C3C4=CCC(=O)C=C4,AIDD_Results trypanosoma scaffold 1,AIDD_Results trypanosoma scaffold 1,0,hERG+; Xm-; HEPX,
,1921,16614,false,false,false,255 255 255 255,false,,,,,,,0.75542,1,1.75542,CC(=O)N1C(=O)CC(C#N)=CC(S2)=C1Oc3c2cc(c(c34)[nH]cn4)C(=O)C5CCCN5,AIDD_Results trypanosoma scaffold 1,AIDD_Results trypanosoma scaffold 1,0,Size; ch; Sw; Xr+; Xm+,
,1922,20700,false,false,false,255 255 255 255,false,,,,,,,0,0,1.75485,O=C(O)c(c1)c(F)cc(c12)Oc3c(N2C)cccc3,AIDD_Results trypanosoma scaffold 1,AIDD_Results trypanosoma scaffold 1,0,fu; 1A2; 2C9,
,1923,21899,false,false,false,255 255 255 255,false,,,,,,,0,0.5,1.75553,CN(C)CCC(C)NC1C(CCCC1)S(=O)c(nc2)ccc2CN,AIDD_Results trypanosoma scaffold 1,AIDD_Results trypanosoma scaffold 1,0,Xm+; 2C19; 2D6,
,1924,14596,false,false,false,255 255 255 255,false,,,,,,,0,1.75666,1.75666,CC(=O)NC1CN(CC2)C[C@@H](C12)CN3C=CSC(C34)OS(=O)(=O)C=C4,AIDD_Results trypanosoma scaffold 1,AIDD_Results trypanosoma scaffold 1,0,Xm; MUT,
,1925,8227,false,false,false,255 255 255 255,false,,,,,,,0.258,1.5,1.758,O=c1cc(C#N)nc(S2(=O)=O)n1CNN(C2=3)C(=O)C(C)CC3,AIDD_Results trypanosoma scaffold 1,AIDD_Results trypanosoma scaffold 1,0,ch; Xr+; MUT,
,1926,11835,false,false,false,255 255 255 255,false,,,,,,,0,1.5,1.75778,CCN(C)CCCN1n(c(=O)c(CN)cc2)c2S(=O)C(=C13)CCC=C3,AIDD_Results trypanosoma scaffold 1,AIDD_Results trypanosoma scaffold 1,0,Xm+; HEPX; 2D6,
,1927,16009,false,false,false,255 255 255 255,false,,,,,,,0,1.66261,1.75781,C1CN(CC2)C[C@@H](C12F)C(=O)C=3N=CSC(C34)=CCC(C4)O,AIDD_Results trypanosoma scaffold 1,AIDD_Results trypanosoma scaffold 1,0,Xr; Xm; HEPX; 3A4,
,1928,7125,false,false,false,255 255 255 255,false,,,,,,,0,1.76609,1.76609,CN(C1)CCC(C1C)N(c(c23)c([N+]([O-])=O)ccc3)N4C(C2=O)=NC(C)=CC(=O)C4,AIDD_Results trypanosoma scaffold 1,AIDD_Results trypanosoma scaffold 1,0,Xr-; Xm; MUT,
,1929,25062,false,false,false,255 255 255 255,false,,,,,,,0,0.767223,1.76606,C1CN(CC2)C(C)[C@@H](C12)Cn(c(c34)N=C(C#N)C(=O)CO4)cc3-c5ccoc5,AIDD_Results trypanosoma scaffold 1,AIDD_Results trypanosoma scaffold 1,0,hERG; Xr-; 2D6,
,1930,10071,false,false,false,255 255 255 255,false,,,,,,,0,1.69078,1.76749,O=C1CNCCN1Cc2c([nH]cn2)N3c(ccc(=O)[nH]4)c4Sc(c35)cccc5,AIDD_Results trypanosoma scaffold 1,AIDD_Results trypanosoma scaffold 1,0,Xr+; Xm; HEPX; 2C9,
,1931,13464,false,false,false,255 255 255 255,false,,,,,,,0.768737,1,1.76874,NC(=O)c1cc(O)cc(c12)N(CCS2=O)C[C@H](C34)C(N(CC3)CC4)c5cnc[nH]5,AIDD_Results trypanosoma scaffold 1,AIDD_Results trypanosoma scaffold 1,0,HBD; Peff; Xr-; Xm-,
,1932,24309,false,false,false,255 255 255 255,false,,,,,,,0,1.76857,1.76857,CC(O)C(=O)C(C1)=CC(C12)SC=NC\2=C\[C@H](C34)CN(CC3)CC4,AIDD_Results trypanosoma scaffold 1,AIDD_Results trypanosoma scaffold 1,0,Xm; HEPX,
,1933,11125,false,false,false,255 255 255 255,false,,,,,,,0,1.77044,1.77044,CC(O1)NCC1(C)C(=O)N(c(c23)cccc2)N4C(C3)=NC=C(F)C(=O)C4,AIDD_Results trypanosoma scaffold 1,AIDD_Results trypanosoma scaffold 1,0,Xr; MUT,
,1934,14505,false,false,false,255 255 255 255,false,,,,,,,0,1,1.78038,[O-][N+](=O)c1csc(c12)CC3C(O2)CCC3,AIDD_Results trypanosoma scaffold 1,AIDD_Results trypanosoma scaffold 1,0,MUT; 1A2,
,1935,24258,false,false,false,255 255 255 255,false,,,,,,,0.780167,1,1.78017,C1CN(CC2)C(=O)[C@@H](C12)C(C#N)CN(C(C3)N4C=NCC4)c(c35)c(=O)ccn5S(=O)(=O)C,AIDD_Results trypanosoma scaffold 1,AIDD_Results trypanosoma scaffold 1,0,Size; HBA; ch; Xr-; Xm-,
,1936,5044,false,false,false,255 255 255 255,false,,,,,,,0,1.7811,1.7811,C1CN(CC2)C[C@@H](C12F)CN(C=CS3(=O)=O)n(c34)c(=O)ccc4C,AIDD_Results trypanosoma scaffold 1,AIDD_Results trypanosoma scaffold 1,0,Xm; MUT,
,1937,19050,false,false,false,255 255 255 255,false,,,,,,,0.846552,0.938377,1.78493,Cc(c1)[nH]c(S2=O)c1N(CC(N)C(=O)N(C)C)NC(=C23)C=C(C)C3=O,AIDD_Results trypanosoma scaffold 1,AIDD_Results trypanosoma scaffold 1,0,HBD; Peff; Xr,
,1938,11030,false,false,false,255 255 255 255,false,,,,,,,0,1.78954,1.78954,C1CN(CC2)C[C@@H](C12)CC(=O)N(C=CS3)NC3C4=CC(=O)C=CC4,AIDD_Results trypanosoma scaffold 1,AIDD_Results trypanosoma scaffold 1,0,Xm; HEPX,
,1939,6811,false,false,false,255 255 255 255,false,,,,,,,0,1.7907,1.7907,C1CNC(C12)Cc3c(N2)cccc3,AIDD_Results trypanosoma scaffold 1,AIDD_Results trypanosoma scaffold 1,0,Xm; MUT,
,1940,5407,false,false,false,255 255 255 255,false,,,,,,,0,0.792627,1.79263,FCC(=O)C=1CC(CN)C=C(C12)Sc3c(N2C(=O)C)ccc(c3)C(=O)C,AIDD_Results trypanosoma scaffold 1,AIDD_Results trypanosoma scaffold 1,0,Xm; 2C19,
,1941,20194,false,false,false,255 255 255 255,false,,,,,,,0.246237,1.54649,1.79273,CC(=O)c1c(N)c(C)n(c12)NC(=NC2)c3coc(c34)cccc4,AIDD_Results trypanosoma scaffold 1,AIDD_Results trypanosoma scaffold 1,0,Sw; Xr; Xm+; MUT,
,1942,22382,false,false,false,255 255 255 255,false,,,,,,,0.851207,0,1.79943,O=C(O)n(c1=O)cc(Cl)c(O2)c1Nc(c2c34)ccc3CCCC4,AIDD_Results trypanosoma scaffold 1,AIDD_Results trypanosoma scaffold 1,0,Sw; fu,
,1943,7876,false,false,false,255 255 255 255,false,,,,,,,0.8,1,1.8,c1cc(Cl)c(F)cc1C(=O)C[N+](C)(C)C(C2=O)CC(N2)N(CCC3)C=C3c4cc(N)c(F)cc4,AIDD_Results trypanosoma scaffold 1,AIDD_Results trypanosoma scaffold 1,0,Size; HEPX,
,1944,4801,false,false,false,255 255 255 255,false,,,,,,,0,1.7332,1.80109,N#CC(C1)NC(=C12)Cc3n(c(=O)ccc3)N2C[C@H](C45)C(=O)N(CC4)CC5,AIDD_Results trypanosoma scaffold 1,AIDD_Results trypanosoma scaffold 1,0,Xr-; Xm; HEPX; 3A4,
,1945,3496,false,false,false,255 255 255 255,false,,,,,,,1.3104,0.5,1.8104,O=C1COc(c12)c3c(c(C#N)c2)S(=O)(=O)c4c(N3C(=O)C)c(=O)n(cn4)C(=O)C,AIDD_Results trypanosoma scaffold 1,AIDD_Results trypanosoma scaffold 1,0,HBA; ch; Xr-,
,1946,7648,false,false,false,255 255 255 255,false,,,,,,,0,1.52727,1.81032,C1CN(CC2)C(CC12)C3=C(N=COC4=O)N4C(C3=5)CC(=O)OC5,AIDD_Results trypanosoma scaffold 1,AIDD_Results trypanosoma scaffold 1,0,rat; Xr-; HEPX; 2C19,
,1947,14427,false,false,false,255 255 255 255,false,,,,,,,0.8,1.01116,1.81116,FCC(=O)C1=CCC(C#N)C(=C12)OC=3C(N2C(=O)C)=CC4C(C3)N5N(C(C)=NC5)CC(F)C4=O,AIDD_Results trypanosoma scaffold 1,AIDD_Results trypanosoma scaffold 1,0,Size; Xr+; Xm,
,1948,22610,false,false,false,255 255 255 255,false,,,,,,,0.311626,1.5,1.81163,NC(=O)C(C)N(C)CCCN1n(c(=O)c(CN)cc2)c2S(=O)C(=C13)CC=CC3,AIDD_Results trypanosoma scaffold 1,AIDD_Results trypanosoma scaffold 1,0,HBD; Peff; Xm+; HEPX,
,1949,8994,false,false,false,255 255 255 255,false,,,,,,,0.816851,1,1.81685,CS(=O)(=O)NCN(C)CCCN1n(c(=O)c(CN)cc2)c2S(=O)c(c13)cccc3,AIDD_Results trypanosoma scaffold 1,AIDD_Results trypanosoma scaffold 1,0,HBA; ch; Xm,
,1950,7096,false,false,false,255 255 255 255,false,,,,,,,1.31751,0.5,1.81751,Clc1c(N)c(C(=O)C)cc(N2C(=O)C)c1S(=O)(=O)c(c23)ncn(c3=O)C(=O)C,AIDD_Results trypanosoma scaffold 1,AIDD_Results trypanosoma scaffold 1,0,HBA; ch; Xr-,
,1951,16305,false,false,false,255 255 255 255,false,,,,,,,0,1,1.8181,C1CN(CC2)C[C@@H](C12)CN(C3NCC4)C(C5C34)CC(O)CC5,AIDD_Results trypanosoma scaffold 1,AIDD_Results trypanosoma scaffold 1,0,Xr-; Xm-; 3A4; CL-,
,1952,24752,false,false,false,255 255 255 255,false,,,,,,,0,1.82261,1.82261,FCC(=O)N(C1)Cc2sc(c3c12)ncn(c3=O)C(=O)CN,AIDD_Results trypanosoma scaffold 1,AIDD_Results trypanosoma scaffold 1,0,Xr; MUT,
,1953,11085,false,false,false,255 255 255 255,false,,,,,,,0,1,1.82661,C1CN(CC2)C[C@@H](C12)Cc(cc3)n(c34)C=CCC4=O,AIDD_Results trypanosoma scaffold 1,AIDD_Results trypanosoma scaffold 1,0,MUT; 2D6,
,1954,19330,false,false,false,255 255 255 255,false,,,,,,,0,0.827196,1.8272,C1CN(CC2)C[C@@H](C12)Cn(c3)ccc3C4=CSCCC4=O,AIDD_Results trypanosoma scaffold 1,AIDD_Results trypanosoma scaffold 1,0,hERG; Xm; 2D6,
,1955,11062,false,false,false,255 255 255 255,false,,,,,,,0.332044,1.5,1.83204,N#CC(S1(=O)=O)OC=Nc(c2[C@H](C34)CN(CO3)CO4)n1c(c25)cc(F)cc5,AIDD_Results trypanosoma scaffold 1,AIDD_Results trypanosoma scaffold 1,0,HBA; Peff; Xr-; MUT,
,1956,20625,false,false,false,255 255 255 255,false,,,,,,,0,1.5,1.83221,C1CN(CC2)C[C@@H](C12)Cn(c(c34)CC(C#N)N4)n5c3cccc5=O,AIDD_Results trypanosoma scaffold 1,AIDD_Results trypanosoma scaffold 1,0,Xr-; Xm; 2D6,
,1957,24594,false,false,false,255 255 255 255,false,,,,,,,0,1.83645,1.83645,C1CN(CC2)CC(C12)Cc3c(csc(=O)c3)N(C4=O)CN=CO4,AIDD_Results trypanosoma scaffold 1,AIDD_Results trypanosoma scaffold 1,0,Xm; MUT,
,1958,19304,false,false,false,255 255 255 255,false,,,,,,,0,1.84058,1.84058,C1OC(=O)CC(C=12)C(C#N)CC(=O)C2C/C=C(/C34)CN(CC3F)CC4,AIDD_Results trypanosoma scaffold 1,AIDD_Results trypanosoma scaffold 1,0,Xr; HEPX,
,1959,24572,false,false,false,255 255 255 255,false,,,,,,,0.348278,1.5,1.84828,CCC(=O)N(CNC1)CC1c(cn2)c(=O)n(N3C)c2Sc4c3cc(Cl)c(c45)coc5,AIDD_Results trypanosoma scaffold 1,AIDD_Results trypanosoma scaffold 1,0,Sw; Xr-; Xm,
,1960,13085,false,false,false,255 255 255 255,false,,,,,,,0,0.851411,1.85141,C1CN(CC2)C[C@@H](C12)C(=O)Nc(cccc3)c3C4=CCNCC4,AIDD_Results trypanosoma scaffold 1,AIDD_Results trypanosoma scaffold 1,0,rat; Xm+; 2D6,
,1961,2911,false,false,false,255 255 255 255,false,,,,,,,0,1.85159,1.85159,C1CN(CC2)C[C@@H](C12)CC(=O)N(n(c34)ccc3)c5c(S4)cc(=O)oc5,AIDD_Results trypanosoma scaffold 1,AIDD_Results trypanosoma scaffold 1,0,hERG; Xr-; Xm,
,1962,17710,false,false,false,255 255 255 255,false,,,,,,,0,1,1.85163,N=Cc1cc(C(=O)C)cc(c12)n(C)c(c2N)C(=O)N(C(=O)C)CC,AIDD_Results trypanosoma scaffold 1,AIDD_Results trypanosoma scaffold 1,0,MUT; 1A2,
,1963,6018,false,false,false,255 255 255 255,false,,,,,,,0,1.5,1.85432,C1CN(CC2)C[C@@H](C12F)C(=O)N(n(c34)c(O)nc3)c5c(S4)c[nH]c(=O)c5,AIDD_Results trypanosoma scaffold 1,AIDD_Results trypanosoma scaffold 1,0,Xr-; Xm; 3A4,
,1964,20955,false,false,false,255 255 255 255,false,,,,,,,0.346028,1.50879,1.85481,Cc1c(C#N)[nH]c(c12)CC3C(N2CCCN(C)C)CC(CN)CC3c4cnc[nH]4,AIDD_Results trypanosoma scaffold 1,AIDD_Results trypanosoma scaffold 1,0,HBD; Peff; rat; Xr-; Xm+,
,1965,11569,false,false,false,255 255 255 255,false,,,,,,,0.3565,1.5,1.8565,O=c1[nH]cnc(c12)c(C)n3c2CN=C(N3)c(cco4)c4-c5ncon5,AIDD_Results trypanosoma scaffold 1,AIDD_Results trypanosoma scaffold 1,0,ch; Xr+; Xm,
,1966,116,false,false,false,255 255 255 255,false,,,,,,,0,1.86458,1.86458,O=c1ccncn1C[N+](C)(C)CCCN2c(cccc3)c3Sc(c24)ccc(Cl)c4,AIDD_Results trypanosoma scaffold 1,AIDD_Results trypanosoma scaffold 1,0,hERG; Xm,
,1967,24265,false,false,false,255 255 255 255,false,,,,,,,0.4,1.4654,1.8654,c1cc(C)cc(c12)S(=O)c3n(c(=O)c(C=N)cc3)N2CC4CN(C)C(O4)c5ccccc5,AIDD_Results trypanosoma scaffold 1,AIDD_Results trypanosoma scaffold 1,0,Size; Xr-; Xm,
,1968,17610,false,false,false,255 255 255 255,false,,,,,,,0,1.8672,1.8672,NCC(=O)N(C1=O)CC(C#C)C(=C12)SC3=C(N2C(=O)C)CC(C=C3)C(=O)C(F)C,AIDD_Results trypanosoma scaffold 1,AIDD_Results trypanosoma scaffold 1,0,Xr; Xm,
,1969,19811,false,false,false,255 255 255 255,false,,,,,,,0,0.5,1.86801,NCc1ccc(nc1)S(=O)c(c2C#C)c(ccc2)NC(C)CCN(C)C,AIDD_Results trypanosoma scaffold 1,AIDD_Results trypanosoma scaffold 1,0,Xm+; 2C19; 2D6,
,1970,24286,false,false,false,255 255 255 255,false,,,,,,,0,1.86802,1.86802,C1N=CNc(c12)c(C)n3c2C(=O)N(CC=N3)S(=O)(=O)C,AIDD_Results trypanosoma scaffold 1,AIDD_Results trypanosoma scaffold 1,0,Xr; Xm+; MUT,
,1971,8160,false,false,false,255 255 255 255,false,,,,,,,0.87184,1,1.87184,o1cnc(c1c23)n(C(=O)O)c2Sc4c(cc(C(F)(F)F)[nH]4)N3CCCN5CCNCC5=O,AIDD_Results trypanosoma scaffold 1,AIDD_Results trypanosoma scaffold 1,0,Size; Peff; Xr-; Xm-,
,1972,22619,false,false,false,255 255 255 255,false,,,,,,,0.379356,1.4923,1.87166,c1cn(C)c(c12)S(=O)c3n(c(=O)c(C#N)cc3)N2CC4=CN(C)C(O4)c5ccccc5,AIDD_Results trypanosoma scaffold 1,AIDD_Results trypanosoma scaffold 1,0,Size; Sw; Xr-; Xm,
,1973,10918,false,false,false,255 255 255 255,false,,,,,,,0,1,1.87436,C1CN(CC2)C[C@@H](C12)Cc(c3)cn(c34)C=CCC4=O,AIDD_Results trypanosoma scaffold 1,AIDD_Results trypanosoma scaffold 1,0,MUT; 2D6,
,1974,19960,false,false,false,255 255 255 255,false,,,,,,,0,1.5,1.87375,C1C(N)Oc(c12)c3c(c(F)c2Cl)N(C)N4C(S3)=NC(NC4=O)C(C5=O)COC5,AIDD_Results trypanosoma scaffold 1,AIDD_Results trypanosoma scaffold 1,0,Xr+; MUT; 1A2,
,1975,6786,false,false,false,255 255 255 255,false,,,,,,,1.87573,0,1.87573,N#CC1=CC(C(=O)C)C(NS(=O)(=O)C)C(N2C=O)=C1Sc(c23)ncn(c3=O)C(=O)C,AIDD_Results trypanosoma scaffold 1,AIDD_Results trypanosoma scaffold 1,0,HBA; ch,
,1976,16802,false,false,false,255 255 255 255,false,,,,,,,0,1,1.88068,Nc1cc(C(=O)C)cc2n(C=O)c(c3c12)c(=O)n(cn3)C(=O)C,AIDD_Results trypanosoma scaffold 1,AIDD_Results trypanosoma scaffold 1,0,MUT; 1A2,
,1977,16240,false,false,false,255 255 255 255,false,,,,,,,0.386473,1.5,1.88647,c1ccccc1[N+](C)(C)C#CCCN2C(C=CCC3)=C3Sc(c24)cncc4,AIDD_Results trypanosoma scaffold 1,AIDD_Results trypanosoma scaffold 1,0,Peff; hERG+; Xm,
,1978,23634,false,false,false,255 255 255 255,false,,,,,,,0,1,1.8916,o1cnc(c12)CC(CN)c3c2cccc3,AIDD_Results trypanosoma scaffold 1,AIDD_Results trypanosoma scaffold 1,0,Xm; 2C19; 2D6,
,1979,23244,false,false,false,255 255 255 255,false,,,,,,,0,0.8939,1.8939,C1CN(C)CCC1N2c(cccc3)c3S(=O)c(c24)ncn(c4=O)-c5csnn5,AIDD_Results trypanosoma scaffold 1,AIDD_Results trypanosoma scaffold 1,0,Xr-; Xm; 2C19,
,1980,24979,false,false,false,255 255 255 255,false,,,,,,,0,0.894196,1.8942,CN(C1)CCC(C1C)N2c(cccc3)c3S(=O)c(c24)ncn(c4=O)-c5csnn5,AIDD_Results trypanosoma scaffold 1,AIDD_Results trypanosoma scaffold 1,0,Xr-; Xm; 2C19,
,1981,20845,false,false,false,255 255 255 255,false,,,,,,,0,1.89634,1.89634,N#CCC1C(NCC2)C2NN(C1=C34)C(=O)CC3CC(C4)c5ncon5,AIDD_Results trypanosoma scaffold 1,AIDD_Results trypanosoma scaffold 1,0,Xr+; Xm; HEPX,
,1982,14584,false,false,false,255 255 255 255,false,,,,,,,0.4,0.5,1.9,CCN1CCNC(C1=O)CN(C2)c(ccc(C)c3)c3S(=O)c(c24)ccc(c4)-c5ncon5,AIDD_Results trypanosoma scaffold 1,AIDD_Results trypanosoma scaffold 1,0,Size; Xr-; 2C19,
,1983,16820,false,false,false,255 255 255 255,false,,,,,,,1.4,0.5,1.9,n1coc(c12)c3c(cc2C#N)n(n(CC(=O)C)c(\c3=O)=N\CC)CC(=O)C4CNC(O4)C,AIDD_Results trypanosoma scaffold 1,AIDD_Results trypanosoma scaffold 1,0,Size; ch; Xm+,
,1984,18036,false,false,false,255 255 255 255,false,,,,,,,0.4,1.5,1.9,CC1CCCN1C(C2)C=C(SC)CC=C2C3=CS(=O)C(OC3)[C@H](C45)CN(CC4)CC5,AIDD_Results trypanosoma scaffold 1,AIDD_Results trypanosoma scaffold 1,0,Size; Xr-; Xm+; HEPX-,
,1985,23150,false,false,false,255 255 255 255,false,,,,,,,0.4,1.5,1.9,FCC(=O)C1=CCC(C#N)C(=C12)OC=3C(C2CC)=CC4C(C3)N5N(C(C)=NC5)CCC4=O,AIDD_Results trypanosoma scaffold 1,AIDD_Results trypanosoma scaffold 1,0,Size; Xr+; HEPX,
,1986,17937,false,false,false,255 255 255 255,false,,,,,,,0.402,1.5,1.902,CC(=O)n(c1=O)cnc(S2)c1N(C(=O)C)N(C23)C(C(C3)C=N)c4c[nH]cn4,AIDD_Results trypanosoma scaffold 1,AIDD_Results trypanosoma scaffold 1,0,ch; Xr+; Xm,
,1987,17308,false,false,false,255 255 255 255,false,,,,,,,0.204067,0.990154,1.90607,Cc1cc(CC)cc(c12)N(CC(C)CN(C)C)n3c(S2=O)cc(CF)cc3=O,AIDD_Results trypanosoma scaffold 1,AIDD_Results trypanosoma scaffold 1,0,Kow; Xm; 2C19,
,1988,21403,false,false,false,255 255 255 255,false,,,,,,,0,1.90609,1.90609,c1csc(c12)CC3C(O2)CC4N3CCC4,AIDD_Results trypanosoma scaffold 1,AIDD_Results trypanosoma scaffold 1,0,Xm; MUT,
,1989,13373,false,false,false,255 255 255 255,false,,,,,,,0,1.90842,1.90842,COCN(CC)CCN1N(C(=O)CC(N2)C)C=2C(=O)c3c1ccc(c34)NCO4,AIDD_Results trypanosoma scaffold 1,AIDD_Results trypanosoma scaffold 1,0,Xr-; Xm; MUT,
,1990,14761,false,false,false,255 255 255 255,false,,,,,,,0,1.11328,1.90888,O=c1c(C)cnc(C2=O)n1N(C)C(CC3)C2C(C34)OCN4C,AIDD_Results trypanosoma scaffold 1,AIDD_Results trypanosoma scaffold 1,0,Xm; MUT; 1A2,
,1991,15823,false,false,false,255 255 255 255,false,,,,,,,0.165563,1.5,1.90949,O1CNC\C1=C\N2N(S(=O)(=O)C(C)=CN3)C=3C(=O)c4c2ccc(c45)N(C)CO5,AIDD_Results trypanosoma scaffold 1,AIDD_Results trypanosoma scaffold 1,0,HBA; Xr-; MUT; 1A2,
,1992,12414,false,false,false,255 255 255 255,false,,,,,,,0.646159,0,1.91,C1CC=Cc(c1c23)n(C)c2cccc3,AIDD_Results trypanosoma scaffold 1,AIDD_Results trypanosoma scaffold 1,0,Kow; 1A2; CL,
,1993,6612,false,false,false,255 255 255 255,false,,,,,,,0,1.40719,1.91279,N=CC(O)C(C1)=CC=C(N2C(=O)C)C1Sc(c23)ccc(c3)C(=O)n4cncn4,AIDD_Results trypanosoma scaffold 1,AIDD_Results trypanosoma scaffold 1,0,Xr; Xm+; 1A2; 2C9; 3A4,
,1994,11236,false,false,false,255 255 255 255,false,,,,,,,0,1.5,1.91459,C1CN(CO2)C[C@@H](C12)C#CN(C(=CO3)c4ncon4)c(c35)cc[nH]c5=O,AIDD_Results trypanosoma scaffold 1,AIDD_Results trypanosoma scaffold 1,0,Xr-; MUT; 2D6,
,1995,4063,false,false,false,255 255 255 255,false,,,,,,,0,1,1.91891,n1cncn1CC(=O)c(cc2)cc(c23)SC4C(N3C(=O)C)=C(CCF)CC(C4)CN,AIDD_Results trypanosoma scaffold 1,AIDD_Results trypanosoma scaffold 1,0,Xm; 2D6,
,1996,1068,false,false,false,255 255 255 255,false,,,,,,,0,1.91996,1.91996,N1=CCCC(F)C1([N+](C)(C)C)CCN2c(cccc3)c3Sc(c24)cc(Cl)cc4,AIDD_Results trypanosoma scaffold 1,AIDD_Results trypanosoma scaffold 1,0,hERG+; Xr; Xm,
,1997,18996,false,false,false,255 255 255 255,false,,,,,,,1,0.925865,1.92586,CC(=O)n(cn1)c(=O)c(N2C=O)c1Sc(c23)cc(=O)n(CN)c3-c4ncco4,AIDD_Results trypanosoma scaffold 1,AIDD_Results trypanosoma scaffold 1,0,ch; Xm,
,1998,21981,false,false,false,255 255 255 255,false,,,,,,,0.926226,1,1.92623,n1cccc(c12)S(=O)(=O)C3N(C(=O)C(F)C(C#N)C3)C2CC4C(N(C)C4)C5=CCNCC5,AIDD_Results trypanosoma scaffold 1,AIDD_Results trypanosoma scaffold 1,0,Size; Peff; Xr+; Xm+,
,1999,11076,false,false,false,255 255 255 255,false,,,,,,,0,1.92729,1.92729,C1OC(=O)CC(C=12)C(C#N)CC(=O)C2/C=C(\C34)CN(CC3F)CC4,AIDD_Results trypanosoma scaffold 1,AIDD_Results trypanosoma scaffold 1,0,Xr; HEPX,
,2000,20984,false,false,false,255 255 255 255,false,,,,,,,0.531458,1,1.93182,s1cncc1C2=CSC(c(c3)c[nH]c(=O)c3C(=O)O)=CN2/C=C(/C45F)CN(CS5)CC4,AIDD_Results trypanosoma scaffold 1,AIDD_Results trypanosoma scaffold 1,0,Size; fu; Xr-; Xm+,
,2001,9524,false,false,false,255 255 255 255,false,,,,,,,0.313292,1,1.93719,CS(=O)(=O)c(c1F)ccc(c1C)C(SC=C2C#N)=CN2[C@H](N34)CN(CC3)CC4,AIDD_Results trypanosoma scaffold 1,AIDD_Results trypanosoma scaffold 1,0,Sw; Xr-; Xm-; 2C9; CL-,
,2002,16402,false,false,false,255 255 255 255,false,,,,,,,0,1.5,1.94002,c1cccc(c12)c(F)c3c(N=COC(=O)C3F)c2[C@H](C45)CN(CO5)CC4O,AIDD_Results trypanosoma scaffold 1,AIDD_Results trypanosoma scaffold 1,0,Xr+; MUT; 2C9,
,2003,19073,false,false,false,255 255 255 255,false,,,,,,,0.819156,0.5,1.9397,o1cccc1C(C2)N(C(C3)C(=O)O)C[C@@H](C23)CN(C=CS4)c(c45)n(C=O)c(=O)cc5,AIDD_Results trypanosoma scaffold 1,AIDD_Results trypanosoma scaffold 1,0,Peff; fu; Xr-,
,2004,7775,false,false,false,255 255 255 255,false,,,,,,,0.443386,0.5,1.94339,O=C(O)C(C)C/C=C/c(c1C(=O)O)c(c(cc1Cl)-c2ncco2)Sc3ccccc3,AIDD_Results trypanosoma scaffold 1,AIDD_Results trypanosoma scaffold 1,0,Kow; fu; Xm+,
,2005,23059,false,false,false,255 255 255 255,false,,,,,,,0,1.94569,1.94569,O=C1NCC=Nc(c1c23)c(CC)cc2NC(=NC3)C(C4=O)CCCC4,AIDD_Results trypanosoma scaffold 1,AIDD_Results trypanosoma scaffold 1,0,Xr; MUT,
,2006,20487,false,false,false,255 255 255 255,false,,,,,,,0.947126,1,1.94713,N#Cc(c1N)ccc(c12)S(=O)c3c(c(=O)n(cn3)CN)N2CCCN(C)C,AIDD_Results trypanosoma scaffold 1,AIDD_Results trypanosoma scaffold 1,0,HBD; ch; Peff; Xr-; Xm+,
,2007,23546,false,false,false,255 255 255 255,false,,,,,,,0,0.947143,1.94714,c1cccc(c12)C(CC(CC34)N(CC3)CC4)N=C2c5ncco5,AIDD_Results trypanosoma scaffold 1,AIDD_Results trypanosoma scaffold 1,0,hERG; Xr-; 2D6,
,2008,22155,false,false,false,255 255 255 255,false,,,,,,,0,1.6189,1.95217,C1CN(CC2)C(C(C)C12)C3=C(N=COC4=O)N4C(C3=5)CC(=O)OC5,AIDD_Results trypanosoma scaffold 1,AIDD_Results trypanosoma scaffold 1,0,rat; Xr-; HEPX; 2C19,
,2009,9886,false,false,false,255 255 255 255,false,,,,,,,0,0.452971,1.95297,C12CC(C)N(CC1)CC2,AIDD_Results trypanosoma scaffold 1,AIDD_Results trypanosoma scaffold 1,0,rat; 2D6; CL-,
,2010,24831,false,false,false,255 255 255 255,false,,,,,,,0,1,1.95277,C1CN(CC2)C[C@@H](C12)CN3C(C(F)CCC4)C4CC(C35)NCC5,AIDD_Results trypanosoma scaffold 1,AIDD_Results trypanosoma scaffold 1,0,Xr-; Xm-; 3A4; CL-,
,2011,25393,false,false,false,255 255 255 255,false,,,,,,,0,1.9555,1.9555,C1NCCC1CN2C(CC(CC)=CN=C3)N3C(=O)c4c2ccc(c45)ocn5,AIDD_Results trypanosoma scaffold 1,AIDD_Results trypanosoma scaffold 1,0,Xr-; Xm; MUT,
,2012,6710,false,false,false,255 255 255 255,false,,,,,,,0.4105,1.54694,1.95744,n1coc(c12)cc3c(c2[N+]([O-])=O)N(CC)N4C(C3=O)=NC(C)=CC(=O)C4,AIDD_Results trypanosoma scaffold 1,AIDD_Results trypanosoma scaffold 1,0,ch; Xm; MUT,
,2013,14950,false,false,false,255 255 255 255,false,,,,,,,1.45768,0.5,1.95768,O1CCCC1C(C2)N(CC3F)C(NC(=O)N)[C@@H](C23)CN(C=CS4)c(c45)n(C(=O)O)c(=S)cc5,AIDD_Results trypanosoma scaffold 1,AIDD_Results trypanosoma scaffold 1,0,Size; HBD; Peff; Xr-,
,2014,21872,false,false,false,255 255 255 255,false,,,,,,,0,0.959332,1.95933,C1CCC(C1=O)CSc(cnc2)c(c23)S(=O)C(OC3)[C@H](C45)CN(CC4)CC5,AIDD_Results trypanosoma scaffold 1,AIDD_Results trypanosoma scaffold 1,0,Xr-; Xm; 2C19,
,2015,24152,false,false,false,255 255 255 255,false,,,,,,,0,1.5,1.95936,O=C1CCC=Nc(c2C(CC34)N(CO4)CC3)n1c(c25)CNC=N5,AIDD_Results trypanosoma scaffold 1,AIDD_Results trypanosoma scaffold 1,0,Xr-; MUT; 2D6,
,2016,23942,false,false,false,255 255 255 255,false,,,,,,,0.460834,1.5,1.96083,CC(=O)Nc(cn1)c(=O)n(c12)C(C3N2C(=O)OC=N3)C(F)[C@H](C45)CN(CO5)CC4,AIDD_Results trypanosoma scaffold 1,AIDD_Results trypanosoma scaffold 1,0,HBA; Xr+; MUT,
,2017,22459,false,false,false,255 255 255 255,false,,,,,,,0,1.96296,1.96296,N#CCC1CC(CN2)C[C@@H](C12)C(=O)N(C=CO3)N(C34)C(=O)C=C4,AIDD_Results trypanosoma scaffold 1,AIDD_Results trypanosoma scaffold 1,0,Xr; HEPX,
,2018,12229,false,false,false,255 255 255 255,false,,,,,,,0.346063,0.606223,1.9649,C1CN(CC2)C[C@@H](C12)C(=O)n(n(c3c45)c(=O)[nH]c(=O)c3)c4cccc5C(F)(F)F,AIDD_Results trypanosoma scaffold 1,AIDD_Results trypanosoma scaffold 1,0,Sw; Xr-; Xm; 2C9; 3A4,
,2019,12066,false,false,false,255 255 255 255,false,,,,,,,0.96859,1,1.96859,c1cc(Cl)c(F)cc1C(=O)C[N+](C)(C)C(C2=O)CC(N2)N3CSCc(c34)ccc(Cl)c4N,AIDD_Results trypanosoma scaffold 1,AIDD_Results trypanosoma scaffold 1,0,Size; MUT,
,2020,20222,false,false,false,255 255 255 255,false,,,,,,,0,1,1.96901,C1CN(CC2)C[C@@H](C12)CN(C(C34)CCCC4)C(C=3CN)NC5CCCCC5,AIDD_Results trypanosoma scaffold 1,AIDD_Results trypanosoma scaffold 1,0,Xr-; Xm-; 2D6; 3A4,
,2021,18689,false,false,false,255 255 255 255,false,,,,,,,0,1.9734,1.9734,C1CN(CC2)C(CC12)C3=C(N=COC4=O)N4C(C3=5)CCC=CC5,AIDD_Results trypanosoma scaffold 1,AIDD_Results trypanosoma scaffold 1,0,rat; Xr-; HEPX,
,2022,20475,false,false,false,255 255 255 255,false,,,,,,,0,0.978203,1.9782,O=C(O)n1ccc(S2)c1C(CC)c(c3)c2cc(c34)occ4,AIDD_Results trypanosoma scaffold 1,AIDD_Results trypanosoma scaffold 1,0,fu; hERG; Xm+,
,2023,23765,false,false,false,255 255 255 255,false,,,,,,,0,1.97804,1.97804,n1cc(Cl)c(=O)n(N2C)c1C(=O)CC3=C2CCc(c34)nco4,AIDD_Results trypanosoma scaffold 1,AIDD_Results trypanosoma scaffold 1,0,Xm; HEPX,
,2024,18156,false,false,false,255 255 255 255,false,,,,,,,0,1,1.98149,C1CN(CC2)C[C@@H](C12)C(=O)n(c(c3c45)SC=CO3)c4cc(CN)cc5,AIDD_Results trypanosoma scaffold 1,AIDD_Results trypanosoma scaffold 1,0,Xr-; Xm+; 1A2; 2D6,
,2025,12488,false,false,false,255 255 255 255,false,,,,,,,0.487915,1.5,1.98791,O=C(O)C(C1)N(CO2)C[C@@H](C12)c3c(N=COCC4=O)c4cc(c35)cccc5,AIDD_Results trypanosoma scaffold 1,AIDD_Results trypanosoma scaffold 1,0,Peff; Xr-; MUT,
,2026,12033,false,false,false,255 255 255 255,false,,,,,,,0.490449,0.5,1.99045,CN(C)CCCNc(cc1)c(cc1-c2ccc[nH]2)S(=O)c(cc3=O)ncn3CN,AIDD_Results trypanosoma scaffold 1,AIDD_Results trypanosoma scaffold 1,0,HBD; Peff; Xm-; 2D6,
,2027,2287,false,false,false,255 255 255 255,false,,,,,,,1.74137,0.251793,1.99316,NC(=O)c1cccc(c12)Sc3c(ccc(Cl)c3)N2CCC[N+](C)(C)Cn4cnccc4=S,AIDD_Results trypanosoma scaffold 1,AIDD_Results trypanosoma scaffold 1,0,Size; Peff; Xm,
,2028,20486,false,false,false,255 255 255 255,false,,,,,,,0,1.99335,1.99335,C1CN(CC2)C[C@@H](C12)CC3C(N=COC4=O)N4c(c35)ccc(c5)CO,AIDD_Results trypanosoma scaffold 1,AIDD_Results trypanosoma scaffold 1,0,rat; Xr-; MUT,
,2029,9506,false,false,false,255 255 255 255,false,,,,,,,0,1.99481,1.99481,N#CC(C1)C(C(=O)C)C(C=12)N(C=O)c3c(S2)ncn(c3=O)C(=O)C,AIDD_Results trypanosoma scaffold 1,AIDD_Results trypanosoma scaffold 1,0,Xr; Xm; HEPX,
,2030,12888,false,false,false,255 255 255 255,false,,,,,,,0,1,1.99568,S1C=CN(C)c(c12)ccoc2=O,AIDD_Results trypanosoma scaffold 1,AIDD_Results trypanosoma scaffold 1,0,HEPX; 1A2,
,2031,4735,false,false,false,255 255 255 255,false,,,,,,,0,2,2,CN(C1)CCC1C(=O)N2N(CC(=O)C(N3)C)C=3Cc4c2ccc(c45)nco5,AIDD_Results trypanosoma scaffold 1,AIDD_Results trypanosoma scaffold 1,0,Xr+; Xm-; MUT,
,2032,6268,false,false,false,255 255 255 255,false,,,,,,,1,1,2,CN(C)CC#Cn(c(c1c23)cc(Cl)c(=O)[nH]1)c2C(=O)c4c3occ4,AIDD_Results trypanosoma scaffold 1,AIDD_Results trypanosoma scaffold 1,0,Sw; MUT,
,2033,4140,false,false,false,255 255 255 255,false,,,,,,,0,1,2,Fc1cc(C(=O)O)cc(c12)Nc3c(S2)cc([N+]([O-])=O)cc3,AIDD_Results trypanosoma scaffold 1,AIDD_Results trypanosoma scaffold 1,0,fu; MUT,
,2034,3616,false,false,false,255 255 255 255,false,,,,,,,0,1,2,O=C(O)c(c1)ccc(c12)Sc3c(N2)ccc(c3)[N+]([O-])=O,AIDD_Results trypanosoma scaffold 1,AIDD_Results trypanosoma scaffold 1,0,fu; MUT,
,2035,4123,false,false,false,255 255 255 255,false,,,,,,,0,0.5,2,Cc1cc(C(F)(F)F)cc(c12)N(CCCN(C)C)n3c(S2=O)ccc(c3=O)CN,AIDD_Results trypanosoma scaffold 1,AIDD_Results trypanosoma scaffold 1,0,fu-; Vd-; Xm+; CL-,
,2036,4412,false,false,false,255 255 255 255,false,,,,,,,0,2,2,N#CC(C1)NC(=C12)Cc3n(c(=O)ccc3)N2C[C@H](C45)CN(CC4)CC5,AIDD_Results trypanosoma scaffold 1,AIDD_Results trypanosoma scaffold 1,0,Xr-; Xm+; HEPX,
,2037,5254,false,false,false,255 255 255 255,false,,,,,,,0,2,2,C1CN(CC2)C[C@@H](C12)C(=O)N(c(c34)cccc4)N5C3=CC(=O)CC=C5,AIDD_Results trypanosoma scaffold 1,AIDD_Results trypanosoma scaffold 1,0,Xr-; Xm-; MUT,
,2038,2524,false,false,false,255 255 255 255,false,,,,,,,0,2,2,c1cccc(c12)n3c(c2)ccoc3=O,AIDD_Results trypanosoma scaffold 1,AIDD_Results trypanosoma scaffold 1,0,HEPX; MUT,
,2039,4721,false,false,false,255 255 255 255,false,,,,,,,2,0,2,NS(=O)(=O)c1cc(C(=O)C)cc(N2C(=O)C)c1SC(=C23)C(O)CN(C3=O)C(=O)C,AIDD_Results trypanosoma scaffold 1,AIDD_Results trypanosoma scaffold 1,0,HBA; ch,
,2040,4001,false,false,false,255 255 255 255,false,,,,,,,0,2,2,O=c(o1)ccc(c1c23)n(C)c2cccc3,AIDD_Results trypanosoma scaffold 1,AIDD_Results trypanosoma scaffold 1,0,HEPX; MUT,
,2041,3735,false,false,false,255 255 255 255,false,,,,,,,0,2,2,C1CN(CC2)C(CC12)CN3n(c(=O)ccc4)c4CC(=C35)N(CC5)S(=O)(=O)C,AIDD_Results trypanosoma scaffold 1,AIDD_Results trypanosoma scaffold 1,0,Xr-; Xm+; MUT,
,2042,5941,false,false,false,255 255 255 255,false,,,,,,,0,2,2,NC(=O)C1CCCC(C12)SC=CN2C(C=N)C(C34)=CN(CC3)CC4,AIDD_Results trypanosoma scaffold 1,AIDD_Results trypanosoma scaffold 1,0,Xm; HEPX,
,2043,6666,false,false,false,255 255 255 255,false,,,,,,,0,2,2,NC(=O)C1OCCC(C12)SC=CN2C(C=N)C(C34)=CN(CC3)CC4,AIDD_Results trypanosoma scaffold 1,AIDD_Results trypanosoma scaffold 1,0,Xm; HEPX,
,2044,6152,false,false,false,255 255 255 255,false,,,,,,,0,2,2,C1CN(CC2)C(CC)[C@@H](C12)CN3N(C(=O)CCC4)C=4SC(=C35)N(CC5)S(=O)(=O)C,AIDD_Results trypanosoma scaffold 1,AIDD_Results trypanosoma scaffold 1,0,Xr-; Xm-; MUT,
,2045,5448,false,false,false,255 255 255 255,false,,,,,,,2,0,2,NC(=O)c1cccc(S2)c1N(c(c23)[nH]c(Br)c3)COC[N+](C)(C)Cn4cnccc4=O,AIDD_Results trypanosoma scaffold 1,AIDD_Results trypanosoma scaffold 1,0,Size; Peff,
,2046,4243,false,false,false,255 255 255 255,false,,,,,,,1,1,2,C#C[N+](C)(C)CCCNc1c(cccc1)S(=O)(=O)c(c2O)cc(Cl)cc2,AIDD_Results trypanosoma scaffold 1,AIDD_Results trypanosoma scaffold 1,0,Peff; MUT,
,2047,2732,false,false,false,255 255 255 255,false,,,,,,,1,1,2,C[N+](C)(C)CCCN1C=CCSc(cc2)c1c(c23)CNC3=O,AIDD_Results trypanosoma scaffold 1,AIDD_Results trypanosoma scaffold 1,0,Peff; Xm,
,2048,7398,false,false,false,255 255 255 255,false,,,,,,,0,2,2,C1CN(CC2)C[C@@H](C12F)CN(CCS3)n(c34)c(=O)ccc4,AIDD_Results trypanosoma scaffold 1,AIDD_Results trypanosoma scaffold 1,0,Xm; MUT,
,2049,7414,false,false,false,255 255 255 255,false,,,,,,,0,2,2,C1CN(CC2)C[C@@H](C12)C(=O)N(N=CS3)C(=C34)CCC=C4,AIDD_Results trypanosoma scaffold 1,AIDD_Results trypanosoma scaffold 1,0,Xm; HEPX,
,2050,7471,false,false,false,255 255 255 255,false,,,,,,,0,2,2,o1cccc1C(S2)=CN(C(C#N)[C@H](C34)CN(CS4)CC3)C(C25)=CCCC=5C(=O)O,AIDD_Results trypanosoma scaffold 1,AIDD_Results trypanosoma scaffold 1,0,Xr-; Xm+; HEPX,
,2051,7482,false,false,false,255 255 255 255,false,,,,,,,0,2,2,C12CC(C=N)N(CC1)CC2,AIDD_Results trypanosoma scaffold 1,AIDD_Results trypanosoma scaffold 1,0,HEPX; MUT,
,2052,7549,false,false,false,255 255 255 255,false,,,,,,,0,2,2,CNC(=O)c(cc1)cc(c12)N(CC(CC34)N(CC3)CC4)C5C2CCN5,AIDD_Results trypanosoma scaffold 1,AIDD_Results trypanosoma scaffold 1,0,rat; Xr-; Xm+,
,2053,7571,false,false,false,255 255 255 255,false,,,,,,,0,2,2,CN(C1)CCC1C(=O)N2N(CC(=O)C=C(N3)C)C=3C(=O)c4c2ccc(c45)NCO5,AIDD_Results trypanosoma scaffold 1,AIDD_Results trypanosoma scaffold 1,0,Xr-; Xm-; MUT,
,2054,7959,false,false,false,255 255 255 255,false,,,,,,,0,1,2,s1cccc1C(S2)=CN(C(C#N)[C@H](C34)CN(CS4)CC3)C(C25)=CCCC=5C(=O)O,AIDD_Results trypanosoma scaffold 1,AIDD_Results trypanosoma scaffold 1,0,Xr-; Xm+; 2C19,
,2055,8055,false,false,false,255 255 255 255,false,,,,,,,0,2,2,c1oc(=O)cc(S2(=O)=O)c1N(N(C2=3)C(=O)C(C)C3)C4CCN(C45)CC5,AIDD_Results trypanosoma scaffold 1,AIDD_Results trypanosoma scaffold 1,0,Xr-; Xm-; MUT,
,2056,8085,false,false,false,255 255 255 255,false,,,,,,,0,1,2,Cc(c1)ccc(c12)SC=CN2C,AIDD_Results trypanosoma scaffold 1,AIDD_Results trypanosoma scaffold 1,0,Xm; 1A2,
,2057,8220,false,false,false,255 255 255 255,false,,,,,,,0,2,2,C1C=CC(=O)CN(N2C)C=1CC(=C23)NCC3,AIDD_Results trypanosoma scaffold 1,AIDD_Results trypanosoma scaffold 1,0,HEPX; MUT,
,2058,8356,false,false,false,255 255 255 255,false,,,,,,,0,2,2,C1CN(CC2)C[C@@H](C12)CCN3C(c4ccc(=O)oc4)=COC=C3c5ncon5,AIDD_Results trypanosoma scaffold 1,AIDD_Results trypanosoma scaffold 1,0,Xr-; Xm-; HEPX,
,2059,8607,false,false,false,255 255 255 255,false,,,,,,,0,2,2,O1CN(C)CC1C(=O)N2N(CC(=O)C=CN3)C=3C(=O)c4c2c(F)cc(c45)nco5,AIDD_Results trypanosoma scaffold 1,AIDD_Results trypanosoma scaffold 1,0,Xr-; Xm+; MUT,
,2060,8799,false,false,false,255 255 255 255,false,,,,,,,0,2,2,C1CN(CC2)C[C@@H](C12)CN3n(c(=O)ccc4)c4CN(C35)CCC5,AIDD_Results trypanosoma scaffold 1,AIDD_Results trypanosoma scaffold 1,0,Xr-; Xm+; MUT,
,2061,8973,false,false,false,255 255 255 255,false,,,,,,,0,2,2,C1CN(C)CCC1C(=O)N2N(CC(=O)C(C)=CN3)C=3Cc4c2ccc(c45)nco5,AIDD_Results trypanosoma scaffold 1,AIDD_Results trypanosoma scaffold 1,0,Xr-; Xm-; MUT,
,2062,9044,false,false,false,255 255 255 255,false,,,,,,,1,1,2,c1cc(Cl)c(F)cc1C(=O)C[N+](C)(C)C(C2=O)CC(N2)N(Cc(c34)cccc4)C=C3c5cc(N)c(F)cc5,AIDD_Results trypanosoma scaffold 1,AIDD_Results trypanosoma scaffold 1,0,Size; Xr-; Xm-,
,2063,9054,false,false,false,255 255 255 255,false,,,,,,,0,2,2,CC(=O)NC1CNC(C2)C1Nn(c(=O)c3)c2c(c34)OCC4,AIDD_Results trypanosoma scaffold 1,AIDD_Results trypanosoma scaffold 1,0,Xm; MUT,
,2064,9104,false,false,false,255 255 255 255,false,,,,,,,0,2,2,CN(C1)CC1C(=O)N2N(CC(=O)C=C(N3)C)C=3C(=O)c4c2ccc(c45)nco5,AIDD_Results trypanosoma scaffold 1,AIDD_Results trypanosoma scaffold 1,0,Xr-; Xm+; HEPX,
,2065,9685,false,false,false,255 255 255 255,false,,,,,,,0,1,2,C1CN(CC2)C[C@@H](C12)C(O)S(=O)c(cccc3)c3Sc4ccccc4,AIDD_Results trypanosoma scaffold 1,AIDD_Results trypanosoma scaffold 1,0,Xm; 2C19,
,2066,9713,false,false,false,255 255 255 255,false,,,,,,,0,2,2,CCN1COCC1CN2N(C(=S)CC(N3)CC)C=3C(=O)c4c2ccc(c45)nco5,AIDD_Results trypanosoma scaffold 1,AIDD_Results trypanosoma scaffold 1,0,Xr-; Xm+; HEPX,
,2067,9732,false,false,false,255 255 255 255,false,,,,,,,0,1,2,c1cc(C(=O)O)n(c12)N(C=CCS2)C[C@H](C34)CN(CC3O)C(C4)c5ccoc5,AIDD_Results trypanosoma scaffold 1,AIDD_Results trypanosoma scaffold 1,0,Xr-; Xm+; 2C19,
,2068,9857,false,false,false,255 255 255 255,false,,,,,,,0,1,2,NCc(c1)ccc2n(c(c3c12)CC=CO3)C[C@H](C45)CN(CC4)CC5,AIDD_Results trypanosoma scaffold 1,AIDD_Results trypanosoma scaffold 1,0,Xr-; Xm+; 2D6,
,2069,10271,false,false,false,255 255 255 255,false,,,,,,,0,1,2,C1CN(CC2)C[C@@H](C12)C(O)S(=O)c(c3SC)cccc3,AIDD_Results trypanosoma scaffold 1,AIDD_Results trypanosoma scaffold 1,0,Xm; 2C19,
,2070,10287,false,false,false,255 255 255 255,false,,,,,,,0,2,2,C1CN(CC2)C[C@@H](C12)CN(C3CCC=C4)C(C5=C34)NC=NC5,AIDD_Results trypanosoma scaffold 1,AIDD_Results trypanosoma scaffold 1,0,Xr-; Xm+; HEPX,
,2071,10545,false,false,false,255 255 255 255,false,,,,,,,0,2,2,O=c(o1)ccc(c12)n3c(c2)ncoc3=O,AIDD_Results trypanosoma scaffold 1,AIDD_Results trypanosoma scaffold 1,0,HEPX; MUT,
,2072,10568,false,false,false,255 255 255 255,false,,,,,,,0,2,2,O=S1(=O)C=CC(C=C1)C[C@H](C23)CN(CC2)NC3,AIDD_Results trypanosoma scaffold 1,AIDD_Results trypanosoma scaffold 1,0,HEPX; MUT,
,2073,10595,false,false,false,255 255 255 255,false,,,,,,,0.5,0.5,2,CN(C)CCC(C)Nc(cc1)c(cc1CC)S(=O)c(cc2=O)ncn2CN,AIDD_Results trypanosoma scaffold 1,AIDD_Results trypanosoma scaffold 1,0,RotB; Xm-; 2C19,
,2074,10934,false,false,false,255 255 255 255,false,,,,,,,0,1,2,c1cc(C(=O)O)n(c12)N(C=CCS2)C[C@H](C34)CN(CC3O)C(S4)c5ccoc5,AIDD_Results trypanosoma scaffold 1,AIDD_Results trypanosoma scaffold 1,0,Xr-; Xm+; 2C19,
,2075,11108,false,false,false,255 255 255 255,false,,,,,,,0,1,2,FCC(=O)c1n(C)c(c(c12)occ2)C[C@H](C34)CN(CC3)CC4,AIDD_Results trypanosoma scaffold 1,AIDD_Results trypanosoma scaffold 1,0,MUT; 2D6,
,2076,11127,false,false,false,255 255 255 255,false,,,,,,,0,2,2,O=c1c(C)cnc(C2=O)n1N(CC3CN(CO3)CC)C(CC4)C2C(C45)OCN5C,AIDD_Results trypanosoma scaffold 1,AIDD_Results trypanosoma scaffold 1,0,Xr-; Xm+; MUT,
,2077,11135,false,false,false,255 255 255 255,false,,,,,,,1,1,2,Fc1c(Cl)cn(c1)C(=O)C[N+](C)(C)C2C=CC(C2)N(C3)C=C(c(c34)occ4)c5cc(N)c(Cl)cc5,AIDD_Results trypanosoma scaffold 1,AIDD_Results trypanosoma scaffold 1,0,Size; Xr-; Xm-,
,2078,11276,false,false,false,255 255 255 255,false,,,,,,,0,1,2,N#CC(C12)CN(CC2)C(N)[C@@H]1N(C=CS3)n(c34)c(=S)n(c(=O)c4)C(C5=O)CCC5,AIDD_Results trypanosoma scaffold 1,AIDD_Results trypanosoma scaffold 1,0,Xr-; Xm+; 2D6,
,2079,11497,false,false,false,255 255 255 255,false,,,,,,,0,0.5,2,FC(F)(F)Cc(c1)c(C)nc(c12)S(=O)c3n(c(=O)c(CN)cc3)N2C4CCN(C)C4,AIDD_Results trypanosoma scaffold 1,AIDD_Results trypanosoma scaffold 1,0,fu-; Vd-; Xm+; CL-,
,2080,11595,false,false,false,255 255 255 255,false,,,,,,,0,1,2,C1CN(CC2)C[C@@H](C12)Cn(c(c3c45)CC=CN3)c4NC=NC5,AIDD_Results trypanosoma scaffold 1,AIDD_Results trypanosoma scaffold 1,0,Xr-; Xm+; 2D6,
,2081,11806,false,false,false,255 255 255 255,false,,,,,,,0,1,2,o1cccc1-c(cc2CN)c(=O)n(c23)N(C=CS3)C[C@H](C45F)CN(CC4)CC5,AIDD_Results trypanosoma scaffold 1,AIDD_Results trypanosoma scaffold 1,0,Xr-; Xm+; 2D6,
,2082,11885,false,false,false,255 255 255 255,false,,,,,,,0,2,2,C1CN(CC2)C[C@@H](C12)C(NC(=O)C)N3n(c(=O)ccc4[N+]([O-])=O)c4CN(C35)CCC5,AIDD_Results trypanosoma scaffold 1,AIDD_Results trypanosoma scaffold 1,0,Xr-; Xm-; MUT,
,2083,11957,false,false,false,255 255 255 255,false,,,,,,,1,1,2,CN(C)\C=C\Cc(c1[N+]([O-])=O)c(CC=CC2=O)c2c(c13)ccoc3=O,AIDD_Results trypanosoma scaffold 1,AIDD_Results trypanosoma scaffold 1,0,Sw; MUT,
,2084,12264,false,false,false,255 255 255 255,false,,,,,,,0,1,2,CSc1cccc(c12)COC(S2=O)[C@H](C34)CN(CC3)CC4,AIDD_Results trypanosoma scaffold 1,AIDD_Results trypanosoma scaffold 1,0,Xm; 2C19,
,2085,12275,false,false,false,255 255 255 255,false,,,,,,,0,1,2,N1CCC(C12C)Oc3c(C2)scc3,AIDD_Results trypanosoma scaffold 1,AIDD_Results trypanosoma scaffold 1,0,Xm; 2C19,
,2086,12346,false,false,false,255 255 255 255,false,,,,,,,0,2,2,CC(=O)Nc(c(F)c1=O)nc(S2)n1N(C)C(=C23)N4C(C3=O)CCC4=O,AIDD_Results trypanosoma scaffold 1,AIDD_Results trypanosoma scaffold 1,0,Xm; HEPX,
,2087,12550,false,false,false,255 255 255 255,false,,,,,,,0,2,2,C1CN(CC2)C(CC12)CC(=O)N(N=CS3)C(C3=4)CC(C(=O)C4)c5ncon5,AIDD_Results trypanosoma scaffold 1,AIDD_Results trypanosoma scaffold 1,0,Xr+; Xm; HEPX+,
,2088,12709,false,false,false,255 255 255 255,false,,,,,,,0,2,2,C1CN(CC2)C[C@@H](C12)CN3C(CC=CC4)C=4CN(C35)CCC5,AIDD_Results trypanosoma scaffold 1,AIDD_Results trypanosoma scaffold 1,0,Xr-; Xm-; HEPX,
,2089,12721,false,false,false,255 255 255 255,false,,,,,,,0,2,2,N#CCC1CN(CC2)C(=O)[C@@H](C12)CN3N(C(=O)C=C4)C4OC(C35)N=CC5,AIDD_Results trypanosoma scaffold 1,AIDD_Results trypanosoma scaffold 1,0,Xr+; Xm-; HEPX,
,2090,12731,false,false,false,255 255 255 255,false,,,,,,,0,2,2,CN(C1)CCC1C(=O)N(c(c23)cccc3)N4C(C2=O)=NC(C)=CC(=O)C4,AIDD_Results trypanosoma scaffold 1,AIDD_Results trypanosoma scaffold 1,0,Xm-; HEPX+; MUT,
,2091,12789,false,false,false,255 255 255 255,false,,,,,,,0,1,2,C1CN(CC2)C[C@@H](C12)CCn(c3NC=NC4)c(c5c34)CCCC=C5,AIDD_Results trypanosoma scaffold 1,AIDD_Results trypanosoma scaffold 1,0,Xr-; Xm+; 2D6,
,2092,12852,false,false,false,255 255 255 255,false,,,,,,,0,2,2,CN(C1)CC1CN(N(C23)C(=O)C(C)C2)c4c(S3(=O)=O)cccc4,AIDD_Results trypanosoma scaffold 1,AIDD_Results trypanosoma scaffold 1,0,Xr-; Xm-; MUT,
,2093,13009,false,false,false,255 255 255 255,false,,,,,,,0,2,2,C1CN(C)CCC1C(=O)N2N(CC(=O)C(C)=CN3)C=3Cc4c2ccc(c45)noc5,AIDD_Results trypanosoma scaffold 1,AIDD_Results trypanosoma scaffold 1,0,Xr-; Xm-; MUT,
,2094,13405,false,false,false,255 255 255 255,false,,,,,,,0,2,2,C1CN(CC2)C[C@@H](C12)CC(=O)N(N=CS3)CC3C4=COCC(=O)C4,AIDD_Results trypanosoma scaffold 1,AIDD_Results trypanosoma scaffold 1,0,Xm; HEPX,
,2095,13732,false,false,false,255 255 255 255,false,,,,,,,0,1,2,N=Cc1cc(C(=O)C)cc(c12)n(C)c(c2N)C(=O)N(C)C(=O)C,AIDD_Results trypanosoma scaffold 1,AIDD_Results trypanosoma scaffold 1,0,MUT; 1A2,
,2096,13746,false,false,false,255 255 255 255,false,,,,,,,0,2,2,CN(C1)CC1N2n(c(=O)ccn3)c3Sc(c24)oc(=O)c(F)c4,AIDD_Results trypanosoma scaffold 1,AIDD_Results trypanosoma scaffold 1,0,Xm; HEPX,
,2097,13926,false,false,false,255 255 255 255,false,,,,,,,0,2,2,C1CN(CC2)C[C@@H](C12F)C(=O)N(c(c34)ccc(c4)N)N5C3=CC(=O)CC=C5,AIDD_Results trypanosoma scaffold 1,AIDD_Results trypanosoma scaffold 1,0,Xr-; Xm-; MUT,
,2098,13934,false,false,false,255 255 255 255,false,,,,,,,0,1,2,CN1CN(CC2)C[C@@H](C12)C(S3=O)COc(c34)[nH]cc4Sc5ccccc5,AIDD_Results trypanosoma scaffold 1,AIDD_Results trypanosoma scaffold 1,0,Xr-; Xm+; 2C19,
,2099,13973,false,false,false,255 255 255 255,false,,,,,,,0,1,2,C1CN(CC2)C(CC12)/C=C3\N=COC(=O)N3C4C=CCC(C4)O,AIDD_Results trypanosoma scaffold 1,AIDD_Results trypanosoma scaffold 1,0,HEPX; 2C19,
,2100,14094,false,false,false,255 255 255 255,false,,,,,,,0,1,2,C1CN(CC2)C[C@@H](C12)CC(C#N)n(c3CCC=C4)c(c5c34)NC=NC5,AIDD_Results trypanosoma scaffold 1,AIDD_Results trypanosoma scaffold 1,0,Xr-; Xm+; 2D6,
,2101,14259,false,false,false,255 255 255 255,false,,,,,,,0,1,2,OC1CN(CC2)C[C@@H](C12F)C(C#N)N(C=CS3)n(c34)c(=O)cc(c4)CN5CNC=N5,AIDD_Results trypanosoma scaffold 1,AIDD_Results trypanosoma scaffold 1,0,Xr+; Xm+; 3A4,
,2102,14264,false,false,false,255 255 255 255,false,,,,,,,0,2,2,CC1CN(CC2)C[C@@H](C12)CN3C(CC=C4)C4OC(=C35)N=CC5,AIDD_Results trypanosoma scaffold 1,AIDD_Results trypanosoma scaffold 1,0,Xr-; Xm-; HEPX,
,2103,14315,false,false,false,255 255 255 255,false,,,,,,,0,2,2,C1CN(CC2)C[C@@H](C12)C(=O)N(C=C3)N(C3=4)C=CCCC4,AIDD_Results trypanosoma scaffold 1,AIDD_Results trypanosoma scaffold 1,0,Xr-; Xm-; HEPX,
,2104,14352,false,false,false,255 255 255 255,false,,,,,,,0,2,2,CCN(CO1)CC1C(=O)n2n(c(=O)c(C)cn3)c3c(=O)c4c2ccc(c45)N(C)CO5,AIDD_Results trypanosoma scaffold 1,AIDD_Results trypanosoma scaffold 1,0,Xr-; Xm-; MUT,
,2105,14417,false,false,false,255 255 255 255,false,,,,,,,0,2,2,CC(O1)NCC1C(=O)N(N(C2=3)CC(=O)C(Br)=CN3)C4C(C2)CCCC4,AIDD_Results trypanosoma scaffold 1,AIDD_Results trypanosoma scaffold 1,0,HEPX; MUT,
,2106,14483,false,false,false,255 255 255 255,false,,,,,,,0,1,2,C1CN(CC2)C[C@@H](C12)Cc(c3)cn(c34)CCCC4=O,AIDD_Results trypanosoma scaffold 1,AIDD_Results trypanosoma scaffold 1,0,MUT; 2D6,
,2107,14503,false,false,false,255 255 255 255,false,,,,,,,0,2,2,C1CN(CC2)C[C@@H](C12F)CN(C=CS3)n(c34)c(=O)cc(c4)-c5nnco5,AIDD_Results trypanosoma scaffold 1,AIDD_Results trypanosoma scaffold 1,0,Xr-; Xm+; MUT,
,2108,14516,false,false,false,255 255 255 255,false,,,,,,,0,2,2,O1CC(=O)C(C#N)=NC(C12)N(C)C(C2)c3ccoc3,AIDD_Results trypanosoma scaffold 1,AIDD_Results trypanosoma scaffold 1,0,Xr; MUT,
,2109,14523,false,false,false,255 255 255 255,false,,,,,,,0,2,2,C1CN(CC2)C[C@@H](C12)CC(=O)N(N=CS3)CC3C(CC4=O)OC4,AIDD_Results trypanosoma scaffold 1,AIDD_Results trypanosoma scaffold 1,0,Xm; MUT,
,2110,14717,false,false,false,255 255 255 255,false,,,,,,,0,2,2,C1C(=O)C(C)=CN=C(C2=O)N1Nc(c23)nccc3,AIDD_Results trypanosoma scaffold 1,AIDD_Results trypanosoma scaffold 1,0,Xm; HEPX,
,2111,14767,false,false,false,255 255 255 255,false,,,,,,,0,1,2,O=Cn1cc(cc1C)[C@H](C23)CN(CO3)CC2,AIDD_Results trypanosoma scaffold 1,AIDD_Results trypanosoma scaffold 1,0,MUT; 1A2,
,2112,14875,false,false,false,255 255 255 255,false,,,,,,,0,2,2,CN1CC(C1C)N2n(c(=O)ccn3)c3Sc(c24)oc(=O)c(F)c4,AIDD_Results trypanosoma scaffold 1,AIDD_Results trypanosoma scaffold 1,0,Xm; HEPX,
,2113,14934,false,false,false,255 255 255 255,false,,,,,,,0,1,2,N=Cc1cc(C(=O)C)cc(c12)c(C)n(c2N)C(=O)N(C)C(=O)C,AIDD_Results trypanosoma scaffold 1,AIDD_Results trypanosoma scaffold 1,0,MUT; 1A2,
,2114,14941,false,false,false,255 255 255 255,false,,,,,,,0,1,2,N#CCC(C1)N(CC2)C[C@@H](C12)CN3N(C(=O)CCC4)C4SC(C35)NCC5NC(=O)C,AIDD_Results trypanosoma scaffold 1,AIDD_Results trypanosoma scaffold 1,0,Xr-; Xm-; 3A4,
,2115,15020,false,false,false,255 255 255 255,false,,,,,,,0,1,2,o1ccnc1-c2c(C(=O)O)c(Cl)cc(c23)Sc4c(cccc4)N3C(=O)OC,AIDD_Results trypanosoma scaffold 1,AIDD_Results trypanosoma scaffold 1,0,fu; Xm,
,2116,15078,false,false,false,255 255 255 255,false,,,,,,,0,2,2,CN1CCC1CN2n(c(=O)ccn3)c3Sc(c24)oc(=O)c(F)c4,AIDD_Results trypanosoma scaffold 1,AIDD_Results trypanosoma scaffold 1,0,Xm; HEPX,
,2117,15204,false,false,false,255 255 255 255,false,,,,,,,0,2,2,C1CN(CC2)C=C(C12)CC(=O)N(C=CS3)NC3C4=CC(=O)C=CC4,AIDD_Results trypanosoma scaffold 1,AIDD_Results trypanosoma scaffold 1,0,Xm; HEPX,
,2118,15273,false,false,false,255 255 255 255,false,,,,,,,0,2,2,O1CNCC1C(=O)n2n(c(=O)c(C)cn3)c3c(=O)c4c2ccc(c45)N(C)CO5,AIDD_Results trypanosoma scaffold 1,AIDD_Results trypanosoma scaffold 1,0,Xr-; Xm+; MUT,
,2119,15324,false,false,false,255 255 255 255,false,,,,,,,0,2,2,O1CC(=O)C(C#N)=NC(C12)N(C)CC2,AIDD_Results trypanosoma scaffold 1,AIDD_Results trypanosoma scaffold 1,0,HEPX; MUT,
,2120,15601,false,false,false,255 255 255 255,false,,,,,,,0,2,2,NC(=O)C1CC(C)CC(C12)SC=CN2C(C=N)C(C34)=CN(CC3)CC4,AIDD_Results trypanosoma scaffold 1,AIDD_Results trypanosoma scaffold 1,0,Xm; HEPX,
,2121,15662,false,false,false,255 255 255 255,false,,,,,,,0,2,2,CCN(CO1)CC1C(=O)n2n(c(=O)c(C)cn3)c3c(=O)c4c2ccc(c45)NCO5,AIDD_Results trypanosoma scaffold 1,AIDD_Results trypanosoma scaffold 1,0,Xr-; Xm+; MUT,
,2122,15758,false,false,false,255 255 255 255,false,,,,,,,0,0.5,2,CN(C)CCCN1C(C(C(F)(F)F)=CCC2)=C2S(=O)c(c13)ncn(c3=O)CN,AIDD_Results trypanosoma scaffold 1,AIDD_Results trypanosoma scaffold 1,0,fu-; Vd-; Xm-; CL-,
,2123,15945,false,false,false,255 255 255 255,false,,,,,,,0,1,2,C1CN(CC2)C[C@@H](C12)C(F)c3ccn(c34)CC(=O)OC=N4,AIDD_Results trypanosoma scaffold 1,AIDD_Results trypanosoma scaffold 1,0,MUT; 2D6,
,2124,15982,false,false,false,255 255 255 255,false,,,,,,,0,2,2,C1OC(=O)C=Cc(c12)n3c(c2)ncoc3=O,AIDD_Results trypanosoma scaffold 1,AIDD_Results trypanosoma scaffold 1,0,HEPX; MUT,
,2125,16014,false,false,false,255 255 255 255,false,,,,,,,0,1,2,CC(=O)Nc(c1Br)cc(=O)n(c12)c(\cc2)=C\[C@H](C34F)CN(CC3)CC4,AIDD_Results trypanosoma scaffold 1,AIDD_Results trypanosoma scaffold 1,0,MUT; 2D6,
,2126,16069,false,false,false,255 255 255 255,false,,,,,,,0,2,2,O=C1COC=Nc(c12)c(C(CC34)N(CO4)CC3)n5c2CCC=N5,AIDD_Results trypanosoma scaffold 1,AIDD_Results trypanosoma scaffold 1,0,Xr-; Xm-; MUT,
,2127,16117,false,false,false,255 255 255 255,false,,,,,,,0,2,2,N#Cc1c[nH]c(c12)S(=O)CN(C2)CC(C3)N(CC4)CC(C34)n5cncn5,AIDD_Results trypanosoma scaffold 1,AIDD_Results trypanosoma scaffold 1,0,Xr-; Xm+; MUT,
,2128,16123,false,false,false,255 255 255 255,false,,,,,,,0,0.5,2,n1[nH]nnc1CN(C2)C(CC(F)CC3F)C3S(=O)c(c2c45)cc(=O)n5CCC4,AIDD_Results trypanosoma scaffold 1,AIDD_Results trypanosoma scaffold 1,0,fu-; Vd-; Xr-; CL-,
,2129,16286,false,false,false,255 255 255 255,false,,,,,,,0,2,2,C1CN(CC2)C(C)[C@@H](C12)CN(CC3)C(C34)N=CC(=O)O4,AIDD_Results trypanosoma scaffold 1,AIDD_Results trypanosoma scaffold 1,0,Xr-; Xm-; MUT,
,2130,16316,false,false,false,255 255 255 255,false,,,,,,,0,2,2,C1OC(=O)CCc(c12)n3c(c2)ncoc3=O,AIDD_Results trypanosoma scaffold 1,AIDD_Results trypanosoma scaffold 1,0,HEPX; MUT,
,2131,16341,false,false,false,255 255 255 255,false,,,,,,,0,2,2,N#CC(C1)N(CC2)C[C@@H](C12)N(C=CS3(=O)=O)n(c34)c(=O)ccc4,AIDD_Results trypanosoma scaffold 1,AIDD_Results trypanosoma scaffold 1,0,HEPX; MUT,
,2132,16533,false,false,false,255 255 255 255,false,,,,,,,0,2,2,CN(C)CC1=C(CCC1)N2n(c(=O)c(CO)cc3)c3S(=O)c(c24)cccc4,AIDD_Results trypanosoma scaffold 1,AIDD_Results trypanosoma scaffold 1,0,Xm; HEPX,
,2133,16618,false,false,false,255 255 255 255,false,,,,,,,0,0,2,O=C(O)c(c1)c(Cl)cc(c12)Oc3c(N2C)cccc3,AIDD_Results trypanosoma scaffold 1,AIDD_Results trypanosoma scaffold 1,0,fu; 1A2,
,2134,16883,false,false,false,255 255 255 255,false,,,,,,,0,2,2,CC(=O)NC1CNC(C2)C1Nn(c2c(c34)OCC3)c(=O)c4-n5cncn5,AIDD_Results trypanosoma scaffold 1,AIDD_Results trypanosoma scaffold 1,0,Xr-; Xm+; MUT,
,2135,17228,false,false,false,255 255 255 255,false,,,,,,,0,0.5,2,CN(C)CCC(=O)N1C(C(C(F)(F)F)=CCC2)=C2S(=O)c(c13)ncn(c3=O)CN,AIDD_Results trypanosoma scaffold 1,AIDD_Results trypanosoma scaffold 1,0,fu-; Vd-; Xm-; CL-,
,2136,17271,false,false,false,255 255 255 255,false,,,,,,,0,2,2,o1cnn2c(=O)cc(c3c12)N(C(=O)C4CN(C)CO4)N5C(C3)=NC=C(Cl)C(=O)C5,AIDD_Results trypanosoma scaffold 1,AIDD_Results trypanosoma scaffold 1,0,Xr-; Xm+; MUT,
,2137,17320,false,false,false,255 255 255 255,false,,,,,,,0,1,2,C1CN(CC2)C[C@@H](C12)CN3C=C(c4cc(S(=O)C)ccc4)SC=C3c5nccs5,AIDD_Results trypanosoma scaffold 1,AIDD_Results trypanosoma scaffold 1,0,Xr-; Xm+; 2C19,
,2138,17362,false,false,false,255 255 255 255,false,,,,,,,0,2,2,O=C1COC=Nc(c12)c(C(C34)CN(CO4)CC3)n5c2CCC=N5,AIDD_Results trypanosoma scaffold 1,AIDD_Results trypanosoma scaffold 1,0,Xr-; Xm+; MUT,
,2139,17491,false,false,false,255 255 255 255,false,,,,,,,0,2,2,CC(=O)NC1CNC(C12)Cc3n(N2)c(=O)c(cc3)-n4cncn4,AIDD_Results trypanosoma scaffold 1,AIDD_Results trypanosoma scaffold 1,0,Xr-; Xm+; MUT,
,2140,17563,false,false,false,255 255 255 255,false,,,,,,,0,0,2,o1ccnc1CN(C)CCCN2c([nH]ccc3=O)c3Sc(c24)cc(O)c(Cl)c4O,AIDD_Results trypanosoma scaffold 1,AIDD_Results trypanosoma scaffold 1,0,fu; 2C9,
,2141,17591,false,false,false,255 255 255 255,false,,,,,,,0,0.5,2,FC(F)(F)Cn1c(C)nc(c12)S(=O)c3n(c(=O)c(CN)cc3)N2C4CCN(C)C4,AIDD_Results trypanosoma scaffold 1,AIDD_Results trypanosoma scaffold 1,0,fu-; Vd-; Xm+; CL-,
,2142,17600,false,false,false,255 255 255 255,false,,,,,,,0,2,2,C1CN(CC2)C(CC12)C3=C(N=COC4)N4C(C3=5)CC(=O)OC5,AIDD_Results trypanosoma scaffold 1,AIDD_Results trypanosoma scaffold 1,0,Xr-; Xm-; HEPX,
,2143,17601,false,false,false,255 255 255 255,false,,,,,,,0,2,2,O=C1C=CN=CN(C2=O)C1N(C(=O)C3C(C)NCO3)c4c(F)cc(c5c24)nccc5,AIDD_Results trypanosoma scaffold 1,AIDD_Results trypanosoma scaffold 1,0,Xr+; Xm-; MUT,
,2144,17659,false,false,false,255 255 255 255,false,,,,,,,0,2,2,O1CN(C)CC1C(=O)Cn2n(c(=O)cc(n3)C)c3c(=O)c4c2ccc(c45)nco5,AIDD_Results trypanosoma scaffold 1,AIDD_Results trypanosoma scaffold 1,0,Xr-; Xm+; MUT,
,2145,17683,false,false,false,255 255 255 255,false,,,,,,,1.5,0.5,2,n1coc(c12)c(C(=O)C=N)cc3c2N(C(=O)C)c4c(S3)c(N)c(=O)n(C(=O)C)c4C,AIDD_Results trypanosoma scaffold 1,AIDD_Results trypanosoma scaffold 1,0,ch; Kow-; Xm-,
,2146,17801,false,false,false,255 255 255 255,false,,,,,,,0,2,2,C#CN1C=COc(c12)coc(=O)c2,AIDD_Results trypanosoma scaffold 1,AIDD_Results trypanosoma scaffold 1,0,HEPX; MUT,
,2147,17844,false,false,false,255 255 255 255,false,,,,,,,0,1,2,CC(=O)N(C)C(=O)n(c1N)c(C)c(c12)cccc2C=N,AIDD_Results trypanosoma scaffold 1,AIDD_Results trypanosoma scaffold 1,0,MUT; 1A2,
,2148,17911,false,false,false,255 255 255 255,false,,,,,,,0,2,2,C1CN(CC2)C[C@@H](C12)CCN(C=CS3)C([N+]([O-])=O)=C3C4=CCC(=O)C=C4,AIDD_Results trypanosoma scaffold 1,AIDD_Results trypanosoma scaffold 1,0,HEPX; MUT,
,2149,18116,false,false,false,255 255 255 255,false,,,,,,,0,1,2,n1ocnc1-c(ccc2)c(C3)c2CC(C34)NCC4,AIDD_Results trypanosoma scaffold 1,AIDD_Results trypanosoma scaffold 1,0,Xm; 2D6,
,2150,18218,false,false,false,255 255 255 255,false,,,,,,,0,2,2,c1c[nH]c(c12)S(=O)CN(C2)CC(C3)N(CC(C)C34)CC4n5cncn5,AIDD_Results trypanosoma scaffold 1,AIDD_Results trypanosoma scaffold 1,0,Xr-; Xm+; MUT,
,2151,18309,false,false,false,255 255 255 255,false,,,,,,,0,1,2,CSc1cncc(c12)COC(S2=O)[C@H](C34)CN(CC3)CC4,AIDD_Results trypanosoma scaffold 1,AIDD_Results trypanosoma scaffold 1,0,Xm; 2C19,
,2152,18533,false,false,false,255 255 255 255,false,,,,,,,0,2,2,CCN1COCC1CCN2N(C(=S)C(C)CN3)C=3C(=O)c4c2ccc(c45)ocn5,AIDD_Results trypanosoma scaffold 1,AIDD_Results trypanosoma scaffold 1,0,Xr-; Xm+; HEPX,
,2153,18922,false,false,false,255 255 255 255,false,,,,,,,0,2,2,C1CN(CC2)CC(C12)C(C)N3N(c4nc(F)on4)C(=O)SC(C3=5)=COCC5,AIDD_Results trypanosoma scaffold 1,AIDD_Results trypanosoma scaffold 1,0,Xr-; Xm+; HEPX,
,2154,18998,false,false,false,255 255 255 255,false,,,,,,,0,2,2,C1CN(CC2)C=C(C12)C(C#N)N3C=CSC(C34)C=COC4C,AIDD_Results trypanosoma scaffold 1,AIDD_Results trypanosoma scaffold 1,0,Xm; HEPX,
,2155,19070,false,false,false,255 255 255 255,false,,,,,,,0,1.5,2,CC(=O)C(C1=O)C=NC(=C12)SC3=C(N2C=O)CC(C(=O)N)C=C3,AIDD_Results trypanosoma scaffold 1,AIDD_Results trypanosoma scaffold 1,0,Xm-; HEPX; CL-,
,2156,19081,false,false,false,255 255 255 255,false,,,,,,,0,2,2,c1oc(=N)cc(c12)S(=O)(=O)C(=C\C)/N(C(=O)C)N2C3CCN(C34)CC4,AIDD_Results trypanosoma scaffold 1,AIDD_Results trypanosoma scaffold 1,0,Xr-; Xm-; MUT,
,2157,19173,false,false,false,255 255 255 255,false,,,,,,,0,2,2,NCC(=O)n(c1=O)ccc(c12)SC3=C(N2C=O)CCC(=C3)n4cncn4,AIDD_Results trypanosoma scaffold 1,AIDD_Results trypanosoma scaffold 1,0,Xm; HEPX,
,2158,19266,false,false,false,255 255 255 255,false,,,,,,,0,1,2,CC(=O)C1C(C)NC(C1)C[C@H](C23)CN(CC2)C(S3)C4=CCNCC4,AIDD_Results trypanosoma scaffold 1,AIDD_Results trypanosoma scaffold 1,0,Xr-; Xm+; 2D6,
,2159,19447,false,false,false,255 255 255 255,false,,,,,,,0,2,2,C1CN(CC2)C=C(C12)C(C#N)N3C=CSC(C34)C=COC4CF,AIDD_Results trypanosoma scaffold 1,AIDD_Results trypanosoma scaffold 1,0,Xm; HEPX,
,2160,19579,false,false,false,255 255 255 255,false,,,,,,,0,2,2,C1NCCC1CN2N(CC(=O)C(C)CN3)C=3C(=O)c4c2ccc(c45)ocn5,AIDD_Results trypanosoma scaffold 1,AIDD_Results trypanosoma scaffold 1,0,Xr-; Xm+; HEPX,
,2161,19628,false,false,false,255 255 255 255,false,,,,,,,0,2,2,c1c[nH]c(c12)CN(CS2=O)CC(C3)N(CC(C)C34)CC4n5cncn5,AIDD_Results trypanosoma scaffold 1,AIDD_Results trypanosoma scaffold 1,0,Xr-; Xm+; MUT,
,2162,19689,false,false,false,255 255 255 255,false,,,,,,,0,1,2,CN(C)CCCN(N(C=12)C(=O)C(CF)C1)c3c(S2=O)c(C)cc(C)c3,AIDD_Results trypanosoma scaffold 1,AIDD_Results trypanosoma scaffold 1,0,Xr-; Xm-; 2C19,
,2163,19762,false,false,false,255 255 255 255,false,,,,,,,0,2,2,C1CN(CC2)C[C@@H](C12)C(=O)N(C3CCC=C4)C(C5C34)N=CNC5,AIDD_Results trypanosoma scaffold 1,AIDD_Results trypanosoma scaffold 1,0,Xr-; Xm-; HEPX,
,2164,19840,false,false,false,255 255 255 255,false,,,,,,,0,1,2,C1CN(CC2)C[C@@H](C12F)C(=O)n(c3ccc(c4)CN)c(c5c34)CC=COC5,AIDD_Results trypanosoma scaffold 1,AIDD_Results trypanosoma scaffold 1,0,Xr-; Xm-; 2D6,
,2165,19844,false,false,false,255 255 255 255,false,,,,,,,0,2,2,Cc1cc(F)n(c12)CC(=O)NC2=O,AIDD_Results trypanosoma scaffold 1,AIDD_Results trypanosoma scaffold 1,0,HEPX; MUT,
,2166,19915,false,false,false,255 255 255 255,false,,,,,,,0,2,2,C1CN(CC2)C[C@@H](C12)CN(CC3)C(C=34)COC=C4,AIDD_Results trypanosoma scaffold 1,AIDD_Results trypanosoma scaffold 1,0,Xr-; Xm-; HEPX,
,2167,19933,false,false,false,255 255 255 255,false,,,,,,,0,1,2,C1CN(CC2)C[C@@H](C12)C(C#N)N(c(c34)c(=O)cc[nH]4)C(C3)N/C=N/Cc5ccco5,AIDD_Results trypanosoma scaffold 1,AIDD_Results trypanosoma scaffold 1,0,Xr-; Xm-; 2D6,
,2168,19968,false,false,false,255 255 255 255,false,,,,,,,0,1,2,C1CN(CO2)C[C@@H](C12)C(=O)n(c3)ncc3C4=CC(=O)COC4,AIDD_Results trypanosoma scaffold 1,AIDD_Results trypanosoma scaffold 1,0,MUT; 1A2,
,2169,19982,false,false,false,255 255 255 255,false,,,,,,,0,2,2,CC(=O)COC1CSC=NN1C(=O)C[C@H](C23)CN(CC2)CC3,AIDD_Results trypanosoma scaffold 1,AIDD_Results trypanosoma scaffold 1,0,Xm; MUT,
,2170,19987,false,false,false,255 255 255 255,false,,,,,,,0,2,2,CN(C1)CCCC1C(=O)N2N(CC(=O)C=CN3)C=3C(=O)c4c2ccc(c45)nco5,AIDD_Results trypanosoma scaffold 1,AIDD_Results trypanosoma scaffold 1,0,Xr-; Xm+; MUT,
,2171,19991,false,false,false,255 255 255 255,false,,,,,,,0,2,2,C1CN(CC2)C[C@@H](C12)CN(C3CCCC4)C(C5=C34)N=CNC5,AIDD_Results trypanosoma scaffold 1,AIDD_Results trypanosoma scaffold 1,0,Xr-; Xm+; HEPX,
,2172,20087,false,false,false,255 255 255 255,false,,,,,,,0,2,2,C1CN(CC2)C[C@@H](C12)CN(n(c34)c(=O)ccc3)C=C(C4)N5C(C)CCC5=O,AIDD_Results trypanosoma scaffold 1,AIDD_Results trypanosoma scaffold 1,0,Xr-; Xm-; HEPX,
,2173,20118,false,false,false,255 255 255 255,false,,,,,,,0,2,2,c1onc(c12)C3C(CC2)N(CC(C4=O)CCN4)N5C(C3=O)=NC=C(C)C(=O)C5,AIDD_Results trypanosoma scaffold 1,AIDD_Results trypanosoma scaffold 1,0,Xr+; Xm-; MUT,
,2174,20317,false,false,false,255 255 255 255,false,,,,,,,0,2,2,c1cc(N)c(=O)n(c12)N(C3N2C(=O)OC=N3)[C@H](C45)CN(CC4)CC5,AIDD_Results trypanosoma scaffold 1,AIDD_Results trypanosoma scaffold 1,0,Xr-; Xm-; MUT,
,2175,20339,false,false,false,255 255 255 255,false,,,,,,,0,1,2,C1CN(CC2)C[C@@H](C12)CCCn(c3CC=C4)c(c5c34)NC=NC5,AIDD_Results trypanosoma scaffold 1,AIDD_Results trypanosoma scaffold 1,0,Xr-; Xm+; 2D6,
,2176,20409,false,false,false,255 255 255 255,false,,,,,,,0,2,2,c1csc(c12)c3c(cc2)N(C(=O)C4=CN(C)CO4)N5C(C3)=NC(=O)CC(=O)C5,AIDD_Results trypanosoma scaffold 1,AIDD_Results trypanosoma scaffold 1,0,Xr-; Xm-; MUT,
,2177,20439,false,false,false,255 255 255 255,false,,,,,,,0,1,2,C1CN(CC2)C[C@@H](C12)OC(C#N)n(c3CCC=C4)c(c5c34)NC=NC5,AIDD_Results trypanosoma scaffold 1,AIDD_Results trypanosoma scaffold 1,0,Xr-; Xm+; 2D6,
,2178,20468,false,false,false,255 255 255 255,false,,,,,,,0,2,2,NCC(=N1)C(=O)COc(c12)cn(c2)C(C34)=C(C)N(CC3)CC4,AIDD_Results trypanosoma scaffold 1,AIDD_Results trypanosoma scaffold 1,0,HEPX; MUT,
,2179,20598,false,false,false,255 255 255 255,false,,,,,,,0,2,2,Fc1cc(C#N)cc2n(CF)c(c3c12)C=COC3,AIDD_Results trypanosoma scaffold 1,AIDD_Results trypanosoma scaffold 1,0,HEPX; MUT,
,2180,20616,false,false,false,255 255 255 255,false,,,,,,,0,1,2,O=C1CCCc(c12)cn3c2CN=C4N(C3)CCCC4,AIDD_Results trypanosoma scaffold 1,AIDD_Results trypanosoma scaffold 1,0,MUT; 2D6,
,2181,20632,false,false,false,255 255 255 255,false,,,,,,,0,2,2,c1oc(=O)cc(S2(=O)=O)c1N(N(C2=3)C(=O)C(C3)CC#N)C4CCN(C45)CC5,AIDD_Results trypanosoma scaffold 1,AIDD_Results trypanosoma scaffold 1,0,Xr-; Xm-; MUT,
,2182,20641,false,false,false,255 255 255 255,false,,,,,,,0,2,2,O=C1COC=Nc(c12)c(C(CC34)N(CO4)CC3)n5c2C(N)CC=N5,AIDD_Results trypanosoma scaffold 1,AIDD_Results trypanosoma scaffold 1,0,Xr-; Xm+; MUT,
,2183,20736,false,false,false,255 255 255 255,false,,,,,,,0,2,2,CC(=O)N(C1)N(CC2)C(C=N)CC12,AIDD_Results trypanosoma scaffold 1,AIDD_Results trypanosoma scaffold 1,0,HEPX; MUT,
,2184,20794,false,false,false,255 255 255 255,false,,,,,,,1,1,2,CC(=O)c1[nH]c(=O)c(N)c(S2)c1N(C(=O)C)c3c2c(c4c(c35)ocn5)CN=CC4=O,AIDD_Results trypanosoma scaffold 1,AIDD_Results trypanosoma scaffold 1,0,ch; Xr+; Xm-,
,2185,20881,false,false,false,255 255 255 255,false,,,,,,,0.5,0.5,2,NCc1ccc(nc1)S(=O)C(C2C#C)C(CCC2)NC(C)CCN(C)C,AIDD_Results trypanosoma scaffold 1,AIDD_Results trypanosoma scaffold 1,0,RotB; Xm+; 2C19,
,2186,20936,false,false,false,255 255 255 255,false,,,,,,,0,2,2,O=c1cc(CN)cc(S2=O)n1NC(=CC3)C2C(C=34)CCCC4,AIDD_Results trypanosoma scaffold 1,AIDD_Results trypanosoma scaffold 1,0,Xm; HEPX,
,2187,21052,false,false,false,255 255 255 255,false,,,,,,,0,2,2,NCc(c1=O)ccc(S2=O)n1NC(=CC3)C2C(C=34)CCCC4,AIDD_Results trypanosoma scaffold 1,AIDD_Results trypanosoma scaffold 1,0,Xm; HEPX,
,2188,21073,false,false,false,255 255 255 255,false,,,,,,,0,2,2,C12C=CN(CC2)C[C@@H]1C(=O)N(C3CCC=C4)C(C5C34)N=CNC5,AIDD_Results trypanosoma scaffold 1,AIDD_Results trypanosoma scaffold 1,0,Xr-; Xm-; HEPX,
,2189,21108,false,false,false,255 255 255 255,false,,,,,,,0,1,2,C/C=C/c(c1)ccc(c12)C3C(CNC3)C2CC(C4)N(CC5)CC(C45)N,AIDD_Results trypanosoma scaffold 1,AIDD_Results trypanosoma scaffold 1,0,Xr-; Xm+; 2D6,
,2190,21151,false,false,false,255 255 255 255,false,,,,,,,0,2,2,O=S1(=O)C=CC(C1)CC[C@H]2CN(CC3)C=CC23F,AIDD_Results trypanosoma scaffold 1,AIDD_Results trypanosoma scaffold 1,0,HEPX; MUT,
,2191,21158,false,false,false,255 255 255 255,false,,,,,,,0,2,2,c1snc(c12)OC3C(C2)CCC3,AIDD_Results trypanosoma scaffold 1,AIDD_Results trypanosoma scaffold 1,0,HEPX; MUT,
,2192,21199,false,false,false,255 255 255 255,false,,,,,,,0,2,2,C1NCNCC1n(c(n2)=O)c(=O)n(N3C)c2Sc4c3cc(Cl)c(c45)csc5,AIDD_Results trypanosoma scaffold 1,AIDD_Results trypanosoma scaffold 1,0,Xr-; Xm+; MUT,
,2193,21209,false,false,false,255 255 255 255,false,,,,,,,0,2,2,CC(=O)n(cn1)c(=O)c(c(F)c2)c1c3c2CC(=O)C(=C34)CN=C4,AIDD_Results trypanosoma scaffold 1,AIDD_Results trypanosoma scaffold 1,0,HEPX; MUT,
,2194,21257,false,false,false,255 255 255 255,false,,,,,,,0,1,2,C/C=C/c(c1)[nH]c(c12)C(C3C2CNC3)C[C@H](C45)CN(CC4)CC5,AIDD_Results trypanosoma scaffold 1,AIDD_Results trypanosoma scaffold 1,0,Xr-; Xm-; 2D6,
,2195,21285,false,false,false,255 255 255 255,false,,,,,,,0,1,2,C1N=CNc(c1c23)n(C)c2CCC=C3,AIDD_Results trypanosoma scaffold 1,AIDD_Results trypanosoma scaffold 1,0,Xm; 2D6,
,2196,21384,false,false,false,255 255 255 255,false,,,,,,,0,2,2,C1CN(NC2)CC(C12)c3ccn(c34)NCOC=N4,AIDD_Results trypanosoma scaffold 1,AIDD_Results trypanosoma scaffold 1,0,Xm; MUT,
,2197,21443,false,false,false,255 255 255 255,false,,,,,,,0,2,2,C1OC(=O)CC(C=12)N3C(=C2)COC3,AIDD_Results trypanosoma scaffold 1,AIDD_Results trypanosoma scaffold 1,0,HEPX; MUT,
,2198,21534,false,false,false,255 255 255 255,false,,,,,,,0,0.5,2,N#Cc(c1F)ccc(c12)S(=O)c3c(c(=O)n(cn3)CN)N2CCCN(C)C,AIDD_Results trypanosoma scaffold 1,AIDD_Results trypanosoma scaffold 1,0,fu-; Vd-; Xm+; CL-,
,2199,21623,false,false,false,255 255 255 255,false,,,,,,,0,2,2,O=C1COC(C#N)=Nc(c12)c(C(CC34)N(CO4)CC3)n5c2C(N)CC=N5,AIDD_Results trypanosoma scaffold 1,AIDD_Results trypanosoma scaffold 1,0,Xr-; Xm+; MUT,
,2200,22022,false,false,false,255 255 255 255,false,,,,,,,0,2,2,C1OCN(C1=2)C3C(C2)COC(=O)C3,AIDD_Results trypanosoma scaffold 1,AIDD_Results trypanosoma scaffold 1,0,HEPX; MUT,
,2201,22065,false,false,false,255 255 255 255,false,,,,,,,0,2,2,C1CN(CC2)C[C@@H](C12)C(=N)N(n(c34)ccc3)C5C(S4)=CC(=O)CC5,AIDD_Results trypanosoma scaffold 1,AIDD_Results trypanosoma scaffold 1,0,Xr-; Xm+; HEPX,
,2202,22131,false,false,false,255 255 255 255,false,,,,,,,0,2,2,C1CN(CC2)C[C@@H](C12O)CN(CC3)n(c34)c(=O)ccc4-c5ccnnc5,AIDD_Results trypanosoma scaffold 1,AIDD_Results trypanosoma scaffold 1,0,Xr-; Xm+; MUT,
,2203,22170,false,false,false,255 255 255 255,false,,,,,,,0,2,2,c1cccc(c12)CC(=O)n3c2nncc3=O,AIDD_Results trypanosoma scaffold 1,AIDD_Results trypanosoma scaffold 1,0,Xm; HEPX,
,2204,22199,false,false,false,255 255 255 255,false,,,,,,,0,0.5,2,CN(C)CCC(C)Nc(ccc1CF)c2S(=O)c(c3c12)c(=O)n(cn3)CN,AIDD_Results trypanosoma scaffold 1,AIDD_Results trypanosoma scaffold 1,0,fu-; Vd-; Xm-; CL-,
,2205,22216,false,false,false,255 255 255 255,false,,,,,,,0,2,2,O1CN(C)C=C1C(=O)N2N(CC(=O)C(C)=CN3)C=3C(=O)c4c2c(F)cc(c45)nco5,AIDD_Results trypanosoma scaffold 1,AIDD_Results trypanosoma scaffold 1,0,Xr-; Xm+; MUT,
,2206,22218,false,false,false,255 255 255 255,false,,,,,,,0,1.5,2,O=c1oc(F)c(C#N)n(c2=O)n1c(c23)cc(=O)sc3,AIDD_Results trypanosoma scaffold 1,AIDD_Results trypanosoma scaffold 1,0,Xm; HEPX+; 2C9-,
,2207,22271,false,false,false,255 255 255 255,false,,,,,,,0,2,2,CS(=O)(=O)n(cc1)c(c12)S(=O)CN(C2)CC(C3)N(CC4)CC(C34)n5cncn5,AIDD_Results trypanosoma scaffold 1,AIDD_Results trypanosoma scaffold 1,0,Xr-; Xm+; MUT,
,2208,22274,false,false,false,255 255 255 255,false,,,,,,,0,2,2,NC(=O)C(C=N1)Cc2n1c(C(C34)CN(CO4)CC3)c(c25)N=COCC5=O,AIDD_Results trypanosoma scaffold 1,AIDD_Results trypanosoma scaffold 1,0,Xr-; Xm-; MUT,
,2209,22328,false,false,false,255 255 255 255,false,,,,,,,0,2,2,FC1CN(CC2)CC(\C12)=C\C3C(=O)COc(c34)cc(=O)oc4,AIDD_Results trypanosoma scaffold 1,AIDD_Results trypanosoma scaffold 1,0,HEPX; MUT,
,2210,22477,false,false,false,255 255 255 255,false,,,,,,,0,1,2,C/C=C/c(c1)[nH]c(c12)C(CC(CC34)N(CC3)CC4)C5C2CNC5,AIDD_Results trypanosoma scaffold 1,AIDD_Results trypanosoma scaffold 1,0,Xr-; Xm-; 2D6,
,2211,22692,false,false,false,255 255 255 255,false,,,,,,,0,2,2,O=c1c(F)cnc(C2=O)n1N(CNC(=O)C)C(C3)C2CC(C34)OCN4C,AIDD_Results trypanosoma scaffold 1,AIDD_Results trypanosoma scaffold 1,0,HEPX; MUT,
,2212,22815,false,false,false,255 255 255 255,false,,,,,,,0,2,2,O=c1cn[nH]c(c12)c(C(CC34)N(CO4)CC3)c5c(c2O)C(=O)COC=N5,AIDD_Results trypanosoma scaffold 1,AIDD_Results trypanosoma scaffold 1,0,Xr-; Xm-; MUT,
,2213,22945,false,false,false,255 255 255 255,false,,,,,,,0,2,2,C1CN(CC2)CC(/C12O)=C\N(CC3)n(c34)c(=O)ccc4,AIDD_Results trypanosoma scaffold 1,AIDD_Results trypanosoma scaffold 1,0,Xm; HEPX,
,2214,23002,false,false,false,255 255 255 255,false,,,,,,,0,1,2,C1CCc2n(C)c(c3c12)NCC4C(S3=O)=C([N+]([O-])=O)C(=O)CC4,AIDD_Results trypanosoma scaffold 1,AIDD_Results trypanosoma scaffold 1,0,MUT; 2C19,
,2215,23056,false,false,false,255 255 255 255,false,,,,,,,0,1,2,CCCS(=O)(=O)C1C=CC(C1C)[C@H](C23)N(CC2)CC3,AIDD_Results trypanosoma scaffold 1,AIDD_Results trypanosoma scaffold 1,0,MUT; 2D6,
,2216,23118,false,false,false,255 255 255 255,false,,,,,,,0,2,2,C1CN(CC2)C[C@@H](C12)CN3C(CN=CC4)C=4CN(C35)CC(C)C5,AIDD_Results trypanosoma scaffold 1,AIDD_Results trypanosoma scaffold 1,0,Xr-; Xm-; HEPX,
,2217,23120,false,false,false,255 255 255 255,false,,,,,,,0,2,2,C1CN(CC2)C(CC12)CC3=C(N=COC4)N4C(C3=5)CC=CC5,AIDD_Results trypanosoma scaffold 1,AIDD_Results trypanosoma scaffold 1,0,Xr-; Xm-; HEPX,
,2218,23137,false,false,false,255 255 255 255,false,,,,,,,0,2,2,C1CN(CC2)C[C@@H](C12)CN(n(c34)c(=O)ccc3)C=C(C4N)N5C(C)CCC5=O,AIDD_Results trypanosoma scaffold 1,AIDD_Results trypanosoma scaffold 1,0,Xr-; Xm+; HEPX,
,2219,23173,false,false,false,255 255 255 255,false,,,,,,,0,2,2,O=C1OCN(C1=2)C3C(C2)COC(=O)C3,AIDD_Results trypanosoma scaffold 1,AIDD_Results trypanosoma scaffold 1,0,HEPX; MUT,
,2220,23266,false,false,false,255 255 255 255,false,,,,,,,0,1.5,2,N12C(=O)CN(CC2)CC1Cn(c3cccc4)c(c5c34)N=COC5O,AIDD_Results trypanosoma scaffold 1,AIDD_Results trypanosoma scaffold 1,0,Xr-; MUT; CL-,
,2221,23367,false,false,false,255 255 255 255,false,,,,,,,0,2,2,FCc1ccn(c12)CC(=O)NC2=O,AIDD_Results trypanosoma scaffold 1,AIDD_Results trypanosoma scaffold 1,0,HEPX; MUT,
,2222,23448,false,false,false,255 255 255 255,false,,,,,,,0,2,2,C1C(=O)CN=C(C2=O)N1N(C(=O)C3CN(C)CO3)C(=C24)Cc5c4nco5,AIDD_Results trypanosoma scaffold 1,AIDD_Results trypanosoma scaffold 1,0,Xr-; Xm-; MUT,
,2223,23450,false,false,false,255 255 255 255,false,,,,,,,0,2,2,N#CC1C=C(C)N(C)N(C1=2)CC(=O)C=CC2,AIDD_Results trypanosoma scaffold 1,AIDD_Results trypanosoma scaffold 1,0,HEPX; MUT,
,2224,23459,false,false,false,255 255 255 255,false,,,,,,,0,1,2,C1CN(CC2)C[C@@H](C12)Cn(c3)ncc3-c4cc(S(=O)C)ccc4,AIDD_Results trypanosoma scaffold 1,AIDD_Results trypanosoma scaffold 1,0,Xm; 2C19,
,2225,23567,false,false,false,255 255 255 255,false,,,,,,,0,2,2,CN1COC(C12)OC3C(C2)N(C)n4c(C3=O)ncc(Br)c4=O,AIDD_Results trypanosoma scaffold 1,AIDD_Results trypanosoma scaffold 1,0,HEPX; MUT,
,2226,23750,false,false,false,255 255 255 255,false,,,,,,,0,2,2,CS(=O)(=O)n(c1)cc(c12)S(=O)CN(C2)CC(C3)N(CC4)CC(C34)n5cncn5,AIDD_Results trypanosoma scaffold 1,AIDD_Results trypanosoma scaffold 1,0,Xr-; Xm+; MUT,
,2227,23986,false,false,false,255 255 255 255,false,,,,,,,0,2,2,C1CC(=O)C(C#N)=NC(C12)N(C)CC2,AIDD_Results trypanosoma scaffold 1,AIDD_Results trypanosoma scaffold 1,0,HEPX; MUT,
,2228,24031,false,false,false,255 255 255 255,false,,,,,,,0,2,2,C1CN(CC2)C[C@@H](C12)CN(C3CCC=C4)C(C5C34)N=CN(C5)S(=O)(=O)C,AIDD_Results trypanosoma scaffold 1,AIDD_Results trypanosoma scaffold 1,0,Xr-; Xm-; MUT,
,2229,24190,false,false,false,255 255 255 255,false,,,,,,,0,1,2,C1CN(CO2)C[C@@H](C12)C(=O)n(c3)ncc3OC(=CC4=O)COC4,AIDD_Results trypanosoma scaffold 1,AIDD_Results trypanosoma scaffold 1,0,MUT; 1A2,
,2230,24205,false,false,false,255 255 255 255,false,,,,,,,0,2,2,CS(=O)(=O)n(c1)cc(c12)S(=O)CN(CC2)CC(C3)N(CC4)CC(C34)n5cncn5,AIDD_Results trypanosoma scaffold 1,AIDD_Results trypanosoma scaffold 1,0,Xr-; Xm+; MUT,
,2231,24235,false,false,false,255 255 255 255,false,,,,,,,0,2,2,CN1C=CCC(=C2)N1CC(=O)c(c23)ocn3,AIDD_Results trypanosoma scaffold 1,AIDD_Results trypanosoma scaffold 1,0,HEPX; MUT,
,2232,24375,false,false,false,255 255 255 255,false,,,,,,,0,1,2,C1CN(CC2)C(C)[C@@H](C12)Cn(c(c3)[N+]([O-])=O)c(c34)N=CCC4,AIDD_Results trypanosoma scaffold 1,AIDD_Results trypanosoma scaffold 1,0,MUT; 2D6,
,2233,24489,false,false,false,255 255 255 255,false,,,,,,,0,1.5,2,CSC1CNCC(C12)COC(S2=O)[C@H](C34)CN(CC3)CC4,AIDD_Results trypanosoma scaffold 1,AIDD_Results trypanosoma scaffold 1,0,Xm+; MUT; CL-,
,2234,24514,false,false,false,255 255 255 255,false,,,,,,,0,1,2,O=c1ccnc(S2)n1N(CC)c(c(F)c3Cl)c2c(c34)OCC4N,AIDD_Results trypanosoma scaffold 1,AIDD_Results trypanosoma scaffold 1,0,Xm; 1A2,
,2235,24597,false,false,false,255 255 255 255,false,,,,,,,0,1,2,O=C1CC(OC1)C2CN(N=CS2)C(=O)C[C@H](C34)C(N(CC3)CC4)Cn5cncn5,AIDD_Results trypanosoma scaffold 1,AIDD_Results trypanosoma scaffold 1,0,Xr+; Xm+; 3A4,
,2236,24622,false,false,false,255 255 255 255,false,,,,,,,0,2,2,N#CC(=N1)C(=O)COc(c12)cc([N+]([O-])=O)c(c2)CC(C34)=C(C)N(CC3)CC4,AIDD_Results trypanosoma scaffold 1,AIDD_Results trypanosoma scaffold 1,0,HEPX; MUT,
,2237,24657,false,false,false,255 255 255 255,false,,,,,,,0,2,2,CS(=O)(=O)n(cc1)c(c12)S(=O)CN(CC2)CC(C3)N(CC4)CC(C34)n5cncn5,AIDD_Results trypanosoma scaffold 1,AIDD_Results trypanosoma scaffold 1,0,Xr-; Xm+; MUT,
,2238,24766,false,false,false,255 255 255 255,false,,,,,,,0,1.5,2,N12C(=O)CN(CC2)C(=O)C1Cc3c(N=COC4O)n4c(c35)cccc5,AIDD_Results trypanosoma scaffold 1,AIDD_Results trypanosoma scaffold 1,0,Xr+; MUT; CL-,
,2239,25010,false,false,false,255 255 255 255,false,,,,,,,0,2,2,O=c1c(F)cnc(C2=O)n1N(CNC(=O)C)C3C2CCC(C34)OCN4C,AIDD_Results trypanosoma scaffold 1,AIDD_Results trypanosoma scaffold 1,0,HEPX; MUT,
,2240,25055,false,false,false,255 255 255 255,false,,,,,,,0,2,2,C1OC(=O)CC(F)c(c12)n3c(c2)ncoc3=O,AIDD_Results trypanosoma scaffold 1,AIDD_Results trypanosoma scaffold 1,0,HEPX; MUT,
,2241,25058,false,false,false,255 255 255 255,false,,,,,,,0,2,2,O=C1C=CC(C(=O)O)c(c12)c(F)n3c2CN=CN3,AIDD_Results trypanosoma scaffold 1,AIDD_Results trypanosoma scaffold 1,0,Xm; MUT,
,2242,25098,false,false,false,255 255 255 255,false,,,,,,,0,1,2,C1CN(CC2)C[C@@H](C12)CCc(c(c34)NC=NC4)n5c3C=CCCC5,AIDD_Results trypanosoma scaffold 1,AIDD_Results trypanosoma scaffold 1,0,Xr-; Xm+; 2D6,
,2243,25228,false,false,false,255 255 255 255,false,,,,,,,0,2,2,C1CN(CC2)C[C@@H](C12)CN3C=CCC(=C34)OCC=C4,AIDD_Results trypanosoma scaffold 1,AIDD_Results trypanosoma scaffold 1,0,Xr-; Xm-; HEPX,
,2244,25319,false,false,false,255 255 255 255,false,,,,,,,0,1.5,2,N12C(=O)CN(CC2)CC1Cc3c(N=COC4O)n4c(c35)cccc5,AIDD_Results trypanosoma scaffold 1,AIDD_Results trypanosoma scaffold 1,0,Xr-; MUT; CL-,
,2245,25360,false,false,false,255 255 255 255,false,,,,,,,0,2,2,n1ocnc1-c(cc2)n(c23)c4n(C(=O)C3)c(=O)cnn4,AIDD_Results trypanosoma scaffold 1,AIDD_Results trypanosoma scaffold 1,0,Xm; HEPX,
,2246,25474,false,false,false,255 255 255 255,false,,,,,,,0,2,2,C1CN(CC2)C[C@@H](C12)N(C3NC=C4)C(C5C34)CC(N)CC5,AIDD_Results trypanosoma scaffold 1,AIDD_Results trypanosoma scaffold 1,0,Xr-; Xm-; HEPX,
,2247,25475,false,false,false,255 255 255 255,false,,,,,,,2,0,2,Oc1c(C(F)(F)F)c(Br)c(N)c(c12)SC=CN2CC(CC3)C[N+]3(C)Cn4cnccc4=O,AIDD_Results trypanosoma scaffold 1,AIDD_Results trypanosoma scaffold 1,0,Size; Peff,
,2248,14353,false,false,false,255 255 255 255,false,,,,,,,0.501773,1,2.00177,C1CCCc(c12)cccc2,AIDD_Results trypanosoma scaffold 1,AIDD_Results trypanosoma scaffold 1,0,Kow; Vd-; hERG-; HEPX+,
,2249,14904,false,false,false,255 255 255 255,false,,,,,,,0,2.00541,2.00541,O1CN(C)CC1(O)CC(=O)N2n(c(=O)ccn3)c3Cc4c2ccc(c45)noc5,AIDD_Results trypanosoma scaffold 1,AIDD_Results trypanosoma scaffold 1,0,Xr-; Xm; MUT,
,2250,13797,false,false,false,255 255 255 255,false,,,,,,,0.458,1.55122,2.00922,N#CC1=CC(C(=O)C)CC(N2C=O)=C1Sc(c23)ncn(c3=O)C(=O)CC4=CCNCC4,AIDD_Results trypanosoma scaffold 1,AIDD_Results trypanosoma scaffold 1,0,Size; ch; Xm; HEPX,
,2251,24004,false,false,false,255 255 255 255,false,,,,,,,1.00865,0,2.00865,CN(C)C(=O)C(N)CN(C1)c(cc(O)cc2)c2S(=O)C(C1=3)NC(=O)C3,AIDD_Results trypanosoma scaffold 1,AIDD_Results trypanosoma scaffold 1,0,HBD; HBA; Peff; 2C19,
,2252,16215,false,false,false,255 255 255 255,false,,,,,,,0,2,2.00959,COCC(=O)CCC1CN(N=CS1)C(=O)C[C@H](C23)CN(CC2)CC3,AIDD_Results trypanosoma scaffold 1,AIDD_Results trypanosoma scaffold 1,0,Xm; MUT; 3A4,
,2253,21419,false,false,false,255 255 255 255,false,,,,,,,1.51111,0.5,2.01111,O=C(O)C(CO1)N=C1C(C)C(OC)C(C2)N(CC3)C[C@@H](C23)CN(C=CS4)c(c45)n(C(=O)O)c(=S)cc5,AIDD_Results trypanosoma scaffold 1,AIDD_Results trypanosoma scaffold 1,0,Size; HBA; ch; Xr-,
,2254,2086,false,false,false,255 255 255 255,false,,,,,,,0.513227,0.5,2.01323,O=C(O)c1c(Cl)ccc(c12)Sc3c(CC/2=C\C)ccc(c3)C(=O)O,AIDD_Results trypanosoma scaffold 1,AIDD_Results trypanosoma scaffold 1,0,Kow; fu; Xm+,
,2255,18430,false,false,false,255 255 255 255,false,,,,,,,0,1.5,2.01588,CC(=O)Nc1cccc(c12)c(F)c3c(N=COCC3)c2[C@H](C45)CN(CO5)CC4O,AIDD_Results trypanosoma scaffold 1,AIDD_Results trypanosoma scaffold 1,0,Xr-; MUT; 2C9,
,2256,24354,false,false,false,255 255 255 255,false,,,,,,,0.285157,1.73203,2.01719,o1cnc(c12)cc3c(c2Br)N(C(=O)CC4(F)CN(C)CO4)n5c(C3)nccc5=O,AIDD_Results trypanosoma scaffold 1,AIDD_Results trypanosoma scaffold 1,0,Size; Xr-; Xm; MUT,
,2257,6611,false,false,false,255 255 255 255,false,,,,,,,0.0229782,2,2.02298,c1oc(=O)cc(c12)S(=O)(=O)N(C#N)C(=O)C2/C=C(\C34)CN(CC3F)CC4,AIDD_Results trypanosoma scaffold 1,AIDD_Results trypanosoma scaffold 1,0,HBA; HEPX; MUT,
,2258,9638,false,false,false,255 255 255 255,false,,,,,,,0.209256,0.813511,2.02277,c1ccccc1C(F)(F)c2cc(F)c(O)c(c23)SC4=C(N3)CN5C(C4)CNCC5,AIDD_Results trypanosoma scaffold 1,AIDD_Results trypanosoma scaffold 1,0,Sw; Xr-; Xm; 2C19,
,2259,21278,false,false,false,255 255 255 255,false,,,,,,,0.526608,0.5,2.02661,C#CN1CCNC(C1=O)CN(C2)c(ccc(F)c3)c3S(=O)c(c24)ccc(c4)-c5ncon5,AIDD_Results trypanosoma scaffold 1,AIDD_Results trypanosoma scaffold 1,0,Size; Sw; Xr-; 2C9,
,2260,18629,false,false,false,255 255 255 255,false,,,,,,,0,1.02818,2.02818,NCC(=O)n(cn1)c(=O)c(c(C)c2)c1c3c2CC(=O)C(=C34)CN=C4,AIDD_Results trypanosoma scaffold 1,AIDD_Results trypanosoma scaffold 1,0,Xr; MUT; 1A2,
,2261,10360,false,false,false,255 255 255 255,false,,,,,,,0,1.2409,2.02915,N#CC(C1F)NC(C12)Cc3n(c(=O)ccc3)N2CC(C45)C(=O)N(CC4)CC5,AIDD_Results trypanosoma scaffold 1,AIDD_Results trypanosoma scaffold 1,0,Xr-; Xm; 3A4,
,2262,18007,false,false,false,255 255 255 255,false,,,,,,,1.53047,0.5,2.03047,CC(=O)NC1=C(C)S(=O)(=O)OC(=C12)Cc3n(c(=O)c(CN)cc3)N2C4CCN(C)C4,AIDD_Results trypanosoma scaffold 1,AIDD_Results trypanosoma scaffold 1,0,HBA; ch; Peff; Xm+,
,2263,9870,false,false,false,255 255 255 255,false,,,,,,,1.032,1,2.032,CC(=O)n1c(=O)c(C#N)cc(S2)c1Cc3c2cc(c(c34)[nH]cn4)C(=O)C5CCCN5,AIDD_Results trypanosoma scaffold 1,AIDD_Results trypanosoma scaffold 1,0,ch; Sw; Xr-; Xm+,
,2264,12935,false,false,false,255 255 255 255,false,,,,,,,0.036,2,2.036,O1CNC(C)C1C(=O)N2N(CC(=O)C=CN3)C=3C(=O)c4c2c(F)cc(c45)nco5,AIDD_Results trypanosoma scaffold 1,AIDD_Results trypanosoma scaffold 1,0,ch; Xr-; Xm+; MUT,
,2265,15242,false,false,false,255 255 255 255,false,,,,,,,0.036,2,2.036,n1coc(c12)c3c(cc2F)N(C(=O)C4C(C)NCO4)N5C(C3=O)=NC=CC(=O)C5,AIDD_Results trypanosoma scaffold 1,AIDD_Results trypanosoma scaffold 1,0,ch; Xr-; Xm+; MUT,
,2266,6699,false,false,false,255 255 255 255,false,,,,,,,0,2,2.04014,C1CN(CC2)C[C@@H](C12F)C(=O)C(N=CS3)C(C3=4)CC(=O)OC4,AIDD_Results trypanosoma scaffold 1,AIDD_Results trypanosoma scaffold 1,0,Xr; HEPX; 3A4,
,2267,19850,false,false,false,255 255 255 255,false,,,,,,,0.54,1.5,2.04,CC1CCCN1C(C=C2SC)CC(CC2)C3=CS(=O)C(OC3)[C@H](C45)CN(CC4)CC5,AIDD_Results trypanosoma scaffold 1,AIDD_Results trypanosoma scaffold 1,0,Size; Xr-; Xm+; HEPX-,
,2268,23392,false,false,false,255 255 255 255,false,,,,,,,0,2.03996,2.03996,N#CCCN1C=CSc(c12)n(ccc2=O)CN3CNC=N3,AIDD_Results trypanosoma scaffold 1,AIDD_Results trypanosoma scaffold 1,0,Xr; Xm; MUT,
,2269,23957,false,false,false,255 255 255 255,false,,,,,,,0,1.5,2.0397,C1CN(CO2)C[C@@](F)(C12)c3cc(-c4ncco4)n(c35)C(=O)CCC=N5,AIDD_Results trypanosoma scaffold 1,AIDD_Results trypanosoma scaffold 1,0,Xr-; MUT; 2C19,
,2270,15260,false,false,false,255 255 255 255,false,,,,,,,0.543322,0.5,2.04332,Cc1c[nH]c(c12)S(=O)C3C(N2CCCN(C)C)CC(CN)CC3c4cnc[nH]4,AIDD_Results trypanosoma scaffold 1,AIDD_Results trypanosoma scaffold 1,0,HBD; Peff; Xm+; 2C19,
,2271,10623,false,false,false,255 255 255 255,false,,,,,,,1.54389,0.5,2.04389,NC(=O)C1CN(C12)CC=C2N(N(C=34)C(=O)C(C)C3)c5c(S4(=O)=O)cc(=O)oc5,AIDD_Results trypanosoma scaffold 1,AIDD_Results trypanosoma scaffold 1,0,HBA; ch; Xr+,
,2272,23533,false,false,false,255 255 255 255,false,,,,,,,0,0.5,2.04475,O=c1cc[nH]c(c12)c(F)c3c(N=COCC3)c2[C@H](C45)CN(CS5)CC4O,AIDD_Results trypanosoma scaffold 1,AIDD_Results trypanosoma scaffold 1,0,Xr-; 2C9; 3A4,
,2273,15253,false,false,false,255 255 255 255,false,,,,,,,0,2.04607,2.04607,s1cnc(c12)OC3C(C2)CCC3,AIDD_Results trypanosoma scaffold 1,AIDD_Results trypanosoma scaffold 1,0,Xm; HEPX; MUT,
,2274,20746,false,false,false,255 255 255 255,false,,,,,,,0,2,2.04639,C12CCN(CO2)CN1C#CN3C(c4ncon4)=COc(c35)sc(=O)cc5,AIDD_Results trypanosoma scaffold 1,AIDD_Results trypanosoma scaffold 1,0,Xr-; Xm+; MUT; 1A2,
,2275,22404,false,false,false,255 255 255 255,false,,,,,,,0.047,2,2.047,o1cnc(c12)n3c(c2)N(C(=O)C)N4C(C3=O)=NC(C)=CS4(=O)=O,AIDD_Results trypanosoma scaffold 1,AIDD_Results trypanosoma scaffold 1,0,ch; HEPX; MUT,
,2276,19306,false,false,false,255 255 255 255,false,,,,,,,0,2,2.05085,c1csc(c12)c3c(cc2)N(C(=O)C4CN(C)CO4)N5C(C3)=NCCC(=O)C5,AIDD_Results trypanosoma scaffold 1,AIDD_Results trypanosoma scaffold 1,0,Xr+; Xm+; MUT; 1A2,
,2277,22004,false,false,false,255 255 255 255,false,,,,,,,0,1.00692,2.05139,NCc(c1)ccc2n(c(c3c12)CC=CO3)CC(CC45)N(CC4)CC5,AIDD_Results trypanosoma scaffold 1,AIDD_Results trypanosoma scaffold 1,0,Vd; rat; Xr-; Xm+; 2D6,
,2278,22124,false,false,false,255 255 255 255,false,,,,,,,0,2,2.05428,n1cncn1C(N(CC2)CC3)[C@@H](C23)CCn4cccc4C5=CCN=CN5,AIDD_Results trypanosoma scaffold 1,AIDD_Results trypanosoma scaffold 1,0,Xr-; Xm+; HEPX; 2D6,
,2279,24183,false,false,false,255 255 255 255,false,,,,,,,0,2,2.05845,O=C1COC(C#N)=Nc(c12)c(C(CC34)N(CO4)CC3)n5c2C(F)CC=N5,AIDD_Results trypanosoma scaffold 1,AIDD_Results trypanosoma scaffold 1,0,Xr-; Xm+; MUT; 1A2,
,2280,9612,false,false,false,255 255 255 255,false,,,,,,,0.059,1,2.059,n1coc(c12)c(C(=O)O)cc3c2Sc4c(N3)ccc(c4)[N+]([O-])=O,AIDD_Results trypanosoma scaffold 1,AIDD_Results trypanosoma scaffold 1,0,ch; fu; MUT,
,2281,19365,false,false,false,255 255 255 255,false,,,,,,,0.0587657,1,2.05877,C1CNCC=C1/C(=C\[C@H](C23)C(NC)N(CC2)CC3)C4C=CCC=C4,AIDD_Results trypanosoma scaffold 1,AIDD_Results trypanosoma scaffold 1,0,Kow; Xm+; HEPX+; 2D6,
,2282,13793,false,false,false,255 255 255 255,false,,,,,,,0,1.41028,2.06038,N#Cc(c1)ccc(c12)n3c(N=COC3)c2C(F)[C@H](C45)CN(CC4)CC5,AIDD_Results trypanosoma scaffold 1,AIDD_Results trypanosoma scaffold 1,0,Xr-; Xm; 2D6,
,2283,11593,false,false,false,255 255 255 255,false,,,,,,,0.4105,1.6504,2.0609,CC(N1)=CC(=O)CN(N2CC)C=1C(=O)c(c3)c2c([N+]([O-])=O)c(c34)noc4,AIDD_Results trypanosoma scaffold 1,AIDD_Results trypanosoma scaffold 1,0,ch; Xm; MUT,
,2284,11680,false,false,false,255 255 255 255,false,,,,,,,1,1,2.06157,CN(C)\C=C\Cc(c1[N+]([O-])=O)c(C=CCC2=O)c2c(c13)ccoc3=O,AIDD_Results trypanosoma scaffold 1,AIDD_Results trypanosoma scaffold 1,0,Sw; MUT; 1A2,
,2285,18412,false,false,false,255 255 255 255,false,,,,,,,1.06372,1,2.06372,O=C(O)n(c1)c(=S)ccc1C2=CN(C=CS2)C[C@H](C34)CN(CC3O)C(S4)C(CC)OC,AIDD_Results trypanosoma scaffold 1,AIDD_Results trypanosoma scaffold 1,0,Size; Peff; Xr-; Xm+,
,2286,6728,false,false,false,255 255 255 255,false,,,,,,,1.56537,0.5,2.06537,Fc1c(Cl)cn(c1)C(=O)C[N+](C)(C)C(C2=O)CC(N2)N(CCC)\C=C\c3cc(N)c(Cl)cc3,AIDD_Results trypanosoma scaffold 1,AIDD_Results trypanosoma scaffold 1,0,Size; Peff; Xm-,
,2287,14156,false,false,false,255 255 255 255,false,,,,,,,1,0.5,2.06488,c1cc(=S)n(C(=O)O)c(c12)N(C=CS2)C[C@H](C34)CN(CC3O)C(C4)C(/C=C/C)C(C)c5cocn5,AIDD_Results trypanosoma scaffold 1,AIDD_Results trypanosoma scaffold 1,0,Size; fu; Xr-,
,2288,17843,false,false,false,255 255 255 255,false,,,,,,,0,2.06933,2.06933,C1CN(CC2)C(CC12F)C3=C(N=COC4=O)N4C(C3=5)CC(O)CC5,AIDD_Results trypanosoma scaffold 1,AIDD_Results trypanosoma scaffold 1,0,rat; Xr-; HEPX,
,2289,24148,false,false,false,255 255 255 255,false,,,,,,,0,0.5,2.06924,CN(C)CC(F)CN1n(c(=O)c(CN)cc2)c2S(=O)C(=C13)C(C)CC(F)C=C3CF,AIDD_Results trypanosoma scaffold 1,AIDD_Results trypanosoma scaffold 1,0,fu-; Vd-; Xm+; 2D6; CL-,
,2290,7075,false,false,false,255 255 255 255,false,,,,,,,0,2.07183,2.07183,n1cncn1C(S2)=CN([C@H](C34)CN(CC3)CC4)n(c25)c(=O)ccc5,AIDD_Results trypanosoma scaffold 1,AIDD_Results trypanosoma scaffold 1,0,hERG; Xr-; Xm+; HEPX,
,2291,12203,false,false,false,255 255 255 255,false,,,,,,,0,2,2.07219,[O-][N+](=O)c1csc(c12)CC3C(O2)CCN3,AIDD_Results trypanosoma scaffold 1,AIDD_Results trypanosoma scaffold 1,0,Xm; MUT; 2C19,
,2292,15640,false,false,false,255 255 255 255,false,,,,,,,0.0734575,2,2.07346,CC(O1)NCC1C(=O)N2N(CC(=O)C(F)=CN3)C=3Oc(c4)c2c(=O)n(c45)ncs5,AIDD_Results trypanosoma scaffold 1,AIDD_Results trypanosoma scaffold 1,0,HBA; Xr-; Xm+; MUT,
,2293,24987,false,false,false,255 255 255 255,false,,,,,,,0,1.07268,2.07268,NCC(=O)n(c1=O)cnc(c12)SC(=CN2C=O)\C=C\c3ccccc3,AIDD_Results trypanosoma scaffold 1,AIDD_Results trypanosoma scaffold 1,0,Xr; Xm; 2C9,
,2294,15497,false,false,false,255 255 255 255,false,,,,,,,0,1.07536,2.07536,C1CN(CC2)C[C@@H](C12)CC3C(CNCC4)C=4c(c35)oc(=O)cc5,AIDD_Results trypanosoma scaffold 1,AIDD_Results trypanosoma scaffold 1,0,rat; Xr-; Xm-; 2D6,
,2295,10530,false,false,false,255 255 255 255,false,,,,,,,0,1.07574,2.07574,CN1CN(CC2)C[C@@H](C12)C(S3=O)Oc(c34)cccc4Sc5ccccc5,AIDD_Results trypanosoma scaffold 1,AIDD_Results trypanosoma scaffold 1,0,hERG; Xr-; Xm+; 2C19,
,2296,19074,false,false,false,255 255 255 255,false,,,,,,,0,2.07588,2.07588,c1cc(C#N)cc2n(c(c3c12)N=COC3)/C=C(\C45)CN(CC4)CC5,AIDD_Results trypanosoma scaffold 1,AIDD_Results trypanosoma scaffold 1,0,Xr-; Xm; MUT,
,2297,4483,false,false,false,255 255 255 255,false,,,,,,,0.42863,1.64817,2.0768,Clc1ccn(c1)C[N+]2(C)CCC(CC2)N(n(c34)c(=O)c(Cl)cn3)C5C(S4)CCOC5,AIDD_Results trypanosoma scaffold 1,AIDD_Results trypanosoma scaffold 1,0,Size; hERG+; Xr-; Xm,
,2298,9636,false,false,false,255 255 255 255,false,,,,,,,0,1.07789,2.07789,C1CCc(c12)ccc3c2SC(=O)C(N3)OC4CCNCC4,AIDD_Results trypanosoma scaffold 1,AIDD_Results trypanosoma scaffold 1,0,Xr; Xm; 2D6,
,2299,15943,false,false,false,255 255 255 255,false,,,,,,,0,1.69886,2.07899,CC(C12)CN(CN2)C(C1)c3c(N=CC=CC4)n4c(c35)cc(Cl)cc5,AIDD_Results trypanosoma scaffold 1,AIDD_Results trypanosoma scaffold 1,0,Vd; Xr-; Xm; MUT; 2C19,
,2300,23476,false,false,false,255 255 255 255,false,,,,,,,0.400694,0.678101,2.07879,N1CCNC(C1=O)CN2Nc(cc(cc3)-c4ncon4)c3S(=O)c(c25)ccc(C)c5,AIDD_Results trypanosoma scaffold 1,AIDD_Results trypanosoma scaffold 1,0,Sw; Xr+; Xm; 2C19,
,2301,7027,false,false,false,255 255 255 255,false,,,,,,,0,1.08153,2.08153,C1CN(CC2)C[C@@H](C12)CC(=O)N(n(c34)ccc3)c5c(S4)cc(=O)sc5,AIDD_Results trypanosoma scaffold 1,AIDD_Results trypanosoma scaffold 1,0,hERG; Xr-; Xm+; 1A2,
,2302,10774,false,false,false,255 255 255 255,false,,,,,,,0,1.08199,2.08199,C1CN(CC2)C[C@@H](C12)CN3C(C)=CSc(c34)cccc4S(=O)C,AIDD_Results trypanosoma scaffold 1,AIDD_Results trypanosoma scaffold 1,0,hERG; Xr-; Xm-; 2C19,
,2303,21650,false,false,false,255 255 255 255,false,,,,,,,1.583,0.5,2.083,n1coc(c12)c3c(CN=CC3=O)c(c2NC(=O)C)Cc4c(Cl)c(=O)n(cc4)C(=O)C5CCCN5,AIDD_Results trypanosoma scaffold 1,AIDD_Results trypanosoma scaffold 1,0,Size; ch; Xr-,
,2304,17719,false,false,false,255 255 255 255,false,,,,,,,0,1,2.08463,O=C1C=CCN=C2N1N(CCCN(C)C)c(c23)c(Cl)cc(c3)C4CNC=N4,AIDD_Results trypanosoma scaffold 1,AIDD_Results trypanosoma scaffold 1,0,Vd; Xr-; Xm+; 1A2,
,2305,10602,false,false,false,255 255 255 255,false,,,,,,,0.58817,1.5,2.08817,NC(=O)C(C)N(C)CCCN1n(c(=O)c(CN)cc2)c2S(=O)C(=C13)CCC=C3CC,AIDD_Results trypanosoma scaffold 1,AIDD_Results trypanosoma scaffold 1,0,HBD; ch; Peff; Xm+; HEPX,
,2306,20350,false,false,false,255 255 255 255,false,,,,,,,0.574715,1.51556,2.09028,CC(O1)NCC1C(=O)N(c(cc2)c3c(c24)ocn4)N5C(C3)=NC(=O)N(C)C(=O)C5,AIDD_Results trypanosoma scaffold 1,AIDD_Results trypanosoma scaffold 1,0,HBA; ch; Xr+; Xm; MUT,
,2307,23740,false,false,false,255 255 255 255,false,,,,,,,0,2.09616,2.09616,C1CN(CC2)CC(C12)CC=3C(C=CC=C4)C4N(C35)C(=O)OC=N5,AIDD_Results trypanosoma scaffold 1,AIDD_Results trypanosoma scaffold 1,0,rat; Xr-; HEPX,
,2308,17177,false,false,false,255 255 255 255,false,,,,,,,0,2.09829,2.09829,C1CN(CC2)C(CC)[C@@H](C12)c3c(N=COC(=O)C4)n4c(c35)cccc5C,AIDD_Results trypanosoma scaffold 1,AIDD_Results trypanosoma scaffold 1,0,rat; Xr-; MUT,
,2309,17000,false,false,false,255 255 255 255,false,,,,,,,0,1.5,2.1054,CC(C12)CN(CN2)C(C1)c3c(N=CC=CC4)n4c(c35)cc(Br)cc5,AIDD_Results trypanosoma scaffold 1,AIDD_Results trypanosoma scaffold 1,0,Vd; Xr-; MUT; 2C19,
,2310,23504,false,false,false,255 255 255 255,false,,,,,,,0.6092,1.5,2.1092,CCC(O1)NCC1C(=O)N(N2C(C3=O)=NC=C(C)S2(=O)=O)c(c34)cc5c(c4)nccc5,AIDD_Results trypanosoma scaffold 1,AIDD_Results trypanosoma scaffold 1,0,Size; HBA; ch; Xr-; MUT,
,2311,7502,false,false,false,255 255 255 255,false,,,,,,,1.12654,1,2.12654,CN1CCC1CN(N(C=23)C(=O)C(C2)CN)c4c(S3(=O)=O)c(=O)ccn4C5CCCC5,AIDD_Results trypanosoma scaffold 1,AIDD_Results trypanosoma scaffold 1,0,HBA; ch; Peff; Xr-; Xm-,
,2312,11158,false,false,false,255 255 255 255,false,,,,,,,0.629693,0.5,2.12969,CCC(N1)CNC(C1=O)CN(C2)c(cc(C)cc3)c3S(=O)c(c24)ccc(c4)-c5ncon5,AIDD_Results trypanosoma scaffold 1,AIDD_Results trypanosoma scaffold 1,0,Size; Sw; Xr-; 2C19,
,2313,21603,false,false,false,255 255 255 255,false,,,,,,,0.13,2,2.13,s1cnn2c(=O)cc(c3c12)N(C(=O)c4cnc(o4)C)N5C(O3)=NC=C(F)C(=O)C5,AIDD_Results trypanosoma scaffold 1,AIDD_Results trypanosoma scaffold 1,0,ch; Xr-; Xm+; MUT,
,2314,8185,false,false,false,255 255 255 255,false,,,,,,,2,0,2.13313,c1cc(Cl)cc(S2)c1N(c(c23)n(C(=O)N)ccc3=O)CCC[N+](C)(C)C(=O)n4cnccc4=S,AIDD_Results trypanosoma scaffold 1,AIDD_Results trypanosoma scaffold 1,0,Size; Peff; 2D6,
,2315,21984,false,false,false,255 255 255 255,false,,,,,,,0,2.13528,2.13528,CNCOC(C)C(=O)N(c(cc1)c2c(c13)ocn3)N4C(C2)=NC=C(Cl)C(=O)C4,AIDD_Results trypanosoma scaffold 1,AIDD_Results trypanosoma scaffold 1,0,Xr; Xm; MUT,
,2316,6063,false,false,false,255 255 255 255,false,,,,,,,0.136,1,2.136,c1onc(O)c1-c(c(Cl)cc2)c3n(C(=O)CCC)c(c4c23)ccc(c4)-c5nn[nH]n5,AIDD_Results trypanosoma scaffold 1,AIDD_Results trypanosoma scaffold 1,0,ch; fu; Xr-; Xm-,
,2317,19292,false,false,false,255 255 255 255,false,,,,,,,0.0115666,1,2.13845,O=C(O)n1cccc1C2=CN(C[C@H](C34F)CN(CS4)CC3)C=C(S2)c5cncs5,AIDD_Results trypanosoma scaffold 1,AIDD_Results trypanosoma scaffold 1,0,Size; fu; Xr-; Xm+; 2C19,
,2318,21484,false,false,false,255 255 255 255,false,,,,,,,0,2.13967,2.13967,C1=CCC(C#N)C2N(C(C3=C12)NC=NC3)C[C@H](C45)CN(CC4)CC5,AIDD_Results trypanosoma scaffold 1,AIDD_Results trypanosoma scaffold 1,0,rat; Xr-; Xm+; HEPX,
,2319,21987,false,false,false,255 255 255 255,false,,,,,,,0,2.08789,2.14181,CC(=O)NC1CNC(C12C)SC3N(C(=O)CCC3)N2C[C@H](C45)CN(CC4)CC5,AIDD_Results trypanosoma scaffold 1,AIDD_Results trypanosoma scaffold 1,0,rat; Xr-; Xm-; HEPX; 3A4,
,2320,24829,false,false,false,255 255 255 255,false,,,,,,,0,1.14165,2.14165,C1CN(CO2)C[C@@H](C12)C(=O)n(c3)ncc3C4=CC(=O)COC4C,AIDD_Results trypanosoma scaffold 1,AIDD_Results trypanosoma scaffold 1,0,Xr; MUT; 1A2,
,2321,4495,false,false,false,255 255 255 255,false,,,,,,,2.14568,0,2.14568,CS(=O)(=O)NCC(=O)N1c(cc(C(=O)C)cc2C#N)c2Sc(c13)ncn(c3=O)C(=O)C,AIDD_Results trypanosoma scaffold 1,AIDD_Results trypanosoma scaffold 1,0,Size; HBA; ch,
,2322,14973,false,false,false,255 255 255 255,false,,,,,,,1.14754,1,2.14754,CN1CCC1CN2N(C(=O)C(C)CN)CS(=O)(=O)c(c23)ccc(C)c3C(CC4=O)CC4,AIDD_Results trypanosoma scaffold 1,AIDD_Results trypanosoma scaffold 1,0,Size; ch; Xr-; Xm-,
,2323,15756,false,false,false,255 255 255 255,false,,,,,,,0,2.14787,2.14787,n1ocnc1C=2SC(C#N)=CC(C23)C(\C=NC3)=C(\C45)CN(CC4)CC5,AIDD_Results trypanosoma scaffold 1,AIDD_Results trypanosoma scaffold 1,0,hERG; Xr-; Xm; HEPX+,
,2324,22842,false,false,false,255 255 255 255,false,,,,,,,0,2.14848,2.14848,C1CN(CC2)C(CC12)C3=C(N=COC4=O)N4C(C3=5)CCC(=O)C5,AIDD_Results trypanosoma scaffold 1,AIDD_Results trypanosoma scaffold 1,0,rat; Xr-; HEPX,
,2325,23260,false,false,false,255 255 255 255,false,,,,,,,0,1.15493,2.15493,C1CN(CC2)C[C@@H](C12)Cn(nc3)c(c34)CCC=C4,AIDD_Results trypanosoma scaffold 1,AIDD_Results trypanosoma scaffold 1,0,hERG; Xm; 2D6,
,2326,22027,false,false,false,255 255 255 255,false,,,,,,,0.157116,1,2.15712,C1CN(CC2)C[C@@H](C12)CCc(c(c34)CCCC=C4)n5c3CN=CN5,AIDD_Results trypanosoma scaffold 1,AIDD_Results trypanosoma scaffold 1,0,Kow; Xr-; Xm+; 2D6,
,2327,5681,false,false,false,255 255 255 255,false,,,,,,,0.160908,2,2.16091,C[N+]1(C)CC(CC1)C(=O)N2C(NC=CC3)=C3Sc(c24)cccc4,AIDD_Results trypanosoma scaffold 1,AIDD_Results trypanosoma scaffold 1,0,Peff; Xm; HEPX,
,2328,24370,false,false,false,255 255 255 255,false,,,,,,,0,0.5,2.16319,C1CNCC=C1C(\C)=C\c(c2C(=O)O)c(ccc2)Sc(ccc3)cc3C(=O)O,AIDD_Results trypanosoma scaffold 1,AIDD_Results trypanosoma scaffold 1,0,fu; Xm+; 2C9,
,2329,7678,false,false,false,255 255 255 255,false,,,,,,,1.10588,0,2.16624,O=C(O)c(c1)c(Cl)cc(O2)c1Nc(c3)c2cc(c34)CCC4,AIDD_Results trypanosoma scaffold 1,AIDD_Results trypanosoma scaffold 1,0,Kow; Sw; fu; 2C9,
,2330,17334,false,false,false,255 255 255 255,false,,,,,,,0.6555,1,2.16605,N#CC(=C1)CC(=O)N(C(=O)C)C(O2)=C1Sc(c2c34)n(c3[nH]cn4)C(=O)C5CCCN5,AIDD_Results trypanosoma scaffold 1,AIDD_Results trypanosoma scaffold 1,0,ch; Xr-; Xm+; 3A4,
,2331,18166,false,false,false,255 255 255 255,false,,,,,,,0,2,2.1668,o1cnnc1-c(c2)cc(=O)n(c23)N(C=CS3)[C@H](C45F)CN(CC4)CC5,AIDD_Results trypanosoma scaffold 1,AIDD_Results trypanosoma scaffold 1,0,Xr-; Xm+; MUT; 3A4,
,2332,15595,false,false,false,255 255 255 255,false,,,,,,,0.667912,0.5,2.16862,c1coc(c12)cc3c(c2C(=O)O)Sc4c(N3)c(C(=O)O)c5c(c4F)CCCC5,AIDD_Results trypanosoma scaffold 1,AIDD_Results trypanosoma scaffold 1,0,Kow; Sw; fu; Xr-; 2C9,
,2333,10593,false,false,false,255 255 255 255,false,,,,,,,0.177072,2,2.17707,CN1CCC(CC1C(=O)N)N2n(c(=O)c(CN)cc3)c3S(=O)C(=C24)CCC=C4,AIDD_Results trypanosoma scaffold 1,AIDD_Results trypanosoma scaffold 1,0,HBD; Peff; Xm; HEPX,
,2334,9693,false,false,false,255 255 255 255,false,,,,,,,0.178112,0,2.17811,O=C(O)C(C)C/C=C/c(c1C(=O)O)c(cc(c1Cl)O)Sc2ccccc2,AIDD_Results trypanosoma scaffold 1,AIDD_Results trypanosoma scaffold 1,0,Kow; fu; 2C9,
,2335,22549,false,false,false,255 255 255 255,false,,,,,,,0,2,2.17817,C1CN(CC2)C(CC12)CC3N=C(c4ccon4)Sc(c35)cccc5,AIDD_Results trypanosoma scaffold 1,AIDD_Results trypanosoma scaffold 1,0,Vd; hERG; Xr-; Xm+,
,2336,19127,false,false,false,255 255 255 255,false,,,,,,,0,1.5,2.18242,C1CN(CC2)C[C@@H](C12)C#CC3C=CC(NC(=O)C)C(C3NC)NC(=O)C,AIDD_Results trypanosoma scaffold 1,AIDD_Results trypanosoma scaffold 1,0,Xm-; MUT; 2D6; CL-,
,2337,13425,false,false,false,255 255 255 255,false,,,,,,,0,2,2.19233,n1ocnc1CC(=O)C(=C2)CC(C23)N(N=CS3)C(=O)[C@H](C45)CN(CC4)CC5,AIDD_Results trypanosoma scaffold 1,AIDD_Results trypanosoma scaffold 1,0,Xr+; Xm+; HEPX; 3A4,
,2338,21563,false,false,false,255 255 255 255,false,,,,,,,0.6915,1.5,2.1915,O1CN(C)CC1(O)CC(=O)N2N(C(=O)CCN3)C=3Oc4c2ccc(c45)non5,AIDD_Results trypanosoma scaffold 1,AIDD_Results trypanosoma scaffold 1,0,ch; Xr+; MUT,
,2339,4522,false,false,false,255 255 255 255,false,,,,,,,1.5,0.5,2.19306,CC(=O)n(c1)c(=O)c(C#N)c(S2)c1N(C(=O)C)c3c2cc(C(=O)C=N)c(c34)ocn4,AIDD_Results trypanosoma scaffold 1,AIDD_Results trypanosoma scaffold 1,0,ch; Kow-; Xm+; 2C9,
,2340,24497,false,false,false,255 255 255 255,false,,,,,,,0,2.19546,2.19546,C1CN(CC2)C(C(C12)O)c3c(C=CCN4)n4c(c35)C(=O)COC=N5,AIDD_Results trypanosoma scaffold 1,AIDD_Results trypanosoma scaffold 1,0,Xr-; Xm; MUT,
,2341,14369,false,false,false,255 255 255 255,false,,,,,,,0.531848,0.5,2.20015,CCC(N1)CNC(C1=O)CN(C2)c(ccc(C)c3)c3S(=O)c(c24)ccc(c4)-c5ncon5,AIDD_Results trypanosoma scaffold 1,AIDD_Results trypanosoma scaffold 1,0,Size; Sw; Xr-; 2C9; 2C19,
,2342,25070,false,false,false,255 255 255 255,false,,,,,,,0,2,2.20044,C1CN(CC2)C[C@@H](C12)CCN(n(c34)c(=O)ccc3)C=C(C4)N5C(C)CCC5=O,AIDD_Results trypanosoma scaffold 1,AIDD_Results trypanosoma scaffold 1,0,Xr-; Xm-; HEPX; 3A4,
,2343,7250,false,false,false,255 255 255 255,false,,,,,,,0,2,2.20208,C1CN(CC2)C(CC12)CC3N=C(c4ncco4)Sc(c35)cccc5,AIDD_Results trypanosoma scaffold 1,AIDD_Results trypanosoma scaffold 1,0,Vd; hERG; Xr-; Xm+,
,2344,18621,false,false,false,255 255 255 255,false,,,,,,,0,1.2033,2.2033,C1CN(CC2)C[C@@H](C12)C(=O)n(c3)ncc3C4=CC(=O)COC4,AIDD_Results trypanosoma scaffold 1,AIDD_Results trypanosoma scaffold 1,0,Xm; MUT; 2D6,
,2345,13430,false,false,false,255 255 255 255,false,,,,,,,0,1.5,2.20448,CC(=O)NC(OC1)=Nc(c1c23)n(c2cccc3)C(F)[C@H](C45)CN(CC4)CC5,AIDD_Results trypanosoma scaffold 1,AIDD_Results trypanosoma scaffold 1,0,Xr-; MUT; 2D6,
,2346,21837,false,false,false,255 255 255 255,false,,,,,,,0.2,0.504767,2.20477,OCN(C)CC#CN1c(cc(C)c(=O)n2C)c2S(=O)c(c13)nc(c(C)c3)-c4ncon4,AIDD_Results trypanosoma scaffold 1,AIDD_Results trypanosoma scaffold 1,0,Size; fu-; Vd-; Xm; CL-,
,2347,13207,false,false,false,255 255 255 255,false,,,,,,,0,0.5,2.20637,O=C(O)c1c(=O)ccn(CN2C)c1S(=O)c(c23)cc(F)cc3F,AIDD_Results trypanosoma scaffold 1,AIDD_Results trypanosoma scaffold 1,0,fu-; Vd-; Xr-; 2C9; CL-,
,2348,15442,false,false,false,255 255 255 255,false,,,,,,,0,2.20902,2.20902,C1CN(CC2)C(CC12)C3=C(N=COC4=O)N4C(C3=5)CC=CC5,AIDD_Results trypanosoma scaffold 1,AIDD_Results trypanosoma scaffold 1,0,rat; Xr-; HEPX,
,2349,17457,false,false,false,255 255 255 255,false,,,,,,,0.711723,1.5,2.21172,O=C(O)C(C1)N(CO2)C[C@@H](C12)c3c(N=COCC4=O)c4cc(c35)cncc5,AIDD_Results trypanosoma scaffold 1,AIDD_Results trypanosoma scaffold 1,0,Peff; Xr-; MUT,
,2350,22203,false,false,false,255 255 255 255,false,,,,,,,0.145489,1.92433,2.21204,O=C1C(C)CCC(C2)N1N(CC3CCN(C)C3)c(c24)cc(cc4)C5=CCNCC5,AIDD_Results trypanosoma scaffold 1,AIDD_Results trypanosoma scaffold 1,0,Kow; rat; Xr-; Xm+; 3A4,
,2351,7279,false,false,false,255 255 255 255,false,,,,,,,0,0.93886,2.21366,C1CNC(C12)Cc3c(C2)cccc3,AIDD_Results trypanosoma scaffold 1,AIDD_Results trypanosoma scaffold 1,0,Vd; rat; Xm; 2D6,
,2352,14032,false,false,false,255 255 255 255,false,,,,,,,0.716745,1.5,2.21675,C1CCC(C1=O)c(cc2)c(=O)n(c23)N(C=CS3)[C@H]4C(N)N(C(=O)C5)C(=O)C(C45)N,AIDD_Results trypanosoma scaffold 1,AIDD_Results trypanosoma scaffold 1,0,HBD; ch; Xr+; Xm,
,2353,20132,false,false,false,255 255 255 255,false,,,,,,,0,1.5,2.21687,O1CN(C)CC1CC2NC(CC=C(N3)C)C=3C(=O)c4c2ccc(c45)nco5,AIDD_Results trypanosoma scaffold 1,AIDD_Results trypanosoma scaffold 1,0,Xr-; MUT; 2C19,
,2354,22016,false,false,false,255 255 255 255,false,,,,,,,0,2,2.21969,O1CCN(C)CC1C(=O)N2N(CC(=O)C=CN3)C=3C(=O)c4c2ccc(c45)noc5,AIDD_Results trypanosoma scaffold 1,AIDD_Results trypanosoma scaffold 1,0,Xr-; Xm-; MUT; 1A2,
,2355,22895,false,false,false,255 255 255 255,false,,,,,,,1,1.22187,2.22187,NCC(=O)C1CC(C#N)C(=C1NC=O)Sc(cc2=O)ncn2C(=O)C,AIDD_Results trypanosoma scaffold 1,AIDD_Results trypanosoma scaffold 1,0,ch; Xr; Xm,
,2356,20270,false,false,false,255 255 255 255,false,,,,,,,0.003,1.81602,2.22492,CC(O1)NCC1(C)C(=O)N2N(CC(=O)C(F)=CN3)C=3Sc(c24)cccc4[N+]([O-])=O,AIDD_Results trypanosoma scaffold 1,AIDD_Results trypanosoma scaffold 1,0,ch; Xr; Xm+; MUT; 1A2,
,2357,23328,false,false,false,255 255 255 255,false,,,,,,,0.226461,2,2.22646,O=c1c(F)cnc(C2=O)n1N(CNC(=O)C)C(C3O)C2CC(C34)OCN4C,AIDD_Results trypanosoma scaffold 1,AIDD_Results trypanosoma scaffold 1,0,HBA; HEPX; MUT,
,2358,22066,false,false,false,255 255 255 255,false,,,,,,,0.4,1.82929,2.22929,C1CC=C(C)N=C(C2=O)N1N(C(=O)C3CCN(C)C3)c(c24)ccc(c4)N5CCNCC5=O,AIDD_Results trypanosoma scaffold 1,AIDD_Results trypanosoma scaffold 1,0,Size; Xr-; Xm; HEPX,
,2359,14855,false,false,false,255 255 255 255,false,,,,,,,0.245336,1.54086,2.23128,O1CN(C)CC1(O)CC(=O)N2n(c(=O)ccn3)c3Cc4c2cc(Br)c(c45)ocn5,AIDD_Results trypanosoma scaffold 1,AIDD_Results trypanosoma scaffold 1,0,Size; Xr-; Xm; MUT; 2C9,
,2360,20389,false,false,false,255 255 255 255,false,,,,,,,0.666667,1.56559,2.23225,FCC(O1)NCC1/C=c\2n(S(=O)(=O)CC=CN3)c=3c(=O)c(c4)c2cc(c45)ocn5,AIDD_Results trypanosoma scaffold 1,AIDD_Results trypanosoma scaffold 1,0,HBA; Xr+; Xm; MUT,
,2361,17987,false,false,false,255 255 255 255,false,,,,,,,0,2.23354,2.23354,c1cc(C(=O)N)nc(N2C=O)c1SC(=C23)N=CC(=C\Br)\C3=O,AIDD_Results trypanosoma scaffold 1,AIDD_Results trypanosoma scaffold 1,0,Xr; HEPX; MUT,
,2362,18088,false,false,false,255 255 255 255,false,,,,,,,1.23355,1,2.23355,n1coc(c12)c3c(c(F)c2O)N(C(=O)C4C(C)NCO4)N5C(C3=O)=NC=CC(=O)C5,AIDD_Results trypanosoma scaffold 1,AIDD_Results trypanosoma scaffold 1,0,HBA; ch; Peff; Xr-; Xm-,
,2363,23278,false,false,false,255 255 255 255,false,,,,,,,0.6555,1,2.23544,N#CC(=C1)CC(=O)N(C=O)C(O2)=C1Sc(c2c34)n(c3[nH]cn4)C(=O)C5CCCN5,AIDD_Results trypanosoma scaffold 1,AIDD_Results trypanosoma scaffold 1,0,ch; Xr+; Xm+; 3A4,
,2364,9281,false,false,false,255 255 255 255,false,,,,,,,0,2.23662,2.23662,CC(=O)NC1CNC(=C12)Cc3n(c(=O)ccc3)N2C(CO)C(CC45)N(CC4)CC5,AIDD_Results trypanosoma scaffold 1,AIDD_Results trypanosoma scaffold 1,0,Xr-; Xm; HEPX,
,2365,20633,false,false,false,255 255 255 255,false,,,,,,,0,2.23769,2.23769,[O-][N+](=O)c(c1)cc(S(=O)C)c(c12)n(nc2)C[C@H](C3CC4)CN4C(C35)CCC5,AIDD_Results trypanosoma scaffold 1,AIDD_Results trypanosoma scaffold 1,0,Xr-; Xm; MUT,
,2366,23080,false,false,false,255 255 255 255,false,,,,,,,0.239601,1,2.2396,C1CN(CC2)C(CC12)CN3C=C(c4cc(S(=O)C)ccc4)SC=C3c5nccs5,AIDD_Results trypanosoma scaffold 1,AIDD_Results trypanosoma scaffold 1,0,Sw; Xr-; Xm+; 2C19,
,2367,16927,false,false,false,255 255 255 255,false,,,,,,,0.245336,2,2.24534,CCN(CO1)CC1C(=O)n2n(c(=O)c(Br)cn3)c3c(=O)c4c2ccc(c45)NCO5,AIDD_Results trypanosoma scaffold 1,AIDD_Results trypanosoma scaffold 1,0,Size; Xr-; Xm-; MUT,
,2368,22962,false,false,false,255 255 255 255,false,,,,,,,0.6555,1,2.24749,N#CC1=CCC(=O)N(C=O)C(O2)=C1Sc(c2c34)n(c3[nH]cn4)C(=O)C5CCCN5,AIDD_Results trypanosoma scaffold 1,AIDD_Results trypanosoma scaffold 1,0,ch; Xr+; Xm+; 3A4,
,2369,12327,false,false,false,255 255 255 255,false,,,,,,,1,0.5,2.25155,o1cccc1C(C2)N(CC3)C[C@@H](C23)C(C#N)N4C=CSC=C4c(c5)ccc(c5C(=O)O)NC(=O)C,AIDD_Results trypanosoma scaffold 1,AIDD_Results trypanosoma scaffold 1,0,Size; fu; Xr-,
,2370,24206,false,false,false,255 255 255 255,false,,,,,,,0.253,2,2.253,[O-][N+](=O)c1c(C#N)oc(=O)c2n(C/C=C/N(C)C)c(c3c12)CCCC3=O,AIDD_Results trypanosoma scaffold 1,AIDD_Results trypanosoma scaffold 1,0,ch; HEPX; MUT,
,2371,19944,false,false,false,255 255 255 255,false,,,,,,,0,2.25875,2.25875,C1CN(CC2)C(CC12)CC3=C(N=COC4=O)N4C(C3=5)CC=CC5,AIDD_Results trypanosoma scaffold 1,AIDD_Results trypanosoma scaffold 1,0,rat; Xr-; HEPX,
,2372,22481,false,false,false,255 255 255 255,false,,,,,,,0,2,2.26361,C1NCCC1CN2N(CCC(=CN3)CC)C=3C(=O)c4c2ccc(c45)ocn5,AIDD_Results trypanosoma scaffold 1,AIDD_Results trypanosoma scaffold 1,0,Vd; Xr-; Xm+; HEPX,
,2373,17280,false,false,false,255 255 255 255,false,,,,,,,0.666667,1.5,2.26836,FCC(O1)NCC1/C=c\2n(S(=O)(=O)CC(C)=CN3)c=3c(=O)c(c4)c2cc(c45)ocn5,AIDD_Results trypanosoma scaffold 1,AIDD_Results trypanosoma scaffold 1,0,HBA; Xr-; MUT; 2C9,
,2374,15942,false,false,false,255 255 255 255,false,,,,,,,0.00059996,1.29962,2.26964,C1CCC(C12)N(C)C(C(=O)N)CC2C3C(C=CCC4)C4S(=O)c(c35)ccc(c5)CN,AIDD_Results trypanosoma scaffold 1,AIDD_Results trypanosoma scaffold 1,0,HBD; rat; Xr-; Xm-; 2D6,
,2375,19581,false,false,false,255 255 255 255,false,,,,,,,0,1.2696,2.2696,C1CN(CO2)C[C@@H](C12)C(F)S(=O)c(cccc3)c3Sc4ccccc4,AIDD_Results trypanosoma scaffold 1,AIDD_Results trypanosoma scaffold 1,0,hERG; Xm; 2C19,
,2376,6571,false,false,false,255 255 255 255,false,,,,,,,0,2.27103,2.27103,C1CN(CC2)C[C@@H](C12)C(=O)N(c(c34)c(N)ccc4)N5C3=CC(=O)CC=C5,AIDD_Results trypanosoma scaffold 1,AIDD_Results trypanosoma scaffold 1,0,rat; Xr-; Xm-; MUT,
,2377,17840,false,false,false,255 255 255 255,false,,,,,,,0,2.27159,2.27159,C1CN(CC2)C(CC12)OCN3N(c4ncon4)C(=O)Sc(c35)cc(=O)oc5,AIDD_Results trypanosoma scaffold 1,AIDD_Results trypanosoma scaffold 1,0,hERG; Xr-; Xm+; MUT,
,2378,23748,false,false,false,255 255 255 255,false,,,,,,,1.27419,1,2.27419,NC(=O)C(C)N(C)CCCN1n(c(=O)c(cc2)CNC(=O)C)c2S(=O)C(=C13)CC=CC3,AIDD_Results trypanosoma scaffold 1,AIDD_Results trypanosoma scaffold 1,0,Size; RotB; HBA; ch; HEPX,
,2379,21819,false,false,false,255 255 255 255,false,,,,,,,0.4,0.881347,2.28135,O1CN(C)CC1(O)CC(=O)N(c(cc2C(F)(F)F)c3c(c24)ocn4)n5c(C3)nccc5=O,AIDD_Results trypanosoma scaffold 1,AIDD_Results trypanosoma scaffold 1,0,Size; Xr-; Xm; 2C9,
,2380,12773,false,false,false,255 255 255 255,false,,,,,,,0.282385,1,2.28239,C1CNCC=C1CC(=O)c(c2)cc([N+]([O-])=O)c3n(C)c(c4c23)cc(cn4)C(=O)C,AIDD_Results trypanosoma scaffold 1,AIDD_Results trypanosoma scaffold 1,0,Sw; Vd; MUT,
,2381,12070,false,false,false,255 255 255 255,false,,,,,,,0,2.28358,2.28358,c1c(N)ccc(c12)N3C(N=COC3=O)C2[C@H](C45)CN(CC4)CC5,AIDD_Results trypanosoma scaffold 1,AIDD_Results trypanosoma scaffold 1,0,rat; Xr-; MUT,
,2382,14309,false,false,false,255 255 255 255,false,,,,,,,0,1.5,2.28489,C1CN(CO2)C(CC12)CC(=O)N(N=CS3)C(C3=4)CC(C(=O)C4)c5ncsn5,AIDD_Results trypanosoma scaffold 1,AIDD_Results trypanosoma scaffold 1,0,Xr+; Xm+; HEPX+; 3A4,
,2383,10168,false,false,false,255 255 255 255,false,,,,,,,0.31909,1.5,2.28795,NC(=O)C(C)N(C)CCCN1n(c(=O)c(CN)cc2)c2S(=O)C(=C13)CCC=C3,AIDD_Results trypanosoma scaffold 1,AIDD_Results trypanosoma scaffold 1,0,HBD; Peff; Xm+; HEPX; 2D6,
,2384,22832,false,false,false,255 255 255 255,false,,,,,,,0,2.28873,2.28873,C1CN(CC2)C(CC12)C3=C(N=COC4=O)N4C(C3=5)CC(F)CC5,AIDD_Results trypanosoma scaffold 1,AIDD_Results trypanosoma scaffold 1,0,rat; Xr-; HEPX,
,2385,15832,false,false,false,255 255 255 255,false,,,,,,,0.4,1.5,2.29175,c1cn(C(=O)N)c(c12)S(=O)C=C(NC2)CC(C3)N(CC4)CC(C34)n(n5)cnc5C(F)(F)F,AIDD_Results trypanosoma scaffold 1,AIDD_Results trypanosoma scaffold 1,0,Size; Xr+; Xm; 3A4,
,2386,23934,false,false,false,255 255 255 255,false,,,,,,,0.292107,1,2.29211,O=C(O)n1cccc1C2=CN(CCC(CC34F)N(CS4)CC3)C=C(S2)c5cncs5,AIDD_Results trypanosoma scaffold 1,AIDD_Results trypanosoma scaffold 1,0,Size; Xr-; Xm+; 2C19,
,2387,19771,false,false,false,255 255 255 255,false,,,,,,,0,1.29517,2.29517,C1CCc(c12)oc(n2)-c3c(C(=O)O)c(Cl)cc(c34)Sc5c(cccc5)N4C(=O)OC,AIDD_Results trypanosoma scaffold 1,AIDD_Results trypanosoma scaffold 1,0,fu; Xr-; Xm,
,2388,23737,false,false,false,255 255 255 255,false,,,,,,,0.2,2,2.29504,C1C(=O)CCC=C(C2=O)N1N(C(=O)C3CCN(C)C3)c(c24)ccc(c4)C5=CCNCC5,AIDD_Results trypanosoma scaffold 1,AIDD_Results trypanosoma scaffold 1,0,Size; Vd; Xr-; Xm-; MUT,
,2389,24187,false,false,false,255 255 255 255,false,,,,,,,1.29475,1,2.29475,C1CNCCC1c(c2)c(Cl)cc(S3=O)c2N(CCCN(C)C)c(c34)cccc4N5CCNCC5=O,AIDD_Results trypanosoma scaffold 1,AIDD_Results trypanosoma scaffold 1,0,Size; ch; Xr-; Xm+,
,2390,3734,false,false,false,255 255 255 255,false,,,,,,,0,2.29586,2.29586,C1CN(CC2)C[C@@H](C12)C#CN3C=CSc(c34)oc(=O)cc4,AIDD_Results trypanosoma scaffold 1,AIDD_Results trypanosoma scaffold 1,0,hERG; Xm; MUT,
,2391,17231,false,false,false,255 255 255 255,false,,,,,,,0.29746,2,2.29746,O=c1c(C)cnc(c2=O)n1n(C(=O)C3CN(CO3)CC)c(cc4O)c2c(c45)OCN5C,AIDD_Results trypanosoma scaffold 1,AIDD_Results trypanosoma scaffold 1,0,Size; HBA; Xr-; Xm-; MUT,
,2392,7082,false,false,false,255 255 255 255,false,,,,,,,0.2,2,2.29868,O1CN(C)CC1C(=O)N2N(CC(=O)C=C(N3)CF)C=3C(=O)c4c2c(F)cc(c45)nco5,AIDD_Results trypanosoma scaffold 1,AIDD_Results trypanosoma scaffold 1,0,Size; Xr-; Xm+; MUT; 1A2,
,2393,17997,false,false,false,255 255 255 255,false,,,,,,,0.8,1.5,2.3,N#CC1=CC(C(=O)C)CC(N2C=O)=C1Sc(c23)ncn(c3=O)C(=O)CC(C4)=CCN(C45)CCC5,AIDD_Results trypanosoma scaffold 1,AIDD_Results trypanosoma scaffold 1,0,Size; Xr-; HEPX,
,2394,18536,false,false,false,255 255 255 255,false,,,,,,,0.8,1.5,2.3,C1CN(C)CCC1C(=O)N(N2C(C3=O)=NC(C)=CC(=O)C2)c(c34)ccc(c4)C5=CCNC(=O)C5,AIDD_Results trypanosoma scaffold 1,AIDD_Results trypanosoma scaffold 1,0,Size; Xr-; Xm-; HEPX+,
,2395,2555,false,false,false,255 255 255 255,false,,,,,,,1,0.5,2.30226,N#CCC(=O)N1c(cc(C(=O)C)sc2=O)c2Sc(c13)cc([N+]([O-])=O)c(C(=O)C)c3O,AIDD_Results trypanosoma scaffold 1,AIDD_Results trypanosoma scaffold 1,0,ch; fu; Xm-,
,2396,22358,false,false,false,255 255 255 255,false,,,,,,,0,2.30588,2.30588,C1CN(CC2)CC(C12)C3=C(N=COC4=O)N4C(C3=5)CCC(=O)C5,AIDD_Results trypanosoma scaffold 1,AIDD_Results trypanosoma scaffold 1,0,rat; Xr-; HEPX,
,2397,24484,false,false,false,255 255 255 255,false,,,,,,,0,1.30758,2.30758,CN1CN(CC2)C[C@@H](C12)C(O3)S(=O)c(c34)c(SC)coc4=O,AIDD_Results trypanosoma scaffold 1,AIDD_Results trypanosoma scaffold 1,0,Xm; MUT; 2C19,
,2398,25432,false,false,false,255 255 255 255,false,,,,,,,0,1.06786,2.30929,C/C=C/c(c1)c(=O)oc(c12)C3C(CNC3)C2CC(CC45)N(CC4)CC5,AIDD_Results trypanosoma scaffold 1,AIDD_Results trypanosoma scaffold 1,0,hERG; Xr-; Xm-; 2D6; 3A4,
,2399,19352,false,false,false,255 255 255 255,false,,,,,,,0,2.15443,2.31002,CCN1CCCC1CCN2N(C(=S)C(C)CN3)C=3C(=O)c4c2ccc(c45)ocn5,AIDD_Results trypanosoma scaffold 1,AIDD_Results trypanosoma scaffold 1,0,Vd; hERG; Xr-; Xm+; HEPX,
,2400,21846,false,false,false,255 255 255 255,false,,,,,,,0,2.31033,2.31033,C1CN(CC2)CC(C12)CC3=C(N=COC4=O)N4C(C3=5)CC=CC5,AIDD_Results trypanosoma scaffold 1,AIDD_Results trypanosoma scaffold 1,0,rat; Xr-; HEPX,
,2401,10247,false,false,false,255 255 255 255,false,,,,,,,0,2.3139,2.3139,C1CN(CC2)C(CC12)OCN3N(c4ncon4)C(=O)Sc(c35)coc(=O)c5,AIDD_Results trypanosoma scaffold 1,AIDD_Results trypanosoma scaffold 1,0,hERG; Xr-; Xm+; MUT,
,2402,18225,false,false,false,255 255 255 255,false,,,,,,,0.815,1.5,2.315,N#Cc1cn(CC(=O)C)c(c12)c(C(=O)C)c3n(c2=O)nc4n(c3=O)C(=O)CC4,AIDD_Results trypanosoma scaffold 1,AIDD_Results trypanosoma scaffold 1,0,ch; Xm-; MUT,
,2403,17530,false,false,false,255 255 255 255,false,,,,,,,0.227712,2,2.31955,CNC(=O)c1c(N)c(Cc2c(F)cco2)n(c13)NC=NC3,AIDD_Results trypanosoma scaffold 1,AIDD_Results trypanosoma scaffold 1,0,HBD; Xm; MUT; 2C19,
,2404,16197,false,false,false,255 255 255 255,false,,,,,,,0,0.5,2.32097,c1scc(c12)c(Cl)c(C(=O)O)c3c2Oc4c(C3)ccc(c4)C(=O)O,AIDD_Results trypanosoma scaffold 1,AIDD_Results trypanosoma scaffold 1,0,fu; Xm-; 1A2; 2C9,
,2405,11412,false,false,false,255 255 255 255,false,,,,,,,1.32247,1,2.32247,CCC(=O)c1ccc(N)c(c12)S(=O)(=O)c3c(c(=O)n(C=O)cn3)N2C(=O)C,AIDD_Results trypanosoma scaffold 1,AIDD_Results trypanosoma scaffold 1,0,HBA; ch; HEPX,
,2406,14915,false,false,false,255 255 255 255,false,,,,,,,0,1.32308,2.32308,N#Cc1cccc(c12)SC=NC2C(O)C[C@H](C34)CN(CC3)CC4,AIDD_Results trypanosoma scaffold 1,AIDD_Results trypanosoma scaffold 1,0,hERG; Xm; 2C19,
,2407,22069,false,false,false,255 255 255 255,false,,,,,,,0.371375,1,2.32277,O=C(O)n1cccc1C2=CN(CC(CC34F)N(CS4)CC3)C=C(S2)c5cnc(F)s5,AIDD_Results trypanosoma scaffold 1,AIDD_Results trypanosoma scaffold 1,0,Size; fu; Xr-; Xm+; 2C19,
,2408,15800,false,false,false,255 255 255 255,false,,,,,,,0,1,2.3247,O=C(O)c(c1)cc(Cl)c(O2)c1N(CC(=O)CC#N)c(c2c34)ccc3CCCC4,AIDD_Results trypanosoma scaffold 1,AIDD_Results trypanosoma scaffold 1,0,fu; HEPX; CL-,
,2409,20958,false,false,false,255 255 255 255,false,,,,,,,0,2,2.32628,C1C(=O)C(C)=CN=C(C2=O)N1Nc3ccc(c4c23)cccc4,AIDD_Results trypanosoma scaffold 1,AIDD_Results trypanosoma scaffold 1,0,fu; Xm; MUT,
,2410,23063,false,false,false,255 255 255 255,false,,,,,,,0.827394,0.5,2.32739,O=C(O)C(C)S\C=C\c(c1C(=O)O)c(c(cc1Cl)-c2ncco2)Sc3ccccc3,AIDD_Results trypanosoma scaffold 1,AIDD_Results trypanosoma scaffold 1,0,Size; Kow; fu; Xm+,
,2411,13548,false,false,false,255 255 255 255,false,,,,,,,0.333333,1,2.33333,C1C(N)Oc(c12)c3c(c(F)c2Cl)N(C)N4C(S3)=NCNS4(=O)=O,AIDD_Results trypanosoma scaffold 1,AIDD_Results trypanosoma scaffold 1,0,HBA; Xm; 2C19,
,2412,16570,false,false,false,255 255 255 255,false,,,,,,,1.33333,1,2.33333,C1CNCC=C1C(N(C)C2)C2CC3N(C(=O)C(F)OC4)C4S(=O)(=O)c(c35)cccn5,AIDD_Results trypanosoma scaffold 1,AIDD_Results trypanosoma scaffold 1,0,HBA; Peff; Xr+; Xm+,
,2413,24020,false,false,false,255 255 255 255,false,,,,,,,0,1,2.33275,N=CC1CC(C(O)CC)CC2N(C(C3C12C)NCC3)CC(CC45)N(CC4)CC5,AIDD_Results trypanosoma scaffold 1,AIDD_Results trypanosoma scaffold 1,0,Xr-; Xm-; 3A4; CL-,
,2414,21742,false,false,false,255 255 255 255,false,,,,,,,0,2.33567,2.33567,C1CN(CC2)C[C@@H](C12)CC(=O)N(N=C3C)C(C3=4)OCC(=O)C4,AIDD_Results trypanosoma scaffold 1,AIDD_Results trypanosoma scaffold 1,0,Xr; Xm; MUT,
,2415,24043,false,false,false,255 255 255 255,false,,,,,,,0,2,2.33993,C1CN(CC2)CC(C12)CC3N=C(c4ccon4)Sc(c35)cccc5,AIDD_Results trypanosoma scaffold 1,AIDD_Results trypanosoma scaffold 1,0,Vd; hERG; Xr-; Xm+,
,2416,8954,false,false,false,255 255 255 255,false,,,,,,,0.841,1.5,2.341,N#Cc1cn(CC(=O)C)c(c12)n(C(=O)C)c3c(c2=O)ncn(c3=O)C(=O)C,AIDD_Results trypanosoma scaffold 1,AIDD_Results trypanosoma scaffold 1,0,ch; Xr-; MUT,
,2417,21280,false,false,false,255 255 255 255,false,,,,,,,1.84268,0.5,2.34268,c1nccn1C(C(C2)CC(=O)N)N=C(C=23)S(=O)(=O)C4C(CCCC4)N3CC5CCN(C)C5,AIDD_Results trypanosoma scaffold 1,AIDD_Results trypanosoma scaffold 1,0,Size; HBA; ch; Peff; Xr-,
,2418,10103,false,false,false,255 255 255 255,false,,,,,,,0,2.34421,2.34421,n1ocnc1CC(=O)/C=C2\C(C)N(N=CS2)C(=O)C[C@H](C34)CN(CC3)CC4,AIDD_Results trypanosoma scaffold 1,AIDD_Results trypanosoma scaffold 1,0,Xr; Xm+; HEPX,
,2419,15446,false,false,false,255 255 255 255,false,,,,,,,0,2,2.34689,C1CN(CC2)CC(C12)CC3N=C(c4ncco4)Sc(c35)cccc5,AIDD_Results trypanosoma scaffold 1,AIDD_Results trypanosoma scaffold 1,0,Vd; hERG; Xr-; Xm+,
,2420,20175,false,false,false,255 255 255 255,false,,,,,,,1.1195,0.5,2.34679,N#Cc1cc(C(=O)C)cc(N2C(=O)C)c1Oc(c23)nc(n(c3=O)C(=O)C)C4=CCNCC4,AIDD_Results trypanosoma scaffold 1,AIDD_Results trypanosoma scaffold 1,0,Size; ch; Xm-; 1A2,
,2421,17007,false,false,false,255 255 255 255,false,,,,,,,0.533358,0,2.34788,C1CN(CC2)C[C@@H](C12)C/C=C/C3C=CCC=C3,AIDD_Results trypanosoma scaffold 1,AIDD_Results trypanosoma scaffold 1,0,Kow; Vd; 2D6,
,2422,22297,false,false,false,255 255 255 255,false,,,,,,,0.849555,1.5,2.34956,CS(=O)(=O)NC(C)C(=O)C(C(C)C1N)C=C1C[C@H](C23)N(CC2)CC3,AIDD_Results trypanosoma scaffold 1,AIDD_Results trypanosoma scaffold 1,0,Peff; Xm-; MUT,
,2423,6348,false,false,false,255 255 255 255,false,,,,,,,1.36277,1,2.36277,Fc1c(Cl)cn(c1)C(=O)C[N+](C)(C)C(C2=O)CC(N2)N(C3)C=C(c(c34)occ4)c5cc(N)c(Cl)cc5,AIDD_Results trypanosoma scaffold 1,AIDD_Results trypanosoma scaffold 1,0,Size; Peff; Xr-; Xm-,
,2424,17348,false,false,false,255 255 255 255,false,,,,,,,0,0.5,2.37044,C/C=C/c(c1C(=O)O)c(ccc1)Sc(ccc2)cc2C(=O)O,AIDD_Results trypanosoma scaffold 1,AIDD_Results trypanosoma scaffold 1,0,fu; Xm+; 2C9,
,2425,24052,false,false,false,255 255 255 255,false,,,,,,,0.555017,1.81795,2.37297,C1CN(CC2)C[C@@H](C12)C(C#N)N3C(N/C=N/C)CC(=C34)S(=O)(=O)C=CC4=O,AIDD_Results trypanosoma scaffold 1,AIDD_Results trypanosoma scaffold 1,0,Peff; Xr; Xm+; MUT,
,2426,20295,false,false,false,255 255 255 255,false,,,,,,,0,2,2.3753,n1cncn1C(C)CN(C2)CN(C(C2=3)CN=CC3)C[C@H](C45)CN(CC4)CC5,AIDD_Results trypanosoma scaffold 1,AIDD_Results trypanosoma scaffold 1,0,Xr-; Xm+; HEPX; 3A4,
,2427,7003,false,false,false,255 255 255 255,false,,,,,,,1.37971,1,2.37971,C[N+](C)(C)Cc1c(cccc1)N(n(c23)c(=O)c(Cl)cn2)C4C(CCCO4)N3S(=O)(=O)C,AIDD_Results trypanosoma scaffold 1,AIDD_Results trypanosoma scaffold 1,0,Size; Peff; Xm,
,2428,20777,false,false,false,255 255 255 255,false,,,,,,,0.38026,2,2.38026,C1CN(CC2)C(C)[C@@H](C12)C(=O)N3n(c(=O)c(N)cc4)c4SC(=C35)N(CC5)S(=O)(=O)C,AIDD_Results trypanosoma scaffold 1,AIDD_Results trypanosoma scaffold 1,0,Size; HBA; ch; Xr-; Xm+; HEPX,
,2429,24978,false,false,false,255 255 255 255,false,,,,,,,0,1.66101,2.38068,N#CC1OCC(=O)c(c12)n(nc2)C(=O)[C@H](C34)CN(CO4)CC3,AIDD_Results trypanosoma scaffold 1,AIDD_Results trypanosoma scaffold 1,0,Xr; Xm; MUT; 1A2,
,2430,3350,false,false,false,255 255 255 255,false,,,,,,,1.88297,0.5,2.38297,N#Cc(c1)c(OC)cc(c12)oc(=O)cc2C[N+](C)(C)C/C=C/N3C=CCc(c34)n(c(Cl)c4)S(=O)(=O)C,AIDD_Results trypanosoma scaffold 1,AIDD_Results trypanosoma scaffold 1,0,Size; Peff; Xm-,
,2431,3008,false,false,false,255 255 255 255,false,,,,,,,0,2,2.38546,O=c1occc(c12)cc3c(c2)cccc3,AIDD_Results trypanosoma scaffold 1,AIDD_Results trypanosoma scaffold 1,0,fu; HEPX; MUT; CL,
,2432,19708,false,false,false,255 255 255 255,false,,,,,,,0.89023,1.5,2.39023,[nH]1c(=O)oc(c12)c3c(cc2)N(C(=O)C4(O)CN(C)CO4)N5C(C3)=NC=CC(=O)C5,AIDD_Results trypanosoma scaffold 1,AIDD_Results trypanosoma scaffold 1,0,HBA; ch; Xr+; MUT,
,2433,24248,false,false,false,255 255 255 255,false,,,,,,,0.8905,1.5,2.3905,N1C(=S)C(C)CN=C1C(=O)c2c(NC3CN(C)CO3)c([N+]([O-])=O)cc(c24)noc4,AIDD_Results trypanosoma scaffold 1,AIDD_Results trypanosoma scaffold 1,0,ch; Xm-; MUT,
,2434,23064,false,false,false,255 255 255 255,false,,,,,,,0.273452,1,2.39079,C/C=C/C(CC1)CC(C1C(C23)CNC3)C2CC(C4)N(CC5)CC(C45)N,AIDD_Results trypanosoma scaffold 1,AIDD_Results trypanosoma scaffold 1,0,Kow; Xr-; Xm-; 2D6; 3A4; CL-,
,2435,12826,false,false,false,255 255 255 255,false,,,,,,,0.393729,2,2.39373,NCC(=O)NC1CNC(C12)Sc3n(c(=O)ccc3)N2C[C@H](C45)CN(CC4)CC5,AIDD_Results trypanosoma scaffold 1,AIDD_Results trypanosoma scaffold 1,0,HBD; Peff; Xr-; Xm+; MUT,
,2436,16383,false,false,false,255 255 255 255,false,,,,,,,1.2,1,2.39362,C\N=C\NC1CN(c(c12)c(=O)cc[nH]2)CC(C#N)[C@H](C(C3)CC4)CN4C35CCCCC5,AIDD_Results trypanosoma scaffold 1,AIDD_Results trypanosoma scaffold 1,0,Size; Peff; Xr-; Xm-; 2D6,
,2437,2712,false,false,false,255 255 255 255,false,,,,,,,1.4,1,2.4,N#Cc(c1)c(OC)cc(c12)oc(=O)cc2C[N+](C)(C)C/C=C/N3C=CCc(c34)[nH]c(Cl)c4,AIDD_Results trypanosoma scaffold 1,AIDD_Results trypanosoma scaffold 1,0,Size; Peff; HEPX,
,2438,20282,false,false,false,255 255 255 255,false,,,,,,,0.4,2,2.4,FCC(=O)C1=CCCC(=C12)OC=3C(N2C(=O)C)=CC4C(C3)N5N(C(C)=NC5)CC(F)C4=O,AIDD_Results trypanosoma scaffold 1,AIDD_Results trypanosoma scaffold 1,0,Size; Xr+; Xm-; HEPX,
,2439,12143,false,false,false,255 255 255 255,false,,,,,,,0.785671,0.5,2.40349,C1CCCCC1C(C(=O)O)C(=O)N(c(c2c(c34)ocn4)cc3C(=O)O)c5c(S2)cccc5Cl,AIDD_Results trypanosoma scaffold 1,AIDD_Results trypanosoma scaffold 1,0,Size; ch; fu; Xr-; 2C9,
,2440,8457,false,false,false,255 255 255 255,false,,,,,,,0,1,2.40638,O=C(O)c1cc(ccc1)C(S2)=CN(C[C@H](C34F)CN(CC3)CC4)C=C2c5cncs5,AIDD_Results trypanosoma scaffold 1,AIDD_Results trypanosoma scaffold 1,0,Xr-; Xm+; 2C19; 3A4,
,2441,16830,false,false,false,255 255 255 255,false,,,,,,,0.210196,2,2.40727,CNC(=O)c1c(N)c(C)n(c12)NC(=NC2)c3ccoc3,AIDD_Results trypanosoma scaffold 1,AIDD_Results trypanosoma scaffold 1,0,HBD; Xm; MUT; 1A2,
,2442,5940,false,false,false,255 255 255 255,false,,,,,,,0.093,1,2.40773,c1coc(c12)c(Cl)c(C(=O)O)c3c2Nc4n(C/3=C\CCC)cc(c4)-c5nn[nH]n5,AIDD_Results trypanosoma scaffold 1,AIDD_Results trypanosoma scaffold 1,0,ch; fu; Xr-; Xm+; 2C9,
,2443,10210,false,false,false,255 255 255 255,false,,,,,,,1.1604,0.748316,2.40871,Cn1c(Cl)ccc1C(=O)C(O)[N+](C)(C)C(C(=O)N)CCN2C=CSc(c23)ccc(Cl)c3,AIDD_Results trypanosoma scaffold 1,AIDD_Results trypanosoma scaffold 1,0,Size; Peff; Vd-; Xr; Xm-,
,2444,4711,false,false,false,255 255 255 255,false,,,,,,,0.912118,0.5,2.41212,CCCCc(c1C(=O)O)c(ccc1Cl)Sc(ccc2)cc2-c3nnn[nH]3,AIDD_Results trypanosoma scaffold 1,AIDD_Results trypanosoma scaffold 1,0,Kow; fu; Xm+,
,2445,18442,false,false,false,255 255 255 255,false,,,,,,,1.41545,1,2.41545,CN1CC(C(C1=O)N)CN2Cc(cc[nH]c3=O)c3S(=O)c(c24)c(ccc4C)C5=CCNCC5,AIDD_Results trypanosoma scaffold 1,AIDD_Results trypanosoma scaffold 1,0,Size; HBD; ch; Peff; Xr-; Xm-,
,2446,20266,false,false,false,255 255 255 255,false,,,,,,,0.579729,1.5,2.41677,O=S1(=O)C(C)=CN=C(C2=O)N1N(C(=O)C3CN(C)CO3)c(cc4)c2c(c45)OCN5C,AIDD_Results trypanosoma scaffold 1,AIDD_Results trypanosoma scaffold 1,0,HBA; Xr-; MUT; 1A2,
,2447,18026,false,false,false,255 255 255 255,false,,,,,,,0.918079,0.5,2.41808,CCN1CCNC(C1=O)CN(C2)c(ccc(Cl)c3)c3S(=O)c(c24)ccc(c4)-c5ncno5,AIDD_Results trypanosoma scaffold 1,AIDD_Results trypanosoma scaffold 1,0,Size; Sw; Xr-; 2C19,
,2448,10826,false,false,false,255 255 255 255,false,,,,,,,1.02537,1,2.41867,CC(=O)N1C(=O)CC(C#N)=CC(S2)=C1Cc3c2cc(c(c34)[nH]cn4)C(=O)C5CCCN5,AIDD_Results trypanosoma scaffold 1,AIDD_Results trypanosoma scaffold 1,0,Size; Sw; Xr+; Xm+; 3A4,
,2449,11608,false,false,false,255 255 255 255,false,,,,,,,1,1.42038,2.42038,c1ncn(S(=O)(=O)C)c(=S)c1C[N+]2(C)CCC(OC2)N3C=CCSc(c34)ccc(Cl)c4,AIDD_Results trypanosoma scaffold 1,AIDD_Results trypanosoma scaffold 1,0,Size; Xr-; Xm,
,2450,19702,false,false,false,255 255 255 255,false,,,,,,,0.0115666,1,2.42254,O=C(O)n1cccc1C2=CN(CC(CC34F)N(CS4)CC3)C=C(S2)c5cncs5,AIDD_Results trypanosoma scaffold 1,AIDD_Results trypanosoma scaffold 1,0,Size; fu; Xr-; Xm+; 2C19,
,2451,22159,false,false,false,255 255 255 255,false,,,,,,,0,0.63688,2.42483,C1NC(C)CC1CN2C(CC(=O)C(C)=CN3)C=3C(=O)C4C2CCc(c45)ccc(F)c5,AIDD_Results trypanosoma scaffold 1,AIDD_Results trypanosoma scaffold 1,0,rat; Xr-; 2C19; 3A4,
,2452,11164,false,false,false,255 255 255 255,false,,,,,,,0,2.42839,2.42839,C1CN(CC2)C[C@@H](C12)CCN3C=CSC=C3c4ccc(=O)oc4,AIDD_Results trypanosoma scaffold 1,AIDD_Results trypanosoma scaffold 1,0,hERG; Xm-; HEPX,
,2453,19722,false,false,false,255 255 255 255,false,,,,,,,0,0.929745,2.42974,O1CN(C)CC1CN2n(c(=O)c(C#N)cc3)c3S(=O)c(c24)n(C)c(=O)cc4,AIDD_Results trypanosoma scaffold 1,AIDD_Results trypanosoma scaffold 1,0,fu-; Vd-; Xm; CL-,
,2454,22013,false,false,false,255 255 255 255,false,,,,,,,0,1.5,2.43021,Fc1cc(C(=O)O)cc(c12)Sc3c(S2)cc(C(=O)O)cc3,AIDD_Results trypanosoma scaffold 1,AIDD_Results trypanosoma scaffold 1,0,fu; rat; Xm+,
,2455,21001,false,false,false,255 255 255 255,false,,,,,,,0,1.43104,2.43104,O1CC(=O)C(C#N)=Nc(c12)n(C)c(c2)-c3csc(c34)cco4,AIDD_Results trypanosoma scaffold 1,AIDD_Results trypanosoma scaffold 1,0,Xr; Xm; 1A2,
,2456,7855,false,false,false,255 255 255 255,false,,,,,,,1.2,1,2.43245,C#C[N+]1(C)CC(CC1)CN2c(cccc3)c3S(=O)(=O)c(c24)ccc(c4)-c5ccccc5,AIDD_Results trypanosoma scaffold 1,AIDD_Results trypanosoma scaffold 1,0,Size; Peff; Xr-; Xm-; 2C9,
,2457,15084,false,false,false,255 255 255 255,false,,,,,,,0.931972,0.5,2.43197,CCN1CCNC(C1=O)CN(C2)c(ccc(Cl)c3)c3S(=O)c(c24)ccc(c4)-c5ncon5,AIDD_Results trypanosoma scaffold 1,AIDD_Results trypanosoma scaffold 1,0,Size; Sw; Xr-; 2C19,
,2458,10444,false,false,false,255 255 255 255,false,,,,,,,1.93409,0.5,2.43409,c1cc(=S)n(C(=O)O)c(c12)N(C(=CS2)C(=O)O)C[C@H](C34)CN(CC3O)C(C4)C5(C)CC(C)CO5,AIDD_Results trypanosoma scaffold 1,AIDD_Results trypanosoma scaffold 1,0,Size; ch; Peff; Xr-,
,2459,14272,false,false,false,255 255 255 255,false,,,,,,,0,2.43399,2.43399,C1CN(CC2)C[C@@H](C12)CC(=O)N(N=C3)C(C3=4)OCC(=O)C4,AIDD_Results trypanosoma scaffold 1,AIDD_Results trypanosoma scaffold 1,0,Xr; Xm; MUT,
,2460,10546,false,false,false,255 255 255 255,false,,,,,,,0.935447,0.5,2.43545,O=C(O)c1c(Cl)ccc(c12)Sc3c(cc(C(=O)O)cc3)C(C)C/2=C\C,AIDD_Results trypanosoma scaffold 1,AIDD_Results trypanosoma scaffold 1,0,Kow; fu; Xm+,
,2461,22207,false,false,false,255 255 255 255,false,,,,,,,0.438526,2,2.43853,CCN(CO1)CC1Cn2n(c(=S)c(Cl)cc3)c3c(=O)c4c2c([N+]([O-])=O)cc(c45)NCO5,AIDD_Results trypanosoma scaffold 1,AIDD_Results trypanosoma scaffold 1,0,Size; Sw; Xr-; Xm+; MUT,
,2462,11865,false,false,false,255 255 255 255,false,,,,,,,0,0.5,2.44064,O=C(O)Cc1c(Cl)ccc(c12)Oc3c(N2C=O)ccc(c3)C(C4=O)Cc(c45)ocn5,AIDD_Results trypanosoma scaffold 1,AIDD_Results trypanosoma scaffold 1,0,fu; Xr-; 2C9,
,2463,4487,false,false,false,255 255 255 255,false,,,,,,,0.4,2.04217,2.44217,CC(=O)NC(C1F)N(CC2)C[C@@H](C12)C(C#N)N3C=CSC(=C4C(=O)O)C3=CC(C45)CCC5,AIDD_Results trypanosoma scaffold 1,AIDD_Results trypanosoma scaffold 1,0,Size; Xr+; Xm; HEPX,
,2464,23399,false,false,false,255 255 255 255,false,,,,,,,0,2.44151,2.44151,N#CC(F)C1C(NCC2)C2NN(C1=C34)C(=O)CC3CC(C4)c5ncon5,AIDD_Results trypanosoma scaffold 1,AIDD_Results trypanosoma scaffold 1,0,Xr+; Xm; HEPX,
,2465,10484,false,false,false,255 255 255 255,false,,,,,,,0.94326,1.5,2.44326,C1CN(CC2)C[C@@H](C12)Cc(c(c34)oc(N)c3N)n5c4C(=O)CCN5,AIDD_Results trypanosoma scaffold 1,AIDD_Results trypanosoma scaffold 1,0,HBD; Xr-; MUT,
,2466,25121,false,false,false,255 255 255 255,false,,,,,,,1.44367,1,2.44367,N#CC(C1F)NC(C12)C(NS(=O)(=O)C)c3n(c(=O)ccc3)N2CC(C45)C(=O)N(CC4)CC5,AIDD_Results trypanosoma scaffold 1,AIDD_Results trypanosoma scaffold 1,0,Size; HBA; ch; Xr+; Xm+,
,2467,14828,false,false,false,255 255 255 255,false,,,,,,,0.944658,1.5,2.44466,C1CN(CC2)C(CC12)Cc(c(c34)oc(N)c3N)n5c4C(=O)CCN5,AIDD_Results trypanosoma scaffold 1,AIDD_Results trypanosoma scaffold 1,0,HBD; Xr-; MUT,
,2468,18974,false,false,false,255 255 255 255,false,,,,,,,0.183034,1.5,2.45151,CNC(=O)c1c(N)c(C)n(c12)NC(=NC2)c3coc(c34)cccc4,AIDD_Results trypanosoma scaffold 1,AIDD_Results trypanosoma scaffold 1,0,HBD; Xm+; MUT; 1A2,
,2469,24410,false,false,false,255 255 255 255,false,,,,,,,0,2.45254,2.45254,O=C1CCC(C)N1C(C2N)=CN([C@H](C34)CN(CC3)CC4)n(c25)c(=O)ccc5,AIDD_Results trypanosoma scaffold 1,AIDD_Results trypanosoma scaffold 1,0,rat; Xr-; Xm+; HEPX,
,2470,18278,false,false,false,255 255 255 255,false,,,,,,,0,2.45434,2.45434,CC(O1)NCC1(C)C(=O)N(c(c23)oc(=O)cc2)N4C(S3)=NC=C(F)C(=O)C4,AIDD_Results trypanosoma scaffold 1,AIDD_Results trypanosoma scaffold 1,0,Xr; Xm; MUT,
,2471,22179,false,false,false,255 255 255 255,false,,,,,,,0,1,2.45356,C1CC2CC(CC)N1C(C23)CCC3,AIDD_Results trypanosoma scaffold 1,AIDD_Results trypanosoma scaffold 1,0,Vd; Xr-; Xm-; CL-,
,2472,9702,false,false,false,255 255 255 255,false,,,,,,,0,1.86677,2.45692,C1CN(CC2)C[C@@H](C12F)C(=O)C=3N=CSC(C34)=COC(=O)C4,AIDD_Results trypanosoma scaffold 1,AIDD_Results trypanosoma scaffold 1,0,Xr; HEPX; 1A2; 3A4,
,2473,14474,false,false,false,255 255 255 255,false,,,,,,,0,1.5,2.45694,O=c1ccnc2n1n(C#CCN(C)C)c(c23)c(Cl)cc(c3)C4CNC=N4,AIDD_Results trypanosoma scaffold 1,AIDD_Results trypanosoma scaffold 1,0,Vd; Xm+; MUT; 1A2; 2D6,
,2474,18353,false,false,false,255 255 255 255,false,,,,,,,1.45989,1,2.45989,O=S1(=O)NCN=C(S2)N1N(C)c(c(F)c3Cl)c2c(c34)OC(N)C4c5ccncn5,AIDD_Results trypanosoma scaffold 1,AIDD_Results trypanosoma scaffold 1,0,Size; HBA; ch; Xr+; Xm+,
,2475,20618,false,false,false,255 255 255 255,false,,,,,,,0.96,1.5,2.46,C1CN(CC2)C[C@@H](C12)C(S3=O)OCC(=C3C#N)C(CC4)CC(C=C4SC)N5CCCC5C,AIDD_Results trypanosoma scaffold 1,AIDD_Results trypanosoma scaffold 1,0,Size; Xr-; Xm+; HEPX-,
,2476,6964,false,false,false,255 255 255 255,false,,,,,,,1.46072,1,2.46072,CS(=O)(=O)NCC(=O)C(S1)=CN(n(c12)c(=O)c(Cl)cn2)C(CCN(C)C)c3ccco3,AIDD_Results trypanosoma scaffold 1,AIDD_Results trypanosoma scaffold 1,0,Size; HBA; Peff; Xm,
,2477,16466,false,false,false,255 255 255 255,false,,,,,,,0.9575,1.50779,2.46529,NCC(=O)C1CC(C#N)C(=C12)Sc3c(N2C=O)c(=O)n(cn3)C(=O)C,AIDD_Results trypanosoma scaffold 1,AIDD_Results trypanosoma scaffold 1,0,ch; Xr; HEPX,
,2478,3076,false,false,false,255 255 255 255,false,,,,,,,0.106437,0.5,2.4687,FC(F)(F)c(c1)c(C)cc(c12)S(=O)c3c(cc(CN)cc3)N2CCCN(C)C,AIDD_Results trypanosoma scaffold 1,AIDD_Results trypanosoma scaffold 1,0,Sw; Vd; Xm+; 2C19,
,2479,22936,false,false,false,255 255 255 255,false,,,,,,,0.968558,1,2.46856,C1CN(CC2)CC(N12)N(C(C#N)=CS3)c(c34)cc(S(=O)(=O)C)c(Br)c4NC(=O)C,AIDD_Results trypanosoma scaffold 1,AIDD_Results trypanosoma scaffold 1,0,Size; Xr-; Xm-; CL-,
,2480,11887,false,false,false,255 255 255 255,false,,,,,,,0.969987,1.5,2.46999,CCN(CO1)CC1C(=O)N2N(S(=O)(=O)C(C)=CN3)C=3C(=O)c(c4)c2cc(c45)ocn5,AIDD_Results trypanosoma scaffold 1,AIDD_Results trypanosoma scaffold 1,0,HBA; ch; Xr-; MUT,
,2481,14657,false,false,false,255 255 255 255,false,,,,,,,0,1.47106,2.47106,C1CN(CC2)C[C@@H](C12)CN3C(c4nccs4)=CSc(c35)cccc5S(=O)C,AIDD_Results trypanosoma scaffold 1,AIDD_Results trypanosoma scaffold 1,0,hERG; Xr-; Xm+; 2C19,
,2482,16128,false,false,false,255 255 255 255,false,,,,,,,0.97267,0.5,2.47201,o1cccc1-c(c2)cc(c(O)c2C(=O)O)C3=CN(C=CS3)C[C@H](C45F)CN(CC4)CC5,AIDD_Results trypanosoma scaffold 1,AIDD_Results trypanosoma scaffold 1,0,Size; Sw; fu; Xr-; 2C9,
,2483,22835,false,false,false,255 255 255 255,false,,,,,,,0,1.63315,2.47355,C1OCC=Nc(c1c23)n(c2cc(N)c(C#N)c3)/C=C(\C45)CN(CC4)CC5,AIDD_Results trypanosoma scaffold 1,AIDD_Results trypanosoma scaffold 1,0,Vd; Xr-; Xm; MUT; 2D6,
,2484,20803,false,false,false,255 255 255 255,false,,,,,,,0,0.5,2.47481,c1c(=O)[nH]c(=O)n2c1S(=O)c(ccc(C)c3C(F)(F)F)c3N4C2NC(C45)CC(C)C5,AIDD_Results trypanosoma scaffold 1,AIDD_Results trypanosoma scaffold 1,0,fu-; Vd-; Xr-; 2C9; CL-,
,2485,11482,false,false,false,255 255 255 255,false,,,,,,,0.477152,2,2.47715,CN1CCC1CN2N(C(=O)C(C)CN)CS(=O)(=O)c(c23)cccc3C(C4=O)CCC4,AIDD_Results trypanosoma scaffold 1,AIDD_Results trypanosoma scaffold 1,0,ch; Xr-; Xm-; MUT,
,2486,17856,false,false,false,255 255 255 255,false,,,,,,,0,0.97783,2.47783,O=c1cc(CO)cc(S2=O)n1N(CCCN(C)C)c3c2c(F)cc(c34)CCC4,AIDD_Results trypanosoma scaffold 1,AIDD_Results trypanosoma scaffold 1,0,fu-; Vd-; Xm; CL-,
,2487,18565,false,false,false,255 255 255 255,false,,,,,,,0,0.977717,2.47772,O=c1ccc(CO)c(S2=O)n1N(CCCN(C)C)c3c2c(F)cc(c34)CCC4,AIDD_Results trypanosoma scaffold 1,AIDD_Results trypanosoma scaffold 1,0,fu-; Vd-; Xm; CL-,
,2488,22020,false,false,false,255 255 255 255,false,,,,,,,0.978564,1.5,2.47856,O=S1(=O)C(C)=CN=C(C2=O)N1N(C(=O)C3CN(CO3)CC)c(c4)c2cc(c45)ocn5,AIDD_Results trypanosoma scaffold 1,AIDD_Results trypanosoma scaffold 1,0,HBA; ch; Xr-; MUT,
,2489,14342,false,false,false,255 255 255 255,false,,,,,,,0.48206,2,2.48206,CN1CCC1CN2N(C(=O)C(C)CN)CS(=O)(=O)c(c23)cccc3C(CC4=O)CC4,AIDD_Results trypanosoma scaffold 1,AIDD_Results trypanosoma scaffold 1,0,ch; Xr-; Xm-; MUT,
,2490,5786,false,false,false,255 255 255 255,false,,,,,,,0.785671,0.5,2.48341,C1CCCCC1C(C(=O)O)C(=O)N(c(c2c(c34)ocn4)cc3C(=O)O)c5c(S2)ccc(Cl)c5,AIDD_Results trypanosoma scaffold 1,AIDD_Results trypanosoma scaffold 1,0,Size; ch; fu; Xr-; 2C9,
,2491,12777,false,false,false,255 255 255 255,false,,,,,,,0.0862377,1.5,2.48624,CC(O1)NCC1C(=O)N(c(cc2)c3c(c24)ocn4)N5C(O3)=NC=C(F)C(=O)C5,AIDD_Results trypanosoma scaffold 1,AIDD_Results trypanosoma scaffold 1,0,HBA; Xr+; MUT; 1A2,
,2492,15599,false,false,false,255 255 255 255,false,,,,,,,0,1.48821,2.48821,C#Cc1cccc(c12)SC=NC2C(O)C[C@H](C34)CN(CC3)CC4,AIDD_Results trypanosoma scaffold 1,AIDD_Results trypanosoma scaffold 1,0,hERG; Xm; 2C19,
,2493,12548,false,false,false,255 255 255 255,false,,,,,,,0,2.4895,2.4895,C1CN(C2)C[C@@H](C12)C(=O)N(c(c34)c(N)ccc4)N5C3=CC(=O)CC=C5,AIDD_Results trypanosoma scaffold 1,AIDD_Results trypanosoma scaffold 1,0,rat; Xr-; Xm-; MUT,
,2494,21240,false,false,false,255 255 255 255,false,,,,,,,0,2,2.49122,O1CN(C)CC1C(=O)CN(c(cc2)c3c(c24)ocn4)N5C(C3=O)=NC(C)C5=O,AIDD_Results trypanosoma scaffold 1,AIDD_Results trypanosoma scaffold 1,0,Xr-; Xm+; MUT; 1A2,
,2495,22772,false,false,false,255 255 255 255,false,,,,,,,0.491892,1.5,2.49189,C1CCCC(C1C23)N(CC3)C[C@@H]2CCN4CCCN(C45)CCC5,AIDD_Results trypanosoma scaffold 1,AIDD_Results trypanosoma scaffold 1,0,Kow; hERG-; Xr-; Xm-; CL-,
,2496,11051,false,false,false,255 255 255 255,false,,,,,,,0.994288,0.5,2.49429,O=C(O)c1cc(Cl)cc(c12)Sc3c(C(C)C/2=C\C)ccc(c3)C(=O)O,AIDD_Results trypanosoma scaffold 1,AIDD_Results trypanosoma scaffold 1,0,Kow; fu; Xm+,
,2497,21897,false,false,false,255 255 255 255,false,,,,,,,0.996103,1.5,2.4961,c1oc(=O)cc(S2(=O)=O)c1N(c3ccn(c34)C(=O)C4)N(C25)C(=O)CC=5CN,AIDD_Results trypanosoma scaffold 1,AIDD_Results trypanosoma scaffold 1,0,HBA; ch; Xr-; MUT,
,2498,18148,false,false,false,255 255 255 255,false,,,,,,,0,1.5,2.49679,n1coc(c12)c3c(cc2C)NN4C(C3=O)=NC(CC4=S)c5ccccc5,AIDD_Results trypanosoma scaffold 1,AIDD_Results trypanosoma scaffold 1,0,fu; Xr-; Xm,
,2499,4882,false,false,false,255 255 255 255,false,,,,,,,2,0.5,2.5,c1cc(Cl)cc(S2)c1N(c(c23)n(C(=O)N)ccc3=O)COC[N+](C)(C)Cn4cnccc4=S,AIDD_Results trypanosoma scaffold 1,AIDD_Results trypanosoma scaffold 1,0,Size; Peff; Xr-,
,2500,6828,false,false,false,255 255 255 255,false,,,,,,,0,1,2.5,FC(F)(F)c(c1)ccc(c12)S(=O)c3n(c(=O)c(CO)cc3)N2CCCN(C)C,AIDD_Results trypanosoma scaffold 1,AIDD_Results trypanosoma scaffold 1,0,fu-; Vd-; Xm; CL-,
,2501,6979,false,false,false,255 255 255 255,false,,,,,,,0,2.5,2.5,C1CN(CC2)C[C@@H](C12F)C(c3ncco3)n(ccc4=O)n(c45)c(=O)ccc5C,AIDD_Results trypanosoma scaffold 1,AIDD_Results trypanosoma scaffold 1,0,Xr-; Xm; MUT,
,2502,5057,false,false,false,255 255 255 255,false,,,,,,,1,0.5,2.5,FCCCCc(c1C(=O)O)c(ccc1Cl)Sc(ccc2)cc2-c3nnn[nH]3,AIDD_Results trypanosoma scaffold 1,AIDD_Results trypanosoma scaffold 1,0,Kow; fu; Xm+,
,2503,5032,false,false,false,255 255 255 255,false,,,,,,,1,0.5,2.5,c1ccccc1-c(cc(Cl)c2C(=O)O)c(c23)SC4C(CC3)CCC(C4)C(=O)O,AIDD_Results trypanosoma scaffold 1,AIDD_Results trypanosoma scaffold 1,0,Kow; fu; Xm+,
,2504,5207,false,false,false,255 255 255 255,false,,,,,,,0,2.5,2.5,CCN1COCC1Cn2n(c(=O)cc(n3)C)c3c(=O)c4c2ccc(c45)nco5,AIDD_Results trypanosoma scaffold 1,AIDD_Results trypanosoma scaffold 1,0,Xr-; Xm; MUT,
,2505,6088,false,false,false,255 255 255 255,false,,,,,,,0,2.5,2.5,C1CN(CC2)C[C@@H](C12F)CC(=CS3)Nn(c34)c(=O)ccc4-c5ncon5,AIDD_Results trypanosoma scaffold 1,AIDD_Results trypanosoma scaffold 1,0,Xr-; Xm; MUT,
,2506,5295,false,false,false,255 255 255 255,false,,,,,,,0,1.5,2.5,c1cccc(c12)n3c(N=COCC3=O)c2[C@H](C45)CN(CO5)CC4,AIDD_Results trypanosoma scaffold 1,AIDD_Results trypanosoma scaffold 1,0,Xr-; MUT; 1A2,
,2507,4539,false,false,false,255 255 255 255,false,,,,,,,0,2.5,2.5,N1C=CCC(=O)N(C=12)N(C=CS2)CC3C[N+](C)(C)C4C3Cc(c45)cc([N+]([O-])=O)cc5,AIDD_Results trypanosoma scaffold 1,AIDD_Results trypanosoma scaffold 1,0,Xr+; Xm; MUT,
,2508,694,false,false,false,255 255 255 255,false,,,,,,,1,1.5,2.5,C1CCCCC1([N+](C)(C)C)CCN2n(c(=O)c(Cl)cn3)c3Sc(c24)cccc4,AIDD_Results trypanosoma scaffold 1,AIDD_Results trypanosoma scaffold 1,0,Peff; hERG+; Xm,
,2509,3523,false,false,false,255 255 255 255,false,,,,,,,1,1.5,2.5,C[N+](C)(C)C#CCCN1C(C=CCC2)=C2Sc(c13)cncc3,AIDD_Results trypanosoma scaffold 1,AIDD_Results trypanosoma scaffold 1,0,Peff; hERG+; Xm,
,2510,3634,false,false,false,255 255 255 255,false,,,,,,,2,0.5,2.5,CC1=CC(Cl)=CCC1C(=O)C[N+](C)(C)C(C(=O)N)CCN2C=CS(=O)(=O)c(c23)ccc(Br)c3,AIDD_Results trypanosoma scaffold 1,AIDD_Results trypanosoma scaffold 1,0,Size; Peff; Xm-,
,2511,7138,false,false,false,255 255 255 255,false,,,,,,,0,1.5,2.5,c1cccc(c12)cc3c(N=COCC3=O)c2[C@H](C45)CN(CO5)CC4,AIDD_Results trypanosoma scaffold 1,AIDD_Results trypanosoma scaffold 1,0,Xr-; MUT; 1A2,
,2512,7278,false,false,false,255 255 255 255,false,,,,,,,0,1.5,2.5,O1CN(C)CC1(O)C(=O)N2n(c(=O)c(C)cn3)c3Cc4c2ccc(c45)nco5,AIDD_Results trypanosoma scaffold 1,AIDD_Results trypanosoma scaffold 1,0,Xr-; Xm; 1A2,
,2513,7626,false,false,false,255 255 255 255,false,,,,,,,0,1.5,2.5,c1cccc(c12)c(F)c3c(N=COCC3=O)c2[C@H](C45)CN(CO5)CC4,AIDD_Results trypanosoma scaffold 1,AIDD_Results trypanosoma scaffold 1,0,Xr-; MUT; 1A2,
,2514,7720,false,false,false,255 255 255 255,false,,,,,,,0,2,2.5,CS(=O)(=O)c(cc1)ccc1C(SC=C2C#N)=CN2C(N34)CN(CC3)CC4,AIDD_Results trypanosoma scaffold 1,AIDD_Results trypanosoma scaffold 1,0,Xr-; Xm+; MUT; CL-,
,2515,7961,false,false,false,255 255 255 255,false,,,,,,,0,2.5,2.5,O=c1c(C)cnc(C2)n1N(C(=O)C3(O)CN(C)CO3)c(c2c45)ccc4nccc5,AIDD_Results trypanosoma scaffold 1,AIDD_Results trypanosoma scaffold 1,0,Xr-; Xm; MUT,
,2516,8183,false,false,false,255 255 255 255,false,,,,,,,0,0.5,2.5,c1ccccc1C(=O)c2ccc(cc2)S\C=C\NC[C@H](C34)CN(CC4)CC3N,AIDD_Results trypanosoma scaffold 1,AIDD_Results trypanosoma scaffold 1,0,Vd; Xm+; 2D6,
,2517,8619,false,false,false,255 255 255 255,false,,,,,,,0,2.5,2.5,C1CN(CC2)C(CC12)CC3N=C(c4ncco4)Sc(c35)oc(=O)cc5,AIDD_Results trypanosoma scaffold 1,AIDD_Results trypanosoma scaffold 1,0,hERG; Xr-; Xm,
,2518,8662,false,false,false,255 255 255 255,false,,,,,,,0,0,2.5,FC(F)(F)c(c1)ccc(c12)S(=O)C=3C(C(=O)N(CC)C(=O)C3)N2CCCN(C)C,AIDD_Results trypanosoma scaffold 1,AIDD_Results trypanosoma scaffold 1,0,fu-; Vd-; 2C19; CL-,
,2519,8848,false,false,false,255 255 255 255,false,,,,,,,1,0.5,2.5,O=C(O)c1c(Cl)ccc(c12)Sc3c(C(C)C/2=C\C)ccc(c3)C(=O)O,AIDD_Results trypanosoma scaffold 1,AIDD_Results trypanosoma scaffold 1,0,Kow; fu; Xm+,
,2520,8910,false,false,false,255 255 255 255,false,,,,,,,0,1,2.5,c1c(=O)[nH]cc(CN2C)c1S(=O)c(c23)cc(F)cc3F,AIDD_Results trypanosoma scaffold 1,AIDD_Results trypanosoma scaffold 1,0,fu-; Vd-; HEPX; CL-,
,2521,8912,false,false,false,255 255 255 255,false,,,,,,,0,1.5,2.5,O=C(O)c1c(Cl)ccc(S2)c1\C(=C\C)n(c23)cc(c3)-c4nn[nH]n4,AIDD_Results trypanosoma scaffold 1,AIDD_Results trypanosoma scaffold 1,0,fu; Xm+; HEPX,
,2522,9188,false,false,false,255 255 255 255,false,,,,,,,0,1,2.5,CS(=O)(=O)c1ccc(c(O)c1C)C(SC=C2C#N)=CN2C(N34)CN(CC3)CC4,AIDD_Results trypanosoma scaffold 1,AIDD_Results trypanosoma scaffold 1,0,Xr-; Xm-; 2C9; CL-,
,2523,9574,false,false,false,255 255 255 255,false,,,,,,,0,1.5,2.5,c1cc(Cl)cc(c12)n3c(c2C(CC45)N(CO5)CC4)N=COC(=O)C3,AIDD_Results trypanosoma scaffold 1,AIDD_Results trypanosoma scaffold 1,0,Xr-; MUT; 1A2,
,2524,9776,false,false,false,255 255 255 255,false,,,,,,,0,1.5,2.5,O=C1COC=Nc(c2C(CC34)N(CO4)CC3)c1cc(c25)cccn5,AIDD_Results trypanosoma scaffold 1,AIDD_Results trypanosoma scaffold 1,0,Xr-; MUT; 1A2,
,2525,9795,false,false,false,255 255 255 255,false,,,,,,,0,2.5,2.5,C1CN(CC2)CC(C12)C(=O)N(n(c34)cnc3)C5C(S4)=CC(=O)CC5,AIDD_Results trypanosoma scaffold 1,AIDD_Results trypanosoma scaffold 1,0,Xr-; Xm; HEPX,
,2526,10190,false,false,false,255 255 255 255,false,,,,,,,0,2,2.5,C1CN(CC2)C[C@@H](C12)CN(C3CC(N)C=C4)C(C5C34)NC=NC5,AIDD_Results trypanosoma scaffold 1,AIDD_Results trypanosoma scaffold 1,0,Xr-; Xm+; MUT; CL-,
,2527,10304,false,false,false,255 255 255 255,false,,,,,,,0,2.5,2.5,CCN(CO1)C\C1=C\N2N(S(=O)(=O)C(C)=CN3)C=3C(=O)c4c2ccc(c45)nco5,AIDD_Results trypanosoma scaffold 1,AIDD_Results trypanosoma scaffold 1,0,Xr-; HEPX; MUT,
,2528,10961,false,false,false,255 255 255 255,false,,,,,,,0,2.5,2.5,C1CN(CC2)C[C@@H](C12)CCN3C=C(C4=CCC(=O)C=C4)SC=C3c5ncon5,AIDD_Results trypanosoma scaffold 1,AIDD_Results trypanosoma scaffold 1,0,hERG-; Xr-; Xm+; HEPX,
,2529,11471,false,false,false,255 255 255 255,false,,,,,,,0,0.5,2.5,O=C(O)Cc1c(Cl)ccc(c12)Oc3c(N2C=O)ccc(c3)C(C4=O)Cc(c45)nco5,AIDD_Results trypanosoma scaffold 1,AIDD_Results trypanosoma scaffold 1,0,fu; Xr-; 2C9,
,2530,11554,false,false,false,255 255 255 255,false,,,,,,,0,2,2.5,c1oc(=O)cc(c12)N3N(C2)c4c(nco4)OC3=O,AIDD_Results trypanosoma scaffold 1,AIDD_Results trypanosoma scaffold 1,0,HEPX; MUT; CL-,
,2531,11580,false,false,false,255 255 255 255,false,,,,,,,0,2.5,2.5,C1CN(NC2)C[C@@H](C12)C(=O)N(n(c34)cnc3)c5c(S4)cc(=O)oc5,AIDD_Results trypanosoma scaffold 1,AIDD_Results trypanosoma scaffold 1,0,Xr-; Xm; MUT,
,2532,11917,false,false,false,255 255 255 255,false,,,,,,,0,2.5,2.5,C1CN(CC2)C(CC12)CCN3C=C(C4=CCC(=O)C=C4)SC=C3c5ncon5,AIDD_Results trypanosoma scaffold 1,AIDD_Results trypanosoma scaffold 1,0,hERG-; Xr-; Xm+; HEPX,
,2533,11938,false,false,false,255 255 255 255,false,,,,,,,0,2.5,2.5,C1CN(CO2)C[C@@H](C12)Cn(c(c34)COS4(=O)=O)c(c3)-n5cncn5,AIDD_Results trypanosoma scaffold 1,AIDD_Results trypanosoma scaffold 1,0,Xr-; Xm; MUT,
,2534,11973,false,false,false,255 255 255 255,false,,,,,,,0,2.5,2.5,C1CN(CC2)CC(C12)C(=O)N(n(c34)cnc3C#N)C5C(S4)=CC(=O)CC5,AIDD_Results trypanosoma scaffold 1,AIDD_Results trypanosoma scaffold 1,0,Xr-; Xm; HEPX,
,2535,12100,false,false,false,255 255 255 255,false,,,,,,,0,1,2.5,c1c(=O)ccn(CN2C)c1S(=O)c(c23)cc(F)cc3F,AIDD_Results trypanosoma scaffold 1,AIDD_Results trypanosoma scaffold 1,0,fu-; Vd-; HEPX; CL-,
,2536,12737,false,false,false,255 255 255 255,false,,,,,,,1,1.5,2.5,N#CCC(=O)n(c1=O)cnc(S2)c1NC(C23)N(C(=O)C)C(C3)c4ncon4,AIDD_Results trypanosoma scaffold 1,AIDD_Results trypanosoma scaffold 1,0,ch; Xr-; Xm,
,2537,12816,false,false,false,255 255 255 255,false,,,,,,,0,2.5,2.5,C1CN(CC2)C[C@@H](C12F)CCN(C=CS3)n(c34)c(=S)ccc4-c5ncon5,AIDD_Results trypanosoma scaffold 1,AIDD_Results trypanosoma scaffold 1,0,hERG; Xr-; Xm,
,2538,12829,false,false,false,255 255 255 255,false,,,,,,,0,2.5,2.5,CN1CCC(C1C)N(c(c23)nccc3)N4C(C2=O)=NC=C(C)C(=O)C4,AIDD_Results trypanosoma scaffold 1,AIDD_Results trypanosoma scaffold 1,0,Xr-; Xm; HEPX,
,2539,12844,false,false,false,255 255 255 255,false,,,,,,,0,2,2.5,CS(=O)(=O)c1ncn(c(=O)c1F)C(SC=C2C#N)=CN2[C@H](N34)CN(CC3)CC4,AIDD_Results trypanosoma scaffold 1,AIDD_Results trypanosoma scaffold 1,0,Xr-; Xm-; HEPX; CL-,
,2540,13053,false,false,false,255 255 255 255,false,,,,,,,0,2.5,2.5,C1CN(CC2)C[C@@H](C12)C(=O)N(n(c34)c(O)nc3)C5C(S4)=CC(=O)CC5,AIDD_Results trypanosoma scaffold 1,AIDD_Results trypanosoma scaffold 1,0,Xr-; Xm; HEPX,
,2541,13209,false,false,false,255 255 255 255,false,,,,,,,1,1.5,2.5,O=C(O)C(C1)N(CO2)C[C@@H](C12)c3c(N=COCC4=O)c4cc(c35)cc(O)cc5,AIDD_Results trypanosoma scaffold 1,AIDD_Results trypanosoma scaffold 1,0,Peff; Xr-; MUT,
,2542,13297,false,false,false,255 255 255 255,false,,,,,,,0,2.5,2.5,C1CN(CC2)C[C@@H](C12)C(=O)N(n(c34)ccc3)C5C(S4)=CC(=O)CC5,AIDD_Results trypanosoma scaffold 1,AIDD_Results trypanosoma scaffold 1,0,Xr-; Xm; HEPX,
,2543,13559,false,false,false,255 255 255 255,false,,,,,,,0,2.5,2.5,OCN(CO1)CC1CN2C(CC(C)=CN3)C=3C(=O)c4c2ccc(c45)ocn5,AIDD_Results trypanosoma scaffold 1,AIDD_Results trypanosoma scaffold 1,0,Xr-; HEPX; MUT,
,2544,13599,false,false,false,255 255 255 255,false,,,,,,,0,1.5,2.5,CN(C)CCCN1N(S(=O)(=O)C(CN)=CC2)C=2S(=O)c(c13)cccc3,AIDD_Results trypanosoma scaffold 1,AIDD_Results trypanosoma scaffold 1,0,Xm+; MUT; 2C19,
,2545,13704,false,false,false,255 255 255 255,false,,,,,,,0,2.5,2.5,C1CN(CO2)C(CC12)c3c(N=COC(=O)C4)n4c(c35)C=C(Cl)CC5,AIDD_Results trypanosoma scaffold 1,AIDD_Results trypanosoma scaffold 1,0,Xr-; HEPX; MUT,
,2546,13758,false,false,false,255 255 255 255,false,,,,,,,0,2.5,2.5,c1c(Cl)cc(=O)n(c12)n(cc2)/C=C(/C34F)CN(CC4)C(C3)c5cnc[nH]5,AIDD_Results trypanosoma scaffold 1,AIDD_Results trypanosoma scaffold 1,0,Xr-; Xm; HEPX,
,2547,13905,false,false,false,255 255 255 255,false,,,,,,,0,1.5,2.5,c1nccc(c12)cc3c(c2C(CC45)N(CO5)CC4)N=COCC3=O,AIDD_Results trypanosoma scaffold 1,AIDD_Results trypanosoma scaffold 1,0,Xr-; MUT; 1A2,
,2548,14088,false,false,false,255 255 255 255,false,,,,,,,0,0.5,2.5,c1cccc(c12)c3c(cc2C(=O)C)N(C=O)c4c(O3)ncn(c4=O)C(=O)C,AIDD_Results trypanosoma scaffold 1,AIDD_Results trypanosoma scaffold 1,0,Xm-; 1A2; 2C9,
,2549,14316,false,false,false,255 255 255 255,false,,,,,,,0,1.5,2.5,Nc1cccc(c12)c(F)c3c(N=COCC3)c2[C@H](C45)CN(CO5)CC4,AIDD_Results trypanosoma scaffold 1,AIDD_Results trypanosoma scaffold 1,0,Xr-; MUT; 1A2,
,2550,14452,false,false,false,255 255 255 255,false,,,,,,,0,1.5,2.5,c1cccc(c12)c(F)c3c(c2C(CC45)N(CO5)CC4)N=COCC3=O,AIDD_Results trypanosoma scaffold 1,AIDD_Results trypanosoma scaffold 1,0,Xr-; MUT; 1A2,
,2551,14482,false,false,false,255 255 255 255,false,,,,,,,0,2.5,2.5,C1CN(CO2)CC(=C12)c3c(N=COCS4(=O)=O)c4cc(c35)cc(F)cc5,AIDD_Results trypanosoma scaffold 1,AIDD_Results trypanosoma scaffold 1,0,Xr-; HEPX; MUT,
,2552,14538,false,false,false,255 255 255 255,false,,,,,,,0,1.5,2.5,c1cc(N)cc(c12)cc3c(N=COCC3=O)c2[C@H](C45)CN(CO5)CC4,AIDD_Results trypanosoma scaffold 1,AIDD_Results trypanosoma scaffold 1,0,Xr-; MUT; 1A2,
,2553,14546,false,false,false,255 255 255 255,false,,,,,,,0,2.5,2.5,CN1CCCC1(C)n2c(cc(Cl)cn3)c3oc(c(=O)c4[N+]([O-])=O)c2n(c45)c(=O)cc5,AIDD_Results trypanosoma scaffold 1,AIDD_Results trypanosoma scaffold 1,0,Xr-; HEPX; MUT,
,2554,14679,false,false,false,255 255 255 255,false,,,,,,,0,2.5,2.5,O=c1c(F)c(C(=O)C)nc(S2)n1N(C)C(=C23)N4C(C3=O)CCC4=O,AIDD_Results trypanosoma scaffold 1,AIDD_Results trypanosoma scaffold 1,0,Xm+; HEPX; MUT,
,2555,14808,false,false,false,255 255 255 255,false,,,,,,,0,1.5,2.5,c1ccc(F)c(c12)n3c(c2C(CC45)N(CO5)CC4)CN=COC3=O,AIDD_Results trypanosoma scaffold 1,AIDD_Results trypanosoma scaffold 1,0,Xr-; MUT; 1A2,
,2556,14836,false,false,false,255 255 255 255,false,,,,,,,0,1,2.5,O=c1cc(C#N)cc(S2=O)n1N(CCCN(C)C)c(c23)cc(C(F)(F)F)cc3C,AIDD_Results trypanosoma scaffold 1,AIDD_Results trypanosoma scaffold 1,0,fu-; Vd-; Xm; CL-,
,2557,14868,false,false,false,255 255 255 255,false,,,,,,,0,1.5,2.5,Nc1cccc(c12)c(F)c3c(N=COCC3)c2[C@H](C45)CN(CO5)CC4O,AIDD_Results trypanosoma scaffold 1,AIDD_Results trypanosoma scaffold 1,0,Xr-; MUT; 1A2,
,2558,15066,false,false,false,255 255 255 255,false,,,,,,,0,2.5,2.5,C1CN(NC2)C[C@@H](C12)C(=O)N(n(c34)cnc3)c5c(S4)coc(=O)c5,AIDD_Results trypanosoma scaffold 1,AIDD_Results trypanosoma scaffold 1,0,Xr-; Xm; MUT,
,2559,15127,false,false,false,255 255 255 255,false,,,,,,,0,2.5,2.5,C1CN(CC2)C(=CC12)C3=C(N=COC4=O)N4C(C3=5)CC(O)CC5,AIDD_Results trypanosoma scaffold 1,AIDD_Results trypanosoma scaffold 1,0,Xr-; HEPX; MUT,
,2560,15430,false,false,false,255 255 255 255,false,,,,,,,0,1.5,2.5,C1CN(CO2)C(CC12)Cc3c(N=COCC4=O)c4cc(c35)ccnc5,AIDD_Results trypanosoma scaffold 1,AIDD_Results trypanosoma scaffold 1,0,Xr-; MUT; 1A2,
,2561,15727,false,false,false,255 255 255 255,false,,,,,,,0,2.5,2.5,CN1CCCC1(C)n2c(ccc(n3)Cl)c3oc(c(=O)c4[N+]([O-])=O)c2n(c45)c(=O)cc5,AIDD_Results trypanosoma scaffold 1,AIDD_Results trypanosoma scaffold 1,0,Xr-; HEPX; MUT,
,2562,15865,false,false,false,255 255 255 255,false,,,,,,,0,2.5,2.5,C1CN(CO2)CC(=C12)c3c(N=COCS4(=O)=O)c4cc(c35)ccc(F)c5,AIDD_Results trypanosoma scaffold 1,AIDD_Results trypanosoma scaffold 1,0,Xr-; HEPX; MUT,
,2563,15956,false,false,false,255 255 255 255,false,,,,,,,0,2.5,2.5,C1C(=O)C=C(C)N=C(C2=O)N1N(C(C3C)CCCN3C)c(c24)cc5c(c4)cccn5,AIDD_Results trypanosoma scaffold 1,AIDD_Results trypanosoma scaffold 1,0,Xr-; Xm; HEPX,
,2564,16404,false,false,false,255 255 255 255,false,,,,,,,0,2.5,2.5,N1COCC1Cn2n(c(=O)c(Cl)cn3)c3c(=O)c4c2CCc(c45)nco5,AIDD_Results trypanosoma scaffold 1,AIDD_Results trypanosoma scaffold 1,0,Xr-; Xm; MUT,
,2565,16509,false,false,false,255 255 255 255,false,,,,,,,0,2.5,2.5,O1CN(C)C/C1=C\N2n(c(=O)ccn3)c3Cc4c2ccc(c45)nco5,AIDD_Results trypanosoma scaffold 1,AIDD_Results trypanosoma scaffold 1,0,Xr-; Xm; MUT,
,2566,17033,false,false,false,255 255 255 255,false,,,,,,,0,1.5,2.5,C1CN(CC2)C[C@@H](C12F)C(C#N)C(N3)=CSc(c34)n(ccc4=O)C(C)N5CNC=N5,AIDD_Results trypanosoma scaffold 1,AIDD_Results trypanosoma scaffold 1,0,Xr+; Xm; 3A4,
,2567,17219,false,false,false,255 255 255 255,false,,,,,,,0,2.5,2.5,CN1COCC1Cn2n(c(=O)c(C)cn3)c3c(=O)c4c2ncc(c45)OCN5,AIDD_Results trypanosoma scaffold 1,AIDD_Results trypanosoma scaffold 1,0,Xr-; Xm; MUT,
,2568,17221,false,false,false,255 255 255 255,false,,,,,,,0,1.5,2.5,n1ocnc1-c2ccc(CC)c(c23)S(=O)C(OC3)[C@H](C45)CN(CC4)CC5,AIDD_Results trypanosoma scaffold 1,AIDD_Results trypanosoma scaffold 1,0,Xr-; MUT; 2C19,
,2569,17250,false,false,false,255 255 255 255,false,,,,,,,0,2.5,2.5,CCN(CO1)C\C1=C\N(c(cc2)c3c(c24)ocn4)N5C(C3=O)=NCC(C)S5(=O)=O,AIDD_Results trypanosoma scaffold 1,AIDD_Results trypanosoma scaffold 1,0,Xr-; HEPX; MUT,
,2570,17390,false,false,false,255 255 255 255,false,,,,,,,0,2.5,2.5,N#CCC(C12)CC(CN2)C[C@@H]1CN3N(C(=O)C=C4)C4OC(=C35)N=CC5,AIDD_Results trypanosoma scaffold 1,AIDD_Results trypanosoma scaffold 1,0,Xr-; HEPX; MUT,
,2571,17482,false,false,false,255 255 255 255,false,,,,,,,0,1,2.5,N#CC1=CC(=O)N(C12)N(CCCN(C)C)c3c(S2=O)c(C)cc(C(F)(F)F)c3N,AIDD_Results trypanosoma scaffold 1,AIDD_Results trypanosoma scaffold 1,0,fu-; Vd-; MUT; CL-,
,2572,17520,false,false,false,255 255 255 255,false,,,,,,,0,2.5,2.5,CN1COCC1Cn2n(c(=O)c(C)cn3)c3c(=O)c(c4)c2nc(c45)OCN5,AIDD_Results trypanosoma scaffold 1,AIDD_Results trypanosoma scaffold 1,0,Xr-; Xm; MUT,
,2573,17585,false,false,false,255 255 255 255,false,,,,,,,0,2.5,2.5,CC(=O)C1C=CN(C2)C1OC3N(C4)CCC4[C@@H]23,AIDD_Results trypanosoma scaffold 1,AIDD_Results trypanosoma scaffold 1,0,Xm-; HEPX; MUT,
,2574,17967,false,false,false,255 255 255 255,false,,,,,,,0,1,2.5,FC(F)(F)c(c1)c(=O)n(C)c(c12)S(=O)c3c(cc(C)c(=O)[nH]3)N2C4CCN(C)CO4,AIDD_Results trypanosoma scaffold 1,AIDD_Results trypanosoma scaffold 1,0,fu-; Vd-; HEPX; CL-,
,2575,18277,false,false,false,255 255 255 255,false,,,,,,,0,2.5,2.5,O=C1COC=Nc(c12)n3c(c2)CCC=N3,AIDD_Results trypanosoma scaffold 1,AIDD_Results trypanosoma scaffold 1,0,Xm+; HEPX; MUT,
,2576,18354,false,false,false,255 255 255 255,false,,,,,,,0,2,2.5,C1CN(CC2)CC(N12)N3C(=CSC=C3C#N)c4c(=O)n(C)c(nc4)S(=O)(=O)C,AIDD_Results trypanosoma scaffold 1,AIDD_Results trypanosoma scaffold 1,0,Xr-; Xm-; HEPX; CL-,
,2577,18455,false,false,false,255 255 255 255,false,,,,,,,0,2.5,2.5,C1CCN(C12)CC=3C(N2)CN=CC3,AIDD_Results trypanosoma scaffold 1,AIDD_Results trypanosoma scaffold 1,0,Xm+; HEPX; MUT,
,2578,18702,false,false,false,255 255 255 255,false,,,,,,,0,1.5,2.5,Nc1cccc(c12)c(F)c3c(N=COCC3=O)c2[C@H](C45)CN(CO5)CC4,AIDD_Results trypanosoma scaffold 1,AIDD_Results trypanosoma scaffold 1,0,Xr-; MUT; 1A2,
,2579,18793,false,false,false,255 255 255 255,false,,,,,,,0,2.5,2.5,CCC(N1)OCC1CN2N(C(=S)CC(N3)C)C=3C(=O)c4c2ccc(c45)nco5,AIDD_Results trypanosoma scaffold 1,AIDD_Results trypanosoma scaffold 1,0,Xr-; Xm; HEPX,
,2580,18864,false,false,false,255 255 255 255,false,,,,,,,0,2.5,2.5,CNC(=O)C1CNC(=C12)Cc3n(c(=O)ccc3)N2C(CO)C(CC45)N(CO5)CC4,AIDD_Results trypanosoma scaffold 1,AIDD_Results trypanosoma scaffold 1,0,Xr-; HEPX; MUT,
,2581,19372,false,false,false,255 255 255 255,false,,,,,,,0,2,2.5,C1C=CN(C)N(C1=2)CC(=O)C=CC2,AIDD_Results trypanosoma scaffold 1,AIDD_Results trypanosoma scaffold 1,0,HEPX; MUT; CL-,
,2582,19847,false,false,false,255 255 255 255,false,,,,,,,0,1.5,2.5,O=c1occ(F)c(c12)n3c(c2C(CC45)N(CO5)CC4)CN=COC3=O,AIDD_Results trypanosoma scaffold 1,AIDD_Results trypanosoma scaffold 1,0,Xr-; MUT; 1A2,
,2583,19932,false,false,false,255 255 255 255,false,,,,,,,0,2.5,2.5,CC(=O)c(n1)c(F)c(=O)n(N2C)c1SC(C3=O)=C2N(C34)C(=O)C4,AIDD_Results trypanosoma scaffold 1,AIDD_Results trypanosoma scaffold 1,0,Xm+; HEPX; MUT,
,2584,19935,false,false,false,255 255 255 255,false,,,,,,,0,1.5,2.5,C1CN(CO2)C[C@@H](C12)c3c(N=C(C#N)OCC4=O)c4cc(c35)cccc5,AIDD_Results trypanosoma scaffold 1,AIDD_Results trypanosoma scaffold 1,0,Xr-; MUT; 1A2,
,2585,19936,false,false,false,255 255 255 255,false,,,,,,,0,1.5,2.5,C1CN(CC2)C(CC12F)C3=C(N=COC4=S)N4C(C3=5)CC(O)CC5,AIDD_Results trypanosoma scaffold 1,AIDD_Results trypanosoma scaffold 1,0,Xr-; HEPX; 2C19,
,2586,20125,false,false,false,255 255 255 255,false,,,,,,,0,2,2.5,C1C=C(C)N(C)N(C1=2)CC(=O)C=CC2,AIDD_Results trypanosoma scaffold 1,AIDD_Results trypanosoma scaffold 1,0,HEPX; MUT; CL-,
,2587,20298,false,false,false,255 255 255 255,false,,,,,,,0,2.5,2.5,C1CN(CC2)C[C@@H](C12)CC(=O)N(n(c34)cnc3)C=5C(S4)=CCOC5,AIDD_Results trypanosoma scaffold 1,AIDD_Results trypanosoma scaffold 1,0,Xr-; Xm; HEPX,
,2588,20332,false,false,false,255 255 255 255,false,,,,,,,0,1,2.5,Fc1cc(C)cc(c12)N(CC(C)CN(C)C)n3c(S2=O)cc(CF)cc3=O,AIDD_Results trypanosoma scaffold 1,AIDD_Results trypanosoma scaffold 1,0,fu-; Vd-; Xm; CL-,
,2589,20359,false,false,false,255 255 255 255,false,,,,,,,0,0.5,2.5,O=C(O)Cc1c(Cl)ccc(c12)Oc3c(N2C=O)cc(cc3)C(C4=O)Cc(c45)nco5,AIDD_Results trypanosoma scaffold 1,AIDD_Results trypanosoma scaffold 1,0,fu; Xr-; 2C9,
,2590,20742,false,false,false,255 255 255 255,false,,,,,,,0,2.5,2.5,C1CNC(=C12)C(CC#N)C3=C4C(CC(=O)N3N2)C(CC4)c5ncon5,AIDD_Results trypanosoma scaffold 1,AIDD_Results trypanosoma scaffold 1,0,Xr+; HEPX; MUT,
,2591,20882,false,false,false,255 255 255 255,false,,,,,,,0,2.5,2.5,FC12C=CN(CC2)C[C@@H]1C#CN3C(c4ncon4)=COc(c35)oc(=O)cc5,AIDD_Results trypanosoma scaffold 1,AIDD_Results trypanosoma scaffold 1,0,Xr-; HEPX; MUT,
,2592,21076,false,false,false,255 255 255 255,false,,,,,,,0,1.5,2.5,c1nccc(c12)n3c(c2C(CC45)N(CO5)CC4)N=COCC3=O,AIDD_Results trypanosoma scaffold 1,AIDD_Results trypanosoma scaffold 1,0,Xr-; MUT; 1A2,
,2593,21164,false,false,false,255 255 255 255,false,,,,,,,0,1.5,2.5,c1c(N)ccc(c12)c(F)c3c(N=COCC3)c2[C@H](C45)CN(CO5)CC4O,AIDD_Results trypanosoma scaffold 1,AIDD_Results trypanosoma scaffold 1,0,Xr-; MUT; 1A2,
,2594,21273,false,false,false,255 255 255 255,false,,,,,,,0,2.5,2.5,C1COC=Nc(c12)c(C(CC34)N(CC3)NC4)n5c2NCC=C5,AIDD_Results trypanosoma scaffold 1,AIDD_Results trypanosoma scaffold 1,0,Xr-; HEPX; MUT,
,2595,21296,false,false,false,255 255 255 255,false,,,,,,,0,2.5,2.5,[O-][N+](=O)c(c1)cc(S(=O)C)c(c12)n(nc2)C(C#N)[C@H](C3CC4)CN4C(C35)CCC5,AIDD_Results trypanosoma scaffold 1,AIDD_Results trypanosoma scaffold 1,0,Xr-; Xm; MUT,
,2596,21416,false,false,false,255 255 255 255,false,,,,,,,0,1,2.5,C1CCCN1CCCNC[C@H](C23)CN(CC2)CC3,AIDD_Results trypanosoma scaffold 1,AIDD_Results trypanosoma scaffold 1,0,Xr-; Xm+; 2D6; CL-,
,2597,21608,false,false,false,255 255 255 255,false,,,,,,,0,1,2.5,CN(C1)CCC1CN(N(C23)C(=O)C=C2C#N)c4c(S3=O)c(C)cc(C(F)(F)F)c4N,AIDD_Results trypanosoma scaffold 1,AIDD_Results trypanosoma scaffold 1,0,fu-; Vd-; MUT; CL-,
,2598,21754,false,false,false,255 255 255 255,false,,,,,,,0,2.5,2.5,C1CN(CC2)C[C@@H](C12)CC(=CS3)CC(N4)=C3CC(C=45)COC5=O,AIDD_Results trypanosoma scaffold 1,AIDD_Results trypanosoma scaffold 1,0,Xr-; Xm; HEPX,
,2599,21894,false,false,false,255 255 255 255,false,,,,,,,0,2.5,2.5,C1=CCNc(c12)n3c(N=COCC3)c2C(C4)N(CC5)N=CC45,AIDD_Results trypanosoma scaffold 1,AIDD_Results trypanosoma scaffold 1,0,Xr-; Xm; MUT,
,2600,22014,false,false,false,255 255 255 255,false,,,,,,,0,2.5,2.5,CCCN1N(C(=S)C(C)CN2)C=2C(=O)c3c1ccc(c34)ocn4,AIDD_Results trypanosoma scaffold 1,AIDD_Results trypanosoma scaffold 1,0,Xr-; Xm; HEPX,
,2601,22182,false,false,false,255 255 255 255,false,,,,,,,0,0,2.5,Oc1cn(C)c(NC2)c1S(=O)C(C23F)=CC(=O)CC3,AIDD_Results trypanosoma scaffold 1,AIDD_Results trypanosoma scaffold 1,0,fu-; Vd-; 2C19; CL-,
,2602,22265,false,false,false,255 255 255 255,false,,,,,,,0,1.5,2.5,C1CNC(C)C1CN(c(c23)cccc3)N4C(C2=O)=NC(=C(C)C(=O)C4)c5ncco5,AIDD_Results trypanosoma scaffold 1,AIDD_Results trypanosoma scaffold 1,0,Vd; Xr-; Xm,
,2603,22667,false,false,false,255 255 255 255,false,,,,,,,0,1.5,2.5,O=c1occ(F)c(c12)n3c(CN=COC3=O)c2C(C45)CN(CO5)CC4,AIDD_Results trypanosoma scaffold 1,AIDD_Results trypanosoma scaffold 1,0,Xr-; MUT; 1A2,
,2604,22957,false,false,false,255 255 255 255,false,,,,,,,0,1.5,2.5,n1ocnc1-c2ccc(C#C)c(c23)S(=O)C(OC3)[C@H](C45)CN(CC4)CC5,AIDD_Results trypanosoma scaffold 1,AIDD_Results trypanosoma scaffold 1,0,Xr-; MUT; 2C19,
,2605,23032,false,false,false,255 255 255 255,false,,,,,,,0,1.5,2.5,C1CNCC=C1CC(=O)COC2CSC=NN2C(=O)C[C@H](C34)CN(CC3)CC4,AIDD_Results trypanosoma scaffold 1,AIDD_Results trypanosoma scaffold 1,0,Xm+; HEPX; 3A4,
,2606,23206,false,false,false,255 255 255 255,false,,,,,,,0,2.5,2.5,C1CN(CC2)C(CC12)C3=C(N=COC4)N4C(C3=5)CC(=O)OC5[N+]([O-])=O,AIDD_Results trypanosoma scaffold 1,AIDD_Results trypanosoma scaffold 1,0,Xr-; HEPX; MUT,
,2607,23221,false,false,false,255 255 255 255,false,,,,,,,0,1.5,2.5,c1c(N)ccc(c12)c(F)c3c(N=COCO3)c2[C@H](C45)CN(CO5)CC4O,AIDD_Results trypanosoma scaffold 1,AIDD_Results trypanosoma scaffold 1,0,Xr-; MUT; 1A2,
,2608,23525,false,false,false,255 255 255 255,false,,,,,,,0,1.5,2.5,C1CN(CC2)C(CC12F)C(C#N)C(N3)=CSc(c34)n(ccc4=O)C(C)N5CNC=N5,AIDD_Results trypanosoma scaffold 1,AIDD_Results trypanosoma scaffold 1,0,Xr+; Xm; 3A4,
,2609,23687,false,false,false,255 255 255 255,false,,,,,,,0,1,2.5,Fc1cccc(c12)N(CCCNC)n3c(S2=O)cc(CO)cc3=O,AIDD_Results trypanosoma scaffold 1,AIDD_Results trypanosoma scaffold 1,0,fu-; Vd-; Xm; CL-,
,2610,23866,false,false,false,255 255 255 255,false,,,,,,,0,2,2.5,C1CN(CC2)C[C@@H](C12)CN3C(COC4)N4CC(C35)OCC5,AIDD_Results trypanosoma scaffold 1,AIDD_Results trypanosoma scaffold 1,0,Xr-; Xm-; MUT; CL-,
,2611,23956,false,false,false,255 255 255 255,false,,,,,,,0,1.5,2.5,C1CN(CO2)CC(C12)c3c(c(=O)occ4F)n4c(c35)C(=O)OC=NC5,AIDD_Results trypanosoma scaffold 1,AIDD_Results trypanosoma scaffold 1,0,Xr-; MUT; 1A2,
,2612,24159,false,false,false,255 255 255 255,false,,,,,,,0,2,2.5,C1OCC(=O)C=c(c=12)n3n(c2=O)c4c(nco4)oc3=O,AIDD_Results trypanosoma scaffold 1,AIDD_Results trypanosoma scaffold 1,0,HEPX; MUT; CL-,
,2613,24225,false,false,false,255 255 255 255,false,,,,,,,0,2.5,2.5,c1c[nH]c(c12)S(=O)C(NC2)CC(C3)N(CC4)CC(C34)n5cncn5,AIDD_Results trypanosoma scaffold 1,AIDD_Results trypanosoma scaffold 1,0,Xr-; Xm; MUT,
,2614,24330,false,false,false,255 255 255 255,false,,,,,,,0,1,2.5,CN(C)CC(F)C(=O)N1C(C(C(F)(F)F)=CCC2)=C2S(=O)c(c13)ncn(c3=O)CN,AIDD_Results trypanosoma scaffold 1,AIDD_Results trypanosoma scaffold 1,0,fu-; Vd-; Xr; CL-,
,2615,24409,false,false,false,255 255 255 255,false,,,,,,,0,2.5,2.5,C1=CCNc(c12)n3c(N=COCC3)c2C(C4)N(C(=O)C5)N=CC45,AIDD_Results trypanosoma scaffold 1,AIDD_Results trypanosoma scaffold 1,0,Xr-; Xm; HEPX,
,2616,24437,false,false,false,255 255 255 255,false,,,,,,,0,1,2.5,C1CN(CC2)CC(N12)C(=O)N(n(c34)ccc3)c5c(C4)cc(=O)[nH]c5,AIDD_Results trypanosoma scaffold 1,AIDD_Results trypanosoma scaffold 1,0,Xr-; Xm-; 3A4; CL-,
,2617,24570,false,false,false,255 255 255 255,false,,,,,,,0,1.5,2.5,N1CCNC(C1=O)CN2NC(=CC(CC3)c4ncon4)C=3S(=O)c(c25)ccc(C)c5,AIDD_Results trypanosoma scaffold 1,AIDD_Results trypanosoma scaffold 1,0,Xr+; MUT; 2C19,
,2618,24603,false,false,false,255 255 255 255,false,,,,,,,0,2.5,2.5,C1C(=O)CCC(C=12)N3C(N=COC3=O)C2C(CC45)N(CC4)CC5,AIDD_Results trypanosoma scaffold 1,AIDD_Results trypanosoma scaffold 1,0,rat; Xr-; HEPX,
,2619,24613,false,false,false,255 255 255 255,false,,,,,,,0,2.5,2.5,c1c[nH]c(c12)S(=O)CN(C2)CC(C3)N(NC4)CC(C34)n5cncn5,AIDD_Results trypanosoma scaffold 1,AIDD_Results trypanosoma scaffold 1,0,Xr-; Xm; MUT,
,2620,24975,false,false,false,255 255 255 255,false,,,,,,,0,2.5,2.5,O1CN(C)CC1C(=O)CN(c(c23)cc(C#N)cc3)N4C(C2=O)=NC(C)=CC(=O)C4,AIDD_Results trypanosoma scaffold 1,AIDD_Results trypanosoma scaffold 1,0,Xm-; HEPX; MUT,
,2621,24989,false,false,false,255 255 255 255,false,,,,,,,0,0,2.5,c1c(=O)ccn(CN2C)c1S(=O)c(c23)cc(F)c(c3F)-c4c[nH]cn4,AIDD_Results trypanosoma scaffold 1,AIDD_Results trypanosoma scaffold 1,0,fu-; Vd-; 2C9; CL-,
,2622,25194,false,false,false,255 255 255 255,false,,,,,,,1,1.5,2.5,N#CCC(=O)n(c1=O)cnc(S2)c1NC(C23)N(C(=O)CF)C(C3)c4ncon4,AIDD_Results trypanosoma scaffold 1,AIDD_Results trypanosoma scaffold 1,0,ch; Xr-; Xm,
,2623,25222,false,false,false,255 255 255 255,false,,,,,,,0,2.5,2.5,C1C(=O)CN=C(C2=O)N1N(C(=O)C3CN(C)CO3)C(=C24)Cc5c4nc(o5)C(F)(F)F,AIDD_Results trypanosoma scaffold 1,AIDD_Results trypanosoma scaffold 1,0,Xr+; Xm-; HEPX+; MUT,
,2624,25254,false,false,false,255 255 255 255,false,,,,,,,0,2,2.5,C1NCC(SC)C(C12F)S(=O)C(OC2)[C@H](C34)CN(CC3)CC4,AIDD_Results trypanosoma scaffold 1,AIDD_Results trypanosoma scaffold 1,0,Xm; MUT; CL-,
,2625,25255,false,false,false,255 255 255 255,false,,,,,,,0,1,2.5,Fc1cc(C)cc(c12)N(CC(C)N(C)C)n3c(S2=O)cc(CF)cc3=O,AIDD_Results trypanosoma scaffold 1,AIDD_Results trypanosoma scaffold 1,0,fu-; Vd-; Xm; CL-,
,2626,25436,false,false,false,255 255 255 255,false,,,,,,,0,2.5,2.5,FC1CC=Nc(c12)cn3c2C(=O)CCC=N3,AIDD_Results trypanosoma scaffold 1,AIDD_Results trypanosoma scaffold 1,0,Xm+; HEPX; MUT,
,2627,25471,false,false,false,255 255 255 255,false,,,,,,,0,2,2.5,n1ocnc1C(CC2)=C(C=N)N(C3=O)C2C(C3=4)=CS(=O)(=O)CC4,AIDD_Results trypanosoma scaffold 1,AIDD_Results trypanosoma scaffold 1,0,Xr; HEPX; CL-,
,2628,17105,false,false,false,255 255 255 255,false,,,,,,,0,2.50127,2.50127,CCC(O1)NCC1CN2n(c(=O)c(C)cn3)c3Cc4c2ccc(c45)ocn5,AIDD_Results trypanosoma scaffold 1,AIDD_Results trypanosoma scaffold 1,0,hERG; Xr-; Xm; MUT,
,2629,23568,false,false,false,255 255 255 255,false,,,,,,,0,2.5,2.50082,C1CN(CC2)C[C@@](F)(C12)Cn(nc3[N+]([O-])=O)c(c34)c(S(=O)C)c5c(c4)nco5,AIDD_Results trypanosoma scaffold 1,AIDD_Results trypanosoma scaffold 1,0,Xr-; Xm; MUT; 2C19,
,2630,9781,false,false,false,255 255 255 255,false,,,,,,,1.16353,1,2.50773,C1CN(CC2)C[C@@H](C12F)C(C#N)N3C=CSc(c34)n(ccc4=O)C(C)N(CN5)N=C5S(=O)(=O)C,AIDD_Results trypanosoma scaffold 1,AIDD_Results trypanosoma scaffold 1,0,Size; HBA; Xr+; Xm+; 3A4,
,2631,1171,false,false,false,255 255 255 255,false,,,,,,,1.2,1.30911,2.50911,c1nc[nH]c(=O)c1C[N+]2(C)CCC(OC2)N(c(c34)cccc3)c5c(SC4)ccc(Cl)c5,AIDD_Results trypanosoma scaffold 1,AIDD_Results trypanosoma scaffold 1,0,Size; Peff; Xr-; Xm,
,2632,6229,false,false,false,255 255 255 255,false,,,,,,,0,1,2.51088,s1cncc1C2=CSC(c(ccc3)cc3C(=O)O)=CN2C[C@H](C45F)CN(CC4)CC5,AIDD_Results trypanosoma scaffold 1,AIDD_Results trypanosoma scaffold 1,0,Xr-; Xm+; 2C19; 3A4,
,2633,6432,false,false,false,255 255 255 255,false,,,,,,,0,1.51059,2.51059,C1CN(CC2)C[C@@H](C12)Cc(c(c34)occ4)n5c3C(=O)CCC5,AIDD_Results trypanosoma scaffold 1,AIDD_Results trypanosoma scaffold 1,0,hERG; Xr-; MUT; 2D6,
,2634,9001,false,false,false,255 255 255 255,false,,,,,,,1.01546,1.5,2.51546,C1CNCCN1C#CCC(O2)=CNN(C2=3)C(=O)C(C(C3)O)C(C)c4c[nH]cn4,AIDD_Results trypanosoma scaffold 1,AIDD_Results trypanosoma scaffold 1,0,HBD; Peff; Xr; Xm+,
,2635,8469,false,false,false,255 255 255 255,false,,,,,,,1.82064,0.702835,2.52348,CC1=CC(Cl)=CC(C12)C[N+](C)(CC2=O)C(C(=O)N)CCN3C=CS(=O)(=O)c(c34)ccc(C)c4,AIDD_Results trypanosoma scaffold 1,AIDD_Results trypanosoma scaffold 1,0,Size; Peff; Xr; Xm-,
,2636,21864,false,false,false,255 255 255 255,false,,,,,,,0,2,2.52308,c1ccc(F)c(c12)N3C(C2)CN=COC3=O,AIDD_Results trypanosoma scaffold 1,AIDD_Results trypanosoma scaffold 1,0,HEPX; MUT; 1A2,
,2637,11488,false,false,false,255 255 255 255,false,,,,,,,0,2.5,2.5239,O1CN(C)CC1(C)C(=O)N2n(c(=O)cc(n3)C)c3Cc4c2ccc(c45)nco5,AIDD_Results trypanosoma scaffold 1,AIDD_Results trypanosoma scaffold 1,0,Xr-; Xm; MUT; 1A2,
,2638,10731,false,false,false,255 255 255 255,false,,,,,,,0,1.52629,2.52629,C1CN(CC2)C[C@@H](C12)CC3C=CSC=C3,AIDD_Results trypanosoma scaffold 1,AIDD_Results trypanosoma scaffold 1,0,Vd; hERG; Xr-; Xm,
,2639,17666,false,false,false,255 255 255 255,false,,,,,,,0,1.53192,2.53192,c1cccc(c12)c(F)c3c(c2C(CC45)N(CC4)CN5)N=CCCC3=O,AIDD_Results trypanosoma scaffold 1,AIDD_Results trypanosoma scaffold 1,0,Vd; rat; Xr-; MUT,
,2640,22372,false,false,false,255 255 255 255,false,,,,,,,0.0424917,2.5,2.54249,C1NCNCC1n(c(n2)=O)c(=O)n(N3C)c2Sc4c3cc(Cl)c(c45)cccc5,AIDD_Results trypanosoma scaffold 1,AIDD_Results trypanosoma scaffold 1,0,Sw; Xr-; Xm; MUT,
,2641,19903,false,false,false,255 255 255 255,false,,,,,,,0.0428937,1.5,2.54289,CCC1CN(C)C(C(=O)N)C1CN2C(C=CCC3)=C3S(=O)C(C2=4)=CCC(C4)N,AIDD_Results trypanosoma scaffold 1,AIDD_Results trypanosoma scaffold 1,0,HBD; Xm+; HEPX; 2C19,
,2642,24417,false,false,false,255 255 255 255,false,,,,,,,0.4,1.5,2.54333,C1CCN(C)C(C)C1CN(c(c23)cc4c(c3)cccn4)N5C(C2=O)=NC(C#C)=CC(=O)C5,AIDD_Results trypanosoma scaffold 1,AIDD_Results trypanosoma scaffold 1,0,Size; Vd; Xr-; Xm,
,2643,14242,false,false,false,255 255 255 255,false,,,,,,,0,1.54376,2.54376,C12C=CN(CC2)C[C@@H]1CC3C=CSC=C3,AIDD_Results trypanosoma scaffold 1,AIDD_Results trypanosoma scaffold 1,0,Vd; hERG+; Xm; HEPX+,
,2644,19223,false,false,false,255 255 255 255,false,,,,,,,0,1.51162,2.54361,C1CN(CC2)CC(C12)CC3N=C(c4ncco4)OC(=C35)OCC=C5,AIDD_Results trypanosoma scaffold 1,AIDD_Results trypanosoma scaffold 1,0,Xr-; Xm; HEPX; 2C19; 2D6,
,2645,12903,false,false,false,255 255 255 255,false,,,,,,,0,2.54678,2.54678,C1CN(CC2)CC(\C12)=C(\C=NC3)N(C3=4)C=CSC4,AIDD_Results trypanosoma scaffold 1,AIDD_Results trypanosoma scaffold 1,0,hERG; Xm+; HEPX; MUT,
,2646,19457,false,false,false,255 255 255 255,false,,,,,,,0.6555,1,2.54949,N#CC1=CCC(=O)N(C(=O)C)C(O2)=C1Sc(c2c34)n(c3[nH]cn4)C(=O)C5CCCN5,AIDD_Results trypanosoma scaffold 1,AIDD_Results trypanosoma scaffold 1,0,ch; Xr+; Xm+; 3A4,
,2647,17980,false,false,false,255 255 255 255,false,,,,,,,1.55141,1,2.55141,N#Cc(c1)c(OC)cc(c12)oc(=O)cc2C[N+]3(C)CC(\CC3)=C\N4C=CCc(c45)n(c(Cl)c5)S(=O)(=O)C,AIDD_Results trypanosoma scaffold 1,AIDD_Results trypanosoma scaffold 1,0,Size; Peff; Xr-; Xm-,
,2648,21317,false,false,false,255 255 255 255,false,,,,,,,0,2,2.55505,C1CN(CC2)CC(N12)N3C(=CSC=C3C#N)c4cc(F)c(cc4)S(=O)(=O)C,AIDD_Results trypanosoma scaffold 1,AIDD_Results trypanosoma scaffold 1,0,Xr-; Xm-; HEPX; 3A4; CL-,
,2649,10683,false,false,false,255 255 255 255,false,,,,,,,0.69,1.86791,2.55791,NCC(=O)N(C1=O)C(C#N)CC(=C12)SC3=C(N2C(=O)C)OC(C(=O)C)C=C3,AIDD_Results trypanosoma scaffold 1,AIDD_Results trypanosoma scaffold 1,0,ch; Xr; Xm,
,2650,22971,false,false,false,255 255 255 255,false,,,,,,,0.0584528,1.5,2.55845,[nH]1cncc1CCC(F)C(CC2C#N)CC(C23C)NCC3CCN,AIDD_Results trypanosoma scaffold 1,AIDD_Results trypanosoma scaffold 1,0,HBD; Xr; Xm+; 2D6,
,2651,11079,false,false,false,255 255 255 255,false,,,,,,,0,2.56025,2.56025,O=c1scnc(c12)c(C)n3c2CN=C(N3)c4ccoc4,AIDD_Results trypanosoma scaffold 1,AIDD_Results trypanosoma scaffold 1,0,Xr; Xm; MUT,
,2652,5335,false,false,false,255 255 255 255,false,,,,,,,1.56364,0.5,2.564,O=C(O)c1c(F)ccc(S2)c1\C(=C\CCCN)n(c23)cc(c3)-c4nn[nH]n4,AIDD_Results trypanosoma scaffold 1,AIDD_Results trypanosoma scaffold 1,0,HBD; ch; Peff; fu; Xm+,
,2653,19496,false,false,false,255 255 255 255,false,,,,,,,0,2.5,2.56465,n1ocnc1C(C2=O)CCc(c23)c(F)n4c3CN=C5N4CCCC5,AIDD_Results trypanosoma scaffold 1,AIDD_Results trypanosoma scaffold 1,0,Xr+; Xm; HEPX; 3A4,
,2654,23494,false,false,false,255 255 255 255,false,,,,,,,0,2.5,2.56554,O=C(O)c1cc(c([N+]([O-])=O)cc1)C2=CN(C=CS2)CC(CC3CC4)N4n(c35)ccc5,AIDD_Results trypanosoma scaffold 1,AIDD_Results trypanosoma scaffold 1,0,fu; Xr-; Xm; MUT,
,2655,6953,false,false,false,255 255 255 255,false,,,,,,,0,2,2.56814,C1CN(CC2)C[C@@H](C12)CC(=O)N(N=CS3)C(C3=4)CCC(=O)C4,AIDD_Results trypanosoma scaffold 1,AIDD_Results trypanosoma scaffold 1,0,Xm; HEPX; 1A2,
,2656,6448,false,false,false,255 255 255 255,false,,,,,,,0,2.5,2.571,C1CN(CC2)C[C@@H](C12)C(=O)N(n(c34)cnc3)C5C(S4)=CC(=O)OC5,AIDD_Results trypanosoma scaffold 1,AIDD_Results trypanosoma scaffold 1,0,Xr-; Xm; HEPX; 1A2,
,2657,9365,false,false,false,255 255 255 255,false,,,,,,,0.634331,0.936466,2.5708,C1CN(CC2)C(C)[C@@H](C12)CC3c(cccc4=O)n4c(c35)cccc5,AIDD_Results trypanosoma scaffold 1,AIDD_Results trypanosoma scaffold 1,0,Kow; hERG; rat; Xr-; 2D6,
,2658,8875,false,false,false,255 255 255 255,false,,,,,,,0,2.07431,2.57442,C1CN(CC2)C[C@@H](C12)C#CN3C(c4ncon4)=COc(c35)oc(=O)cc5,AIDD_Results trypanosoma scaffold 1,AIDD_Results trypanosoma scaffold 1,0,hERG; Xr-; MUT; 2D6,
,2659,11772,false,false,false,255 255 255 255,false,,,,,,,1.07575,0.5,2.57575,o1cccc1-c(c(c2C(=O)O)NC(=O)N)cc(c2)C3=CN(C=CS3)C[C@H](C45F)CN(CC4)CC5,AIDD_Results trypanosoma scaffold 1,AIDD_Results trypanosoma scaffold 1,0,Size; HBD; Xr-; 3A4,
,2660,21936,false,false,false,255 255 255 255,false,,,,,,,0.8,1.77576,2.57576,N#CC1=CC(C(=O)C)CC(N2C=O)=C1Sc(c23)ncn(c3=O)C(=O)C(C4)=CCN(C45C)CCC5,AIDD_Results trypanosoma scaffold 1,AIDD_Results trypanosoma scaffold 1,0,Size; Xr-; Xm; HEPX,
,2661,21336,false,false,false,255 255 255 255,false,,,,,,,1.07984,1.5,2.57984,C1CNCC=C1C(C(=O)N)C(C2)CC(C=23)N(C=CS3(=O)=O)CC4CCC(C)N4,AIDD_Results trypanosoma scaffold 1,AIDD_Results trypanosoma scaffold 1,0,HBD; Peff; Xm+; HEPX,
,2662,19566,false,false,false,255 255 255 255,false,,,,,,,0,2,2.58473,c1csc(c12)c3c(cc2)N(C(=O)C4=CN(C)CO4)N5C(C3)=NCCC(=O)C5,AIDD_Results trypanosoma scaffold 1,AIDD_Results trypanosoma scaffold 1,0,Xr-; Xm+; MUT; 1A2,
,2663,24531,false,false,false,255 255 255 255,false,,,,,,,0.8,1.64823,2.58492,N#CC1=CC(CC)CC(N2C=O)=C1Sc(c23)ncn(c3=O)C(=O)CC(C4)=CCN(C45C)CCC5,AIDD_Results trypanosoma scaffold 1,AIDD_Results trypanosoma scaffold 1,0,Size; Xr-; Xm; HEPX; 3A4,
,2664,1393,false,false,false,255 255 255 255,false,,,,,,,1.88115,0.706505,2.58765,o1ccnc1C(C[N+](C)(C)C)CN2c(cccc3)c3Sc(c24)ccc(Cl)c4NS(=O)(=O)C,AIDD_Results trypanosoma scaffold 1,AIDD_Results trypanosoma scaffold 1,0,Size; Peff; Xm,
,2665,18811,false,false,false,255 255 255 255,false,,,,,,,0,2,2.58883,C1OC(O)C=C(C=12)N3N(C2)c4c(nco4)OC3=O,AIDD_Results trypanosoma scaffold 1,AIDD_Results trypanosoma scaffold 1,0,HEPX; MUT; 1A2; CL-,
,2666,24223,false,false,false,255 255 255 255,false,,,,,,,0,2.5,2.58884,C1C(=O)C=C(C)N=C(C2=O)N1N(C(CC3C)CCN3C)c(c24)cc5c(c4)cccn5,AIDD_Results trypanosoma scaffold 1,AIDD_Results trypanosoma scaffold 1,0,Vd; Xr-; Xm; HEPX,
,2667,14754,false,false,false,255 255 255 255,false,,,,,,,1.09182,1.5,2.59182,C1CNCC=C1C(C(=O)N)C(C2)CC(C=23)N(C=CS3(=O)=O)CC4CNC(S4)C,AIDD_Results trypanosoma scaffold 1,AIDD_Results trypanosoma scaffold 1,0,HBD; Peff; Xm+; HEPX,
,2668,17454,false,false,false,255 255 255 255,false,,,,,,,0,2.09424,2.59424,C1CN(CC2)C=C(C12)CC(=O)N(C=CS3)N(S(=O)(=O)C)C3C4=CC(=O)C=CC4,AIDD_Results trypanosoma scaffold 1,AIDD_Results trypanosoma scaffold 1,0,Xr; Xm; HEPX+; MUT; CL-,
,2669,22887,false,false,false,255 255 255 255,false,,,,,,,1.0939,0.5,2.5939,C1CCc(c2Br)c1c(C(=O)O)c(N3)c2Sc(cc4C(=O)O)c3c(c45)occ5,AIDD_Results trypanosoma scaffold 1,AIDD_Results trypanosoma scaffold 1,0,Kow; Sw; fu; Xr-,
,2670,13836,false,false,false,255 255 255 255,false,,,,,,,0,2.5962,2.5962,C1CNCC=C1CC(=O)c(c2)cnc(S3)c2NC(=C34)CC(C(=O)C)C=C4C=N,AIDD_Results trypanosoma scaffold 1,AIDD_Results trypanosoma scaffold 1,0,Xr; Xm; HEPX,
,2671,15855,false,false,false,255 255 255 255,false,,,,,,,0.6,2,2.6,FCC(=O)C(=C1C)CC(C=N)C(=C12)CC=3C(N2C(=O)C)=CC4C(C3)N5N(CC4=O)CCNC5,AIDD_Results trypanosoma scaffold 1,AIDD_Results trypanosoma scaffold 1,0,Size; Xr+; Xm-; HEPX,
,2672,16250,false,false,false,255 255 255 255,false,,,,,,,1.6,1,2.6,NCC(=O)N(C1=O)CC(C#N)C(SC2)=C1N(C(=O)C)c(c23)n(cc3)CC(=O)Cn4cncn4,AIDD_Results trypanosoma scaffold 1,AIDD_Results trypanosoma scaffold 1,0,Size; ch; Xr+; Xm+,
,2673,22305,false,false,false,255 255 255 255,false,,,,,,,0.6,2,2.6,c1cccc2cc(C(=O)C)c(c3c12)N(C=O)C4=C(O3)NN(C(=O)C4)C(=O)CC5=CCN=CC5,AIDD_Results trypanosoma scaffold 1,AIDD_Results trypanosoma scaffold 1,0,Size; Xr+; Xm-; MUT,
,2674,19388,false,false,false,255 255 255 255,false,,,,,,,0.604977,2,2.60498,N#CC(=N1)S(=O)(=O)CSc(c12)n(cc2)CC(C34)=C(C)N(CC3)CC4,AIDD_Results trypanosoma scaffold 1,AIDD_Results trypanosoma scaffold 1,0,Peff; Xm; MUT,
,2675,2879,false,false,false,255 255 255 255,false,,,,,,,0,2.6063,2.6063,o1ccnc1C[N+](C)(C)C#CCN2c(cccc3)c3Sc(c24)cccc4,AIDD_Results trypanosoma scaffold 1,AIDD_Results trypanosoma scaffold 1,0,hERG+; Xr; Xm; MUT,
,2676,19652,false,false,false,255 255 255 255,false,,,,,,,1.4,1.20721,2.60721,N#Cc(c1=O)ccc(S2=O)n1N(c(c23)cccc3C)CC4CN(C)C(O4)c5ccccc5,AIDD_Results trypanosoma scaffold 1,AIDD_Results trypanosoma scaffold 1,0,Size; Sw; Xr-; Xm,
,2677,17716,false,false,false,255 255 255 255,false,,,,,,,0,2.51818,2.60838,CC1CC(CN1)N2C(C(=O)C=CN=C3)N3C(=O)c4c2ccc(c45)occ5,AIDD_Results trypanosoma scaffold 1,AIDD_Results trypanosoma scaffold 1,0,Vd; rat; Xr-; Xm+; MUT,
,2678,16029,false,false,false,255 255 255 255,false,,,,,,,0.713931,1.76418,2.60884,N1CCCC1c(cn2)c(=O)n(N3C)c2Sc4c3cc(Cl)c(c45)coc5,AIDD_Results trypanosoma scaffold 1,AIDD_Results trypanosoma scaffold 1,0,Sw; Vd; hERG; Xr-; Xm; 2D6,
,2679,13456,false,false,false,255 255 255 255,false,,,,,,,0.969252,1,2.6166,c1c(N)[nH]c(c12)N3C(CN)[C@@H](C2C(C#N)C3)CN(C=CS4)n(c45)c(=O)ccc5,AIDD_Results trypanosoma scaffold 1,AIDD_Results trypanosoma scaffold 1,0,HBD; ch; Xr-; Xm+; 2D6,
,2680,4185,false,false,false,255 255 255 255,false,,,,,,,1.33311,1.28918,2.62229,Oc1cc(Br)cc(c12)Sc3c(cccc3)N2CC(CC4)C[N+]4(C)Cn5cnccc5=O,AIDD_Results trypanosoma scaffold 1,AIDD_Results trypanosoma scaffold 1,0,Size; Peff; hERG; Xr-,
,2681,14986,false,false,false,255 255 255 255,false,,,,,,,0,1.76642,2.62328,c1cc(Cl)cc(c12)n3c(c2C(CC45)N(CC4)CN5)N=CC=CC3,AIDD_Results trypanosoma scaffold 1,AIDD_Results trypanosoma scaffold 1,0,Vd; Xr-; Xm; MUT; 2C19,
,2682,23320,false,false,false,255 255 255 255,false,,,,,,,0,1.62292,2.62292,C1CN(CC2)C[C@@H](C12)C(F)c3c(N=CC(=O)OC4)n4c(c35)cccc5Cl,AIDD_Results trypanosoma scaffold 1,AIDD_Results trypanosoma scaffold 1,0,hERG; Xr-; MUT; 2D6,
,2683,7841,false,false,false,255 255 255 255,false,,,,,,,0,1.62445,2.62445,C1CN(CC2)C(CC12)CCN(C=CS3)n(c34)c(=O)ccc4-c5ncco5,AIDD_Results trypanosoma scaffold 1,AIDD_Results trypanosoma scaffold 1,0,hERG; Xr-; Xm+; 2D6,
,2684,18837,false,false,false,255 255 255 255,false,,,,,,,1.2,1,2.62372,NCC(=O)n(c1)c(=O)c(Cl)c(S2)c1N(C(=O)C)c3c2c(c4c(c35)ocn5)CN=CC4=O,AIDD_Results trypanosoma scaffold 1,AIDD_Results trypanosoma scaffold 1,0,Size; ch; Xr+; Xm+; 1A2,
,2685,13908,false,false,false,255 255 255 255,false,,,,,,,0.126568,1.5,2.62657,O1CCNC1c(c(=O)oc2)c(c23)N4N(C3)c5c(nco5)OC4=O,AIDD_Results trypanosoma scaffold 1,AIDD_Results trypanosoma scaffold 1,0,HBA; Xr-; MUT; 1A2,
,2686,17743,false,false,false,255 255 255 255,false,,,,,,,0,2.5,2.6267,CCC(O1)NCC1CN(c(cc2)c3c(c24)noc4)n5c(C3)ncc(C)c5=O,AIDD_Results trypanosoma scaffold 1,AIDD_Results trypanosoma scaffold 1,0,Xr-; Xm; MUT; 2D6,
,2687,23110,false,false,false,255 255 255 255,false,,,,,,,0.5,1.5,2.63099,C1CN(CC2)C[C@@H](C12)C#CC\C=C\C(NC(=O)C)CCNC,AIDD_Results trypanosoma scaffold 1,AIDD_Results trypanosoma scaffold 1,0,RotB; Xm+; MUT; 2D6,
,2688,18821,false,false,false,255 255 255 255,false,,,,,,,1.63408,1,2.63408,O=Cn(c1=O)cnc(S2)c1Nc(c3)c2c([N+]([O-])=O)c(c34)N(CC4=O)S(=O)(=O)C,AIDD_Results trypanosoma scaffold 1,AIDD_Results trypanosoma scaffold 1,0,HBA; ch; MUT,
,2689,10431,false,false,false,255 255 255 255,false,,,,,,,0,2.64141,2.64141,O=c1[nH]cnc(c12)c(C)n3c2CN=C(N3)c4ccoc4,AIDD_Results trypanosoma scaffold 1,AIDD_Results trypanosoma scaffold 1,0,Xr; Xm; MUT,
,2690,24039,false,false,false,255 255 255 255,false,,,,,,,0.2,2.44155,2.64155,CN1CCC1CN2N(C(=O)C(CF)C)CC(O)C(C23)C(=O)C=CC=3C(C4=O)C(N)CC4,AIDD_Results trypanosoma scaffold 1,AIDD_Results trypanosoma scaffold 1,0,Size; rat; Xr+; Xm-; HEPX,
,2691,4713,false,false,false,255 255 255 255,false,,,,,,,1.132,1,2.64721,C1CCC(C1=O)C2CCc(c23)c(C(=O)C)c(O)c4c3Sc5c(N4C(=O)C)ncn(c5=O)C(=O)C,AIDD_Results trypanosoma scaffold 1,AIDD_Results trypanosoma scaffold 1,0,Size; ch; fu; Xr-; Xm-; CL-,
,2692,6280,false,false,false,255 255 255 255,false,,,,,,,0,2.35584,2.65149,C1CN(CC2)C[C@@H](C12)CC(=CS3)NC(=C34)N=CCC4,AIDD_Results trypanosoma scaffold 1,AIDD_Results trypanosoma scaffold 1,0,hERG; Xm; HEPX; 2D6,
,2693,15986,false,false,false,255 255 255 255,false,,,,,,,0,1.65603,2.65603,NCc1cccc2n(c(c3c12)CC=CO3)C[C@H](C45)CN(CC4)CC5,AIDD_Results trypanosoma scaffold 1,AIDD_Results trypanosoma scaffold 1,0,rat; Xr-; Xm+; 2D6,
,2694,21920,false,false,false,255 255 255 255,false,,,,,,,1.65659,1,2.65659,N#CC1CC(C(=O)C)C(c2c[nH]cn2)C(N3C(=O)C)C1Oc(c34)ncn(c4=O)C(=O)CN,AIDD_Results trypanosoma scaffold 1,AIDD_Results trypanosoma scaffold 1,0,Size; HBA; ch; Xr+; Xm-,
,2695,25169,false,false,false,255 255 255 255,false,,,,,,,1.15719,0.5,2.65719,C1CCCCC12c3c(ccc(Cl)c3C(=O)O)Sc4c(C2)ccc(c4)C(=O)O,AIDD_Results trypanosoma scaffold 1,AIDD_Results trypanosoma scaffold 1,0,Kow; Sw; fu; Xm-,
,2696,18509,false,false,false,255 255 255 255,false,,,,,,,0.159172,1.5,2.65917,n1csc(c12)c3c(cc2C)NN4C(C3=O)=NC(CC4=S)c5ccccc5,AIDD_Results trypanosoma scaffold 1,AIDD_Results trypanosoma scaffold 1,0,Sw; fu; Xr-; Xm,
,2697,19314,false,false,false,255 255 255 255,false,,,,,,,0.4,0.5,2.66406,CCN1CCNC(C1=O)CN(C2)c(ccc(F)c3)c3S(=O)c(c24)ccc(c4)-c5ncon5,AIDD_Results trypanosoma scaffold 1,AIDD_Results trypanosoma scaffold 1,0,Size; Xr-; 2C9; 2C19,
,2698,2830,false,false,false,255 255 255 255,false,,,,,,,1,1.66525,2.66525,CC1=CC(Cl)=CCC1C(=O)C[N+](C)(C)C(C(=O)N)CCN2C=CSc(c23)ccc(Br)c3,AIDD_Results trypanosoma scaffold 1,AIDD_Results trypanosoma scaffold 1,0,Size; hERG; Xm; HEPX,
,2699,22309,false,false,false,255 255 255 255,false,,,,,,,1.166,0.5,2.666,N#Cc1cn(C(=O)C)c(c12)N(C(=O)C)c3c(O2)nc(n(c3=O)C(=O)C)C4=CCNCC4,AIDD_Results trypanosoma scaffold 1,AIDD_Results trypanosoma scaffold 1,0,Size; ch; Xm-; 1A2,
,2700,4682,false,false,false,255 255 255 255,false,,,,,,,1.16714,1.5,2.66714,c1cc(Cl)c(F)cc1C(=O)C[N+](C)(C)C(C2=O)CC(N2)N(CCC3)C=C3c4cc(N)c(Cl)cc4,AIDD_Results trypanosoma scaffold 1,AIDD_Results trypanosoma scaffold 1,0,Size; Peff; Xm-; HEPX,
,2701,21104,false,false,false,255 255 255 255,false,,,,,,,0,2,2.66838,O1CN(C)CC1C(=O)N2N(CC(=O)C(Cl)=CN3)C=3C(=O)c4c2c(F)cc(c45)nco5,AIDD_Results trypanosoma scaffold 1,AIDD_Results trypanosoma scaffold 1,0,Xr-; Xm+; MUT; 1A2,
,2702,20218,false,false,false,255 255 255 255,false,,,,,,,1,1.5,2.67049,N#CC1=CC(C(=O)C)CC(N2C=O)=C1Sc(c23)ncn(c3=O)C(=O)CC(C4)=CCN(C45C)CCC5,AIDD_Results trypanosoma scaffold 1,AIDD_Results trypanosoma scaffold 1,0,Size; Xr-; HEPX; 3A4,
,2703,24883,false,false,false,255 255 255 255,false,,,,,,,0,2.67077,2.67077,[nH]1cnc(c1c23)CNc2n4c(c3)N=COCN4,AIDD_Results trypanosoma scaffold 1,AIDD_Results trypanosoma scaffold 1,0,Xr; Xm; HEPX,
,2704,20242,false,false,false,255 255 255 255,false,,,,,,,0.172,2.5,2.672,n1ccc(=O)n(c2=O)c1n(n(c23)c(=O)cc(n3)CO)C4CC(C)CN(C45C)COC5,AIDD_Results trypanosoma scaffold 1,AIDD_Results trypanosoma scaffold 1,0,ch; Xr-; Xm; HEPX,
,2705,15251,false,false,false,255 255 255 255,false,,,,,,,0,2.5,2.6732,c1noc(c12)c3c(c(Cl)c2)N(C)n4c(S3)nc(cc4=O)C5CNCN5,AIDD_Results trypanosoma scaffold 1,AIDD_Results trypanosoma scaffold 1,0,Vd; Xr-; Xm; MUT,
,2706,20462,false,false,false,255 255 255 255,false,,,,,,,0.220336,1.46072,2.68106,CC(=O)c(c1)ccc2c1C(CC(C23)NCC3)C[C@H](C45)CN(CC4)CC5,AIDD_Results trypanosoma scaffold 1,AIDD_Results trypanosoma scaffold 1,0,Kow; rat; Xr-; Xm-; 2D6,
,2707,14278,false,false,false,255 255 255 255,false,,,,,,,0.608,2,2.68347,n1coc(c12)c3c(cc2O)N(C(=O)C4CN(C)CO4)N5C(C3=O)=NC(C)=CC(=O)C5,AIDD_Results trypanosoma scaffold 1,AIDD_Results trypanosoma scaffold 1,0,ch; Xr-; Xm-; HEPX; 1A2,
,2708,25033,false,false,false,255 255 255 255,false,,,,,,,0.185536,1.5,2.68554,O1CCNC1c(oc(=O)c2)c(c23)N4N(C3)c5c(nco5)OC4=O,AIDD_Results trypanosoma scaffold 1,AIDD_Results trypanosoma scaffold 1,0,HBA; Xr-; MUT; 1A2,
,2709,8001,false,false,false,255 255 255 255,false,,,,,,,1.19,1.5,2.69,N#Cc([nH]1)c(C(=O)N)c(=O)c(N2)c1SC(=C23)NCC3F,AIDD_Results trypanosoma scaffold 1,AIDD_Results trypanosoma scaffold 1,0,HBD; ch; Xm-; HEPX,
,2710,9827,false,false,false,255 255 255 255,false,,,,,,,0,1.69108,2.69108,CC(C12)CN(CC2)C[C@@H]1C(S3=O)Oc(c34)cccc4Sc5ccccc5,AIDD_Results trypanosoma scaffold 1,AIDD_Results trypanosoma scaffold 1,0,hERG; Xr-; Xm; 2C19,
,2711,14310,false,false,false,255 255 255 255,false,,,,,,,1.1916,1.5,2.6916,CCN(CO1)CC1C(=O)N2N(S(=O)(=O)CC(C)=CN3)C=3C(=O)c(c4)c2cc(c45)ocn5,AIDD_Results trypanosoma scaffold 1,AIDD_Results trypanosoma scaffold 1,0,Size; HBA; ch; Xr-; MUT,
,2712,10619,false,false,false,255 255 255 255,false,,,,,,,0,2.5,2.69578,n1ocnc1CC(=O)/C=C2\C(C)N(N=CS2)C(=O)[C@H](C34)CN(CC3)CC4,AIDD_Results trypanosoma scaffold 1,AIDD_Results trypanosoma scaffold 1,0,Xr; Xm+; HEPX; 3A4,
,2713,14948,false,false,false,255 255 255 255,false,,,,,,,0.1985,2.5,2.6985,o1cnc(c12)cc(NC(=O)C)c3c2c(=O)c4n(c(=O)ccn4)n3/C=C5/CN(C)CO5,AIDD_Results trypanosoma scaffold 1,AIDD_Results trypanosoma scaffold 1,0,ch; Xr-; Xm+; HEPX+; MUT,
,2714,9673,false,false,false,255 255 255 255,false,,,,,,,0.2,1,2.7,CS(=O)(=O)c1ccc(c(c1C)NC(=O)C)C(SC=C2C#N)=CN2C(N34)CN(CC3)CC4,AIDD_Results trypanosoma scaffold 1,AIDD_Results trypanosoma scaffold 1,0,Size; Xr-; Xm+; 3A4; CL-,
,2715,13379,false,false,false,255 255 255 255,false,,,,,,,0.7,1,2.7,[nH]1ccc(=O)c(c2=O)c1nc3n2n(C#CCN(C)C)c(c34)c(Cl)cc(c4)-n5cncn5,AIDD_Results trypanosoma scaffold 1,AIDD_Results trypanosoma scaffold 1,0,Size; Kow-; Xr-; Xm+; 2C9,
,2716,13674,false,false,false,255 255 255 255,false,,,,,,,1.2,1.5,2.7,[O-][N+](=O)c1c(C)c(CC)c(=O)n(c12)C(=O)c3n(c(=O)cc(n3)C)C2C4CCC(O)N4C,AIDD_Results trypanosoma scaffold 1,AIDD_Results trypanosoma scaffold 1,0,Size; ch; Xm-; MUT,
,2717,19753,false,false,false,255 255 255 255,false,,,,,,,1.2,1.5,2.7,NCC(=O)n(c1=O)ccc(c1Cl)Sc(c2NC(=O)C)c(c3c(c24)ocn4)CN=CC3=O,AIDD_Results trypanosoma scaffold 1,AIDD_Results trypanosoma scaffold 1,0,Size; ch; Xm-; MUT,
,2718,20775,false,false,false,255 255 255 255,false,,,,,,,0.2,2.5,2.7,C1C(=O)C=C(CC)N=C(C2=O)N1N(C(C3C)CCCN3C)c(c24)cc5c(c4)cccn5,AIDD_Results trypanosoma scaffold 1,AIDD_Results trypanosoma scaffold 1,0,Size; Xr-; Xm; HEPX,
,2719,21430,false,false,false,255 255 255 255,false,,,,,,,0.2,1,2.7,N#CC(C(F)(F)F)n1c(C)nc(c12)S(=O)c3n(c(=O)ccc3CN)N2C4CCN(C)C4,AIDD_Results trypanosoma scaffold 1,AIDD_Results trypanosoma scaffold 1,0,Size; fu-; Vd-; Xr+; Xm+; CL-,
,2720,22343,false,false,false,255 255 255 255,false,,,,,,,0.2,2.5,2.7,CN1CCCC1(CC)n2c(cc(Cl)cn3)c3oc(c(=O)c4[N+]([O-])=O)c2n(c45)c(=O)cc5,AIDD_Results trypanosoma scaffold 1,AIDD_Results trypanosoma scaffold 1,0,Size; Xr-; HEPX; MUT,
,2721,6684,false,false,false,255 255 255 255,false,,,,,,,1.70054,1,2.70054,NCC(=O)NC1CN(CC2)C[C@@H](C12)CC3C(n4cncn4)CSC(C35)CC(N)CC5,AIDD_Results trypanosoma scaffold 1,AIDD_Results trypanosoma scaffold 1,0,HBD; Peff; Xr-; Xm+,
,2722,25211,false,false,false,255 255 255 255,false,,,,,,,0,2.70078,2.70078,CN1CCC1CN2N(C(=O)C(C)CN)CC(O)C(C23)C(=O)C=CC=3C(C4=O)CCC4,AIDD_Results trypanosoma scaffold 1,AIDD_Results trypanosoma scaffold 1,0,rat; Xr+; Xm-; HEPX,
,2723,11398,false,false,false,255 255 255 255,false,,,,,,,0.706,1,2.706,O=C1C=C(C(=O)C)c2n(C(=O)C)c(c3c12)c(=O)n(cn3)C(=O)CN,AIDD_Results trypanosoma scaffold 1,AIDD_Results trypanosoma scaffold 1,0,ch; MUT; 1A2,
,2724,15848,false,false,false,255 255 255 255,false,,,,,,,0.4,1.5,2.70583,c1cccc(c12)c3c(cc2C(=O)C)N(C=O)C4=C(S3)N=CC(C(=O)C4)CCC5CCNC5,AIDD_Results trypanosoma scaffold 1,AIDD_Results trypanosoma scaffold 1,0,Size; Vd; Xr+; Xm,
,2725,3621,false,false,false,255 255 255 255,false,,,,,,,1.709,1,2.709,CN(C)C(=O)CCN1c(cc(C)cc2)c2S(=O)(=O)c(c13)ccc(-c4ncco4)c3-c5nn[nH]n5,AIDD_Results trypanosoma scaffold 1,AIDD_Results trypanosoma scaffold 1,0,Size; ch; Xr-; Xm+,
,2726,6416,false,false,false,255 255 255 255,false,,,,,,,1,1.07464,2.7096,C#C[N+](C)(C)CCCN1c(cccc2)c2S(=O)(=O)c(c13)ccc(c3)-c4ccccc4,AIDD_Results trypanosoma scaffold 1,AIDD_Results trypanosoma scaffold 1,0,Peff; hERG; Xm-; 2C9,
,2727,11766,false,false,false,255 255 255 255,false,,,,,,,0.176902,2.03986,2.71676,O1CN(C)CC1(O)C(=O)N2n(c(=O)c(F)c(n3)C)c3Cc4c2ccc(c45)NCO5,AIDD_Results trypanosoma scaffold 1,AIDD_Results trypanosoma scaffold 1,0,HBA; Vd-; Xr-; Xm; MUT,
,2728,13203,false,false,false,255 255 255 255,false,,,,,,,0.217,2.5,2.717,O1CN(C)CC1(C)C(=O)N2N(CC(=O)C(C)=CN3)C=3Cc4c2c(=O)[nH]c(c45)ocn5,AIDD_Results trypanosoma scaffold 1,AIDD_Results trypanosoma scaffold 1,0,ch; Xr-; HEPX; MUT,
,2729,15539,false,false,false,255 255 255 255,false,,,,,,,0,2.67332,2.72435,O1CCN(C(=O)C)C1C(COC2)=C(C=23)N4N(C3)c5c(nco5)OC4=O,AIDD_Results trypanosoma scaffold 1,AIDD_Results trypanosoma scaffold 1,0,rat; Xr+; HEPX; MUT; 1A2,
,2730,6679,false,false,false,255 255 255 255,false,,,,,,,0,2.5,2.72696,O1CN(C)CC1(C)C(=O)N2n(c(=O)c(C)cn3)c3Cc4c2ccc(c45)nco5,AIDD_Results trypanosoma scaffold 1,AIDD_Results trypanosoma scaffold 1,0,Xr-; Xm; MUT; 1A2,
,2731,14859,false,false,false,255 255 255 255,false,,,,,,,0,1.73098,2.73098,C1CN(CC2)C[C@@H](C12)C(=O)n(c3ccc(c4)CN)c(c5c34)CC=COC5,AIDD_Results trypanosoma scaffold 1,AIDD_Results trypanosoma scaffold 1,0,rat; Xr-; Xm+; 2D6,
,2732,17119,false,false,false,255 255 255 255,false,,,,,,,0,2.73522,2.73522,NCc(c1=O)ccc(S2=O)n1N(C(CC3C)CCN3C)C(C4)=C2CC(C=45)CCC5,AIDD_Results trypanosoma scaffold 1,AIDD_Results trypanosoma scaffold 1,0,rat; Xr-; Xm+; HEPX,
,2733,17341,false,false,false,255 255 255 255,false,,,,,,,0.236585,2,2.73658,OC1CN(CC2)C[C@@H](C12)CN(C3CC(N)C=C4)C(C5C34)NC=NC5,AIDD_Results trypanosoma scaffold 1,AIDD_Results trypanosoma scaffold 1,0,HBD; Xr-; Xm+; MUT; CL-,
,2734,22541,false,false,false,255 255 255 255,false,,,,,,,0.368483,0.5,2.74066,O=C(O)C(C)C/C=C/c(c1C(=O)O)c(c(cc1Cl)-c2cocn2)Sc3ccccc3,AIDD_Results trypanosoma scaffold 1,AIDD_Results trypanosoma scaffold 1,0,Kow; fu; Xm+; 2C9,
,2735,20057,false,false,false,255 255 255 255,false,,,,,,,0.242499,2,2.7425,C12C=CN(CC2O)C[C@@H]1CN(C3CC(N)C=C4)C(C5C34)NC=NC5,AIDD_Results trypanosoma scaffold 1,AIDD_Results trypanosoma scaffold 1,0,HBD; Xr-; Xm+; MUT; CL-,
,2736,16106,false,false,false,255 255 255 255,false,,,,,,,0,2,2.74295,C1CN(CC2)C[C@@H](C12)Cn(nc3)c(c34)c(S(=O)C)ccc4,AIDD_Results trypanosoma scaffold 1,AIDD_Results trypanosoma scaffold 1,0,Xm; MUT; 2C19,
,2737,12780,false,false,false,255 255 255 255,false,,,,,,,0.24951,2.5,2.74951,NC(=O)C1C(NCN1)c(cn2)c(=O)n(N3C)c2Sc4c3cc(Cl)c(c45)coc5,AIDD_Results trypanosoma scaffold 1,AIDD_Results trypanosoma scaffold 1,0,HBD; Xr+; Xm; MUT,
,2738,21119,false,false,false,255 255 255 255,false,,,,,,,0.525877,1.79359,2.75206,O1CN(C)CC1(O)CC(=O)N2n(c(=O)c(C)cn3)c3Cc4c2cc(Br)c(c45)ocn5,AIDD_Results trypanosoma scaffold 1,AIDD_Results trypanosoma scaffold 1,0,Size; Xr-; Xm; MUT; 2C9,
,2739,1810,false,false,false,255 255 255 255,false,,,,,,,0,0.5,2.7548,FC(F)(F)c(c1)ccc(c12)S(=O)c3c(cc(CN)cc3)N2CCCN(C)C,AIDD_Results trypanosoma scaffold 1,AIDD_Results trypanosoma scaffold 1,0,Vd; Xm+; 2C9; 2C19,
,2740,18003,false,false,false,255 255 255 255,false,,,,,,,0,2.67109,2.75759,CCC(O1)NCC1CN2n(c(=O)c(Br)cn3)c3Cc4c2ccc(c45)ocn5,AIDD_Results trypanosoma scaffold 1,AIDD_Results trypanosoma scaffold 1,0,hERG; Xr-; Xm; MUT; 2D6,
,2741,13437,false,false,false,255 255 255 255,false,,,,,,,0,2,2.76644,c1csc(c12)c3c(cc2)N(C(=O)C4CN(C)CO4)N5C(C3)=NC=C(F)C(=O)C5,AIDD_Results trypanosoma scaffold 1,AIDD_Results trypanosoma scaffold 1,0,Xr-; Xm+; MUT; 1A2,
,2742,4547,false,false,false,255 255 255 255,false,,,,,,,0,2,2.77564,C1CN(CC2)C[C@@H](C12)C(=O)N(c(c34)cccc4)C5C3=CCNC5,AIDD_Results trypanosoma scaffold 1,AIDD_Results trypanosoma scaffold 1,0,rat; Xr-; Xm+; 2D6,
,2743,8629,false,false,false,255 255 255 255,false,,,,,,,2.0665,0.711858,2.77836,N#Cc1c(C)ccc(c12)S(=O)(=O)C=CN2CCC(C(=O)N)[N+](C)(CC3=O)CC(C34)C=C(Cl)C=C4C,AIDD_Results trypanosoma scaffold 1,AIDD_Results trypanosoma scaffold 1,0,Size; ch; Peff; Xr; Xm-,
,2744,22229,false,false,false,255 255 255 255,false,,,,,,,0,2,2.78394,CC(O)c(c1)cc(=O)n(N2)c1SC(=C23)NCC3,AIDD_Results trypanosoma scaffold 1,AIDD_Results trypanosoma scaffold 1,0,Xm; HEPX; 1A2,
,2745,13531,false,false,false,255 255 255 255,false,,,,,,,0,2.79059,2.79059,C1CN(CC2)C(CC12)C#CN3N(c4conn4)C(=O)SC=C3C5=COCC=C5,AIDD_Results trypanosoma scaffold 1,AIDD_Results trypanosoma scaffold 1,0,hERG-; Xr-; Xm+; HEPX+; MUT,
,2746,1620,false,false,false,255 255 255 255,false,,,,,,,0,2.79217,2.79217,c1onc(c12)C(C[N+](C)(C)C2)Cn(c3cc(Cl)cc4)c(c5c34)cccc5,AIDD_Results trypanosoma scaffold 1,AIDD_Results trypanosoma scaffold 1,0,hERG+; Xr-; Xm; MUT,
,2747,3803,false,false,false,255 255 255 255,false,,,,,,,0.797465,2,2.79747,C[N+](C)(C)CCC(=O)N1C(NC=CC2)=C2Sc(c13)cccc3,AIDD_Results trypanosoma scaffold 1,AIDD_Results trypanosoma scaffold 1,0,Peff; Xm; HEPX,
,2748,11224,false,false,false,255 255 255 255,false,,,,,,,0,2.56836,2.79651,CC(O1)NCC1C(=O)N2N(CC(=O)C(F)=CN3)C=3Sc(c24)cccc4,AIDD_Results trypanosoma scaffold 1,AIDD_Results trypanosoma scaffold 1,0,Xr; Xm; MUT; 1A2,
,2749,8435,false,false,false,255 255 255 255,false,,,,,,,0,1.79913,2.79913,C1CN(CC2)C[C@@H](C12)CN3C(c4ncco4)=CSc(c35)cccc5S(=O)C,AIDD_Results trypanosoma scaffold 1,AIDD_Results trypanosoma scaffold 1,0,hERG; Xr-; Xm+; 2C19,
,2750,6723,false,false,false,255 255 255 255,false,,,,,,,1.8,1,2.8,NS(=O)(=O)c(c1)ccc(C2)c1N(C(C[N+](C)(C)C)c3ccoc3)c(c24)cc(cc4)-c5c[nH]cn5,AIDD_Results trypanosoma scaffold 1,AIDD_Results trypanosoma scaffold 1,0,Size; Peff; Xr-; Xm+,
,2751,7706,false,false,false,255 255 255 255,false,,,,,,,0,1.80046,2.80046,C1CN(CC2)C[C@@H](C12)C(S3=O)Oc(c34)cccc4Sc5ccccc5,AIDD_Results trypanosoma scaffold 1,AIDD_Results trypanosoma scaffold 1,0,hERG; Xr-; Xm; 2C19,
,2752,18526,false,false,false,255 255 255 255,false,,,,,,,0.8,1,2.8,c1cccc(c12)c3c(c(C)c2C(=O)C)N(C=O)C4=C(O3)N=CC(=CC4)C(=O)OC5=CCNCC5,AIDD_Results trypanosoma scaffold 1,AIDD_Results trypanosoma scaffold 1,0,Size; Xr+; Xm-; 1A2,
,2753,8673,false,false,false,255 255 255 255,false,,,,,,,0.30141,1,2.80141,c1[nH]cc(c12)SC(C(=O)N)N(C(=O)/C=C/C)N2C[C@H](N34)CN(CC4)CC3NC(=O)C,AIDD_Results trypanosoma scaffold 1,AIDD_Results trypanosoma scaffold 1,0,HBD; HBA; Xr+; Xm-; 3A4; CL-,
,2754,18274,false,false,false,255 255 255 255,false,,,,,,,0.300522,0.5,2.80052,C1CN(CC2)C[C@@H](C12)\C=C\c3c(cccc3)C4=CCNCC4,AIDD_Results trypanosoma scaffold 1,AIDD_Results trypanosoma scaffold 1,0,Kow; Vd; Xm+; 2D6,
,2755,21556,false,false,false,255 255 255 255,false,,,,,,,0.232036,1,2.8035,O=C(O)c1cc(ccc1)C(S2)=CN(C[C@H](C34F)CN(CS4)CC3)C=C2c5cscn5,AIDD_Results trypanosoma scaffold 1,AIDD_Results trypanosoma scaffold 1,0,Size; fu; Xr-; Xm+; 2C9,
,2756,13183,false,false,false,255 255 255 255,false,,,,,,,1.30728,1.5,2.80728,FC(F)(F)c1c(F)[nH]c(c12)Sc3c(c4c(cco4)n3C(=O)O)N2CCN5CCNCC5=O,AIDD_Results trypanosoma scaffold 1,AIDD_Results trypanosoma scaffold 1,0,Size; Peff; Xr-; Xm-; HEPX-,
,2757,18980,false,false,false,255 255 255 255,false,,,,,,,0.808,1,2.808,O1CN(C)CC1CC(=O)N(c(cc2O)c3c(c24)ocn4)N5C(C3=O)=NC(C)=CC(=O)C5,AIDD_Results trypanosoma scaffold 1,AIDD_Results trypanosoma scaffold 1,0,Size; ch; Xr-; Xm-; 1A2,
,2758,19417,false,false,false,255 255 255 255,false,,,,,,,0.5,2.30827,2.80827,n1ocnc1C=2SC(C#C)=CC(C23)C(\C=NC3)=C(\C45)CN(CC4)CC5,AIDD_Results trypanosoma scaffold 1,AIDD_Results trypanosoma scaffold 1,0,Kow-; hERG; Xr-; Xm; HEPX+,
,2759,22173,false,false,false,255 255 255 255,false,,,,,,,0,2,2.80921,CC(=O)c(cc1)cc(N2C=O)c1CC(=C23)N=CC(\C3=O)=C\C,AIDD_Results trypanosoma scaffold 1,AIDD_Results trypanosoma scaffold 1,0,HEPX; MUT; 2C9,
,2760,23272,false,false,false,255 255 255 255,false,,,,,,,1.32101,0.5,2.82101,CCCc(cc1Br)c(C(=O)O)c(N2)c1Sc(cc3C(=O)O)c2c(c34)occ4,AIDD_Results trypanosoma scaffold 1,AIDD_Results trypanosoma scaffold 1,0,Kow; Sw; fu; Xm-,
,2761,19018,false,false,false,255 255 255 255,false,,,,,,,0,2,2.82433,C1C=CCCC(C=12)N3C(=C2)N=COC3=O,AIDD_Results trypanosoma scaffold 1,AIDD_Results trypanosoma scaffold 1,0,HEPX; MUT; 1A2; CL-,
,2762,20419,false,false,false,255 255 255 255,false,,,,,,,0.4,1.5,2.82452,CN(C1)CCCC1CN(c(c23)ccc(C)c3)N4C(C2=O)=NC=C(C(=O)C4)c5ccccc5,AIDD_Results trypanosoma scaffold 1,AIDD_Results trypanosoma scaffold 1,0,Size; Vd; Xr-; Xm,
,2763,10621,false,false,false,255 255 255 255,false,,,,,,,0,2.21774,2.82559,O1CN(C)CC1(O)CC(=O)N2n(c(=O)ccn3)c3Cc4c2ccc(c45)nco5,AIDD_Results trypanosoma scaffold 1,AIDD_Results trypanosoma scaffold 1,0,Xr-; Xm; MUT; 1A2,
,2764,5977,false,false,false,255 255 255 255,false,,,,,,,1.18444,0.5,2.83144,C1CCCCC1C(C(=O)O)C(=O)N(c(c(C)c2C(=O)O)c3c(c24)ocn4)c5c(S3)ccc(Cl)c5,AIDD_Results trypanosoma scaffold 1,AIDD_Results trypanosoma scaffold 1,0,Size; ch; Kow; fu; Xr-; 2C9,
,2765,24819,false,false,false,255 255 255 255,false,,,,,,,0.241,2,2.83131,O1CN(C)CCC1C(=O)N2N(CC(=O)C=CN3)C=3C(=O)c4c2c(F)nc(c45)nco5,AIDD_Results trypanosoma scaffold 1,AIDD_Results trypanosoma scaffold 1,0,ch; Xr-; Xm+; MUT; 1A2,
,2766,7724,false,false,false,255 255 255 255,false,,,,,,,1.3316,1.5,2.8316,NS(=O)(=O)C1CN(CC2)C[C@@H](C12F)CC(=CS3)Nn(c34)c(=O)ccc4-c5ncon5,AIDD_Results trypanosoma scaffold 1,AIDD_Results trypanosoma scaffold 1,0,Size; HBA; ch; Xr+; Xm,
,2767,23010,false,false,false,255 255 255 255,false,,,,,,,0.2,1.13277,2.83277,CN(C)CC(F)CN1n(c(=O)c(CN)cc2)c2S(=O)C(=C13)N(C)C(=O)C(F)C=C3CF,AIDD_Results trypanosoma scaffold 1,AIDD_Results trypanosoma scaffold 1,0,Size; fu-; Vd-; Xr; Xm+; CL-,
,2768,20762,false,false,false,255 255 255 255,false,,,,,,,0,2,2.83447,c1cncc(c12)cc3c(c2O)C(=O)COC=N3,AIDD_Results trypanosoma scaffold 1,AIDD_Results trypanosoma scaffold 1,0,HEPX; MUT; 1A2; 2C9,
,2769,3855,false,false,false,255 255 255 255,false,,,,,,,0,2.5,2.83537,C1CN(CC2)C[C@@H](C12)C(=O)N(n(c34)ccc3)C5C(S4)=CC(=O)OC5,AIDD_Results trypanosoma scaffold 1,AIDD_Results trypanosoma scaffold 1,0,Xr-; Xm; HEPX; 1A2,
,2770,14696,false,false,false,255 255 255 255,false,,,,,,,1.82064,1.01392,2.83457,CC1=CC(Cl)=CC(C12)C[N+](C)(CC2=O)C(C(=O)N)CCN3C=CS(=O)(=O)c(c34)cccc4C,AIDD_Results trypanosoma scaffold 1,AIDD_Results trypanosoma scaffold 1,0,Size; Peff; Xr; Xm-,
,2771,13607,false,false,false,255 255 255 255,false,,,,,,,1.33571,1.5,2.83571,NS(=O)(=O)C1CN(CC2)C[C@@H](C12F)CC(S3)=CNn(c34)c(=O)ccc4-c5ncon5,AIDD_Results trypanosoma scaffold 1,AIDD_Results trypanosoma scaffold 1,0,Size; HBA; ch; Xr+; Xm,
,2772,20623,false,false,false,255 255 255 255,false,,,,,,,0,2.5,2.84304,N1CCCC1CCN2N(C(=S)C(C)CN3)C=3C(=O)c4c2ccc(c45)ocn5,AIDD_Results trypanosoma scaffold 1,AIDD_Results trypanosoma scaffold 1,0,Vd; Xr-; Xm; HEPX,
,2773,15088,false,false,false,255 255 255 255,false,,,,,,,0,2.34552,2.84552,C1OC(C#N)=Cn(c2=O)n1c(c2=3)=CS(=O)(=O)OC3,AIDD_Results trypanosoma scaffold 1,AIDD_Results trypanosoma scaffold 1,0,Xm; HEPX; MUT; CL-,
,2774,23192,false,false,false,255 255 255 255,false,,,,,,,0.85438,2,2.85438,O=C1COC(C#N)=Nc(c12)c(C(CC34)N(C4)CC3)n5c2C(CC=N5)NS(=O)(=O)C,AIDD_Results trypanosoma scaffold 1,AIDD_Results trypanosoma scaffold 1,0,HBA; ch; Xr-; Xm+; MUT,
,2775,22055,false,false,false,255 255 255 255,false,,,,,,,1.35695,1.5,2.85695,C1CN=CC=C1C2CCC(=O)C(N3CCN(C)C)=C2S(=O)(=O)C(=C34)CCC(Cl)=C4C5=CCNCC5,AIDD_Results trypanosoma scaffold 1,AIDD_Results trypanosoma scaffold 1,0,Size; ch; Xr-; Xm+; HEPX+,
,2776,8090,false,false,false,255 255 255 255,false,,,,,,,0.858095,2,2.85809,n1cncn1C(CN(C)C)CN(C(=C23)NC(C2)S(=O)(=O)CF)n4c(S3)ncc(F)c4=O,AIDD_Results trypanosoma scaffold 1,AIDD_Results trypanosoma scaffold 1,0,Size; HBA; Xr+; Xm+; HEPX,
,2777,20953,false,false,false,255 255 255 255,false,,,,,,,0,2.47152,2.86278,C1NCCC1CN2N(CCC(C)=CN3)C=3C(=O)c4c2ccc(c45)ocn5,AIDD_Results trypanosoma scaffold 1,AIDD_Results trypanosoma scaffold 1,0,Vd; rat; Xr-; Xm+; HEPX,
,2778,25448,false,false,false,255 255 255 255,false,,,,,,,0.865337,1,2.86534,C1CN(CC2)C[C@@H](C12)C(C#N)CN(C(O3)N/C=N/C)c(c4=O)c3[nH]c(c45)CCC5,AIDD_Results trypanosoma scaffold 1,AIDD_Results trypanosoma scaffold 1,0,Peff; Xr-; Xm-; 2D6,
,2779,7247,false,false,false,255 255 255 255,false,,,,,,,1.366,1.5,2.866,c1ncn(S(=O)(=O)C)c(=O)c1C[N+]2(C)CCC(OC2)N(C=CCS3)c(c34)cc(Cl)cc4[N+]([O-])=O,AIDD_Results trypanosoma scaffold 1,AIDD_Results trypanosoma scaffold 1,0,Size; ch; Xm-; MUT,
,2780,10941,false,false,false,255 255 255 255,false,,,,,,,1.366,1.5,2.866,c1ncn(S(=O)(=O)C)c(=O)c1C[N+]2(C)CCC(OC2)N(C=CCS3)c(c34)cc(Br)cc4[N+]([O-])=O,AIDD_Results trypanosoma scaffold 1,AIDD_Results trypanosoma scaffold 1,0,Size; ch; Xm-; MUT,
,2781,14760,false,false,false,255 255 255 255,false,,,,,,,0.6,2.27213,2.87213,C1C(=O)C=C(C)N=C(C2=O)N1N(C(C3C)CCCN3C)c(c24)c([N+]([O-])=O)c5c(c4)cccn5,AIDD_Results trypanosoma scaffold 1,AIDD_Results trypanosoma scaffold 1,0,Size; Xr-; Xm; MUT,
,2782,25110,false,false,false,255 255 255 255,false,,,,,,,1.44395,1,2.87207,n1cocc1C(C)C(/C(=C/C)NC=O)C(C2)N(CC3O)C[C@@H](C23)CN(C=CS4)c(c45)n(C(=O)O)c(=S)cc5,AIDD_Results trypanosoma scaffold 1,AIDD_Results trypanosoma scaffold 1,0,Size; ch; Peff; fu; Xr-; Xm-,
,2783,1457,false,false,false,255 255 255 255,false,,,,,,,0,2.87392,2.87392,[O-][N+](=O)c(c1)cn(c12)C[N+](C)(C2)CC#CN3c(cccc4)c4Sc(c35)ccc(Cl)c5,AIDD_Results trypanosoma scaffold 1,AIDD_Results trypanosoma scaffold 1,0,hERG+; Xr-; Xm; MUT,
,2784,5243,false,false,false,255 255 255 255,false,,,,,,,1.88388,1,2.88388,NCC(=O)N(C1=O)C(C#N)CC(=C12)SC3=C(N2C(=O)C)OC(C=C3)C(=O)Cn4cncn4,AIDD_Results trypanosoma scaffold 1,AIDD_Results trypanosoma scaffold 1,0,Size; HBA; ch; Xr+; Xm+,
,2785,15144,false,false,false,255 255 255 255,false,,,,,,,0.40047,1.5,2.88431,O1CCN(C(=O)C)C1c(c(=O)oc2)c(c23)N4N(C3)c5c(nco5)OC4=O,AIDD_Results trypanosoma scaffold 1,AIDD_Results trypanosoma scaffold 1,0,HBA; Xr-; MUT; 1A2,
,2786,15145,false,false,false,255 255 255 255,false,,,,,,,0,2.78291,2.88488,CC(O1)NCC1(C)C(=O)N2N(CC(=O)C(F)=CN3)C=3Sc(c24)cccc4,AIDD_Results trypanosoma scaffold 1,AIDD_Results trypanosoma scaffold 1,0,Xr; Xm; MUT; 1A2,
,2787,10870,false,false,false,255 255 255 255,false,,,,,,,0,2.88768,2.88768,c1c[nH]c(c12)NN3C(C2)=NCCC3=O,AIDD_Results trypanosoma scaffold 1,AIDD_Results trypanosoma scaffold 1,0,Xr; HEPX; MUT,
,2788,5475,false,false,false,255 255 255 255,false,,,,,,,0,2,2.88906,CS(=O)(=O)c(cc1)c(F)cc1C2=CN(C=CS2)[C@H](N34)CN(CC3)CC4,AIDD_Results trypanosoma scaffold 1,AIDD_Results trypanosoma scaffold 1,0,Xr-; Xm-; MUT; 3A4; CL-,
,2789,8754,false,false,false,255 255 255 255,false,,,,,,,0.39,2.5,2.89,O1CN(C)CC1n2c(cc(Cl)cn3)c3oc(c(=O)c4[N+]([O-])=O)c2n(c45)c(=O)cc5,AIDD_Results trypanosoma scaffold 1,AIDD_Results trypanosoma scaffold 1,0,ch; Xr-; HEPX; MUT,
,2790,9286,false,false,false,255 255 255 255,false,,,,,,,0.39,2.5,2.89,CN1COCC1n2c(cc(Cl)cn3)c3oc(c(=O)c4[N+]([O-])=O)c2n(c45)c(=O)cc5,AIDD_Results trypanosoma scaffold 1,AIDD_Results trypanosoma scaffold 1,0,ch; Xr-; HEPX; MUT,
,2791,13022,false,false,false,255 255 255 255,false,,,,,,,0.39,2.5,2.89,CN1COCC1(C)n2c(cc(Cl)cn3)c3oc(c(=O)c4[N+]([O-])=O)c2n(c45)c(=O)cc5,AIDD_Results trypanosoma scaffold 1,AIDD_Results trypanosoma scaffold 1,0,ch; Xr-; HEPX; MUT,
,2792,14707,false,false,false,255 255 255 255,false,,,,,,,0,2.47337,2.89062,O=C1CCCc(c12)c(F)n3c2CN=C4N3CCCC4,AIDD_Results trypanosoma scaffold 1,AIDD_Results trypanosoma scaffold 1,0,Xm; HEPX; MUT; 3A4,
,2793,19039,false,false,false,255 255 255 255,false,,,,,,,0.892103,1,2.89437,N12C(=O)CN(CC2)C(C1)C(C#N)N(CNC(=O)C)c3c(SC)cc(cc3)S(=O)(=O)C,AIDD_Results trypanosoma scaffold 1,AIDD_Results trypanosoma scaffold 1,0,Size; RotB; HBA; Xr-; Xm-; 3A4; CL-,
,2794,11624,false,false,false,255 255 255 255,false,,,,,,,0.396352,2.5,2.89635,c1coc(c12)c3c(cc2Cl)N(C#CC)n4c(S3)nc(=O)n(c4=O)C5CNCN5,AIDD_Results trypanosoma scaffold 1,AIDD_Results trypanosoma scaffold 1,0,Sw; Xr-; Xm; MUT,
,2795,17760,false,false,false,255 255 255 255,false,,,,,,,0.232036,1,2.89811,O=C(O)c1cc(ccc1)C(S2)=CN(C[C@H](C34F)CN(CS4)CC3)C=C2c5cncs5,AIDD_Results trypanosoma scaffold 1,AIDD_Results trypanosoma scaffold 1,0,Size; fu; Xr-; Xm+; 2C19,
,2796,11884,false,false,false,255 255 255 255,false,,,,,,,0.4,2.5,2.9,C1CCc(c12)cc3c(c2)N(c4c(S3)cc(Cl)cc4)CCC[N+](C)(C)Cn5cnccc5=O,AIDD_Results trypanosoma scaffold 1,AIDD_Results trypanosoma scaffold 1,0,Size; hERG; Xr-; Xm+; HEPX-,
,2797,13269,false,false,false,255 255 255 255,false,,,,,,,0.4,1.5,2.9,C1C(=O)C=C(C)N=C(C2=O)N1N(C(=O)C3CCN(C)C3)c(c24)ccc(c4)C5=CCNCC5,AIDD_Results trypanosoma scaffold 1,AIDD_Results trypanosoma scaffold 1,0,Size; Vd; Xr-; Xm+; HEPX+,
,2798,15927,false,false,false,255 255 255 255,false,,,,,,,0.4,2,2.9,CC(=O)C1=CCC(C(O)=C1C)C(SC=C2C#N)=CN2C(C3)N(CC4)CC(N34)c5ncon5,AIDD_Results trypanosoma scaffold 1,AIDD_Results trypanosoma scaffold 1,0,Size; Xr+; Xm+; HEPX; CL-,
,2799,19211,false,false,false,255 255 255 255,false,,,,,,,1.4,0.5,2.9,O=C(O)c1c(Cl)ccc(c12)Sc3c(cc(C#N)cc3CC(=O)O)C/2=C\Cc4ccccc4,AIDD_Results trypanosoma scaffold 1,AIDD_Results trypanosoma scaffold 1,0,Size; Kow; fu; Xm+,
,2800,22681,false,false,false,255 255 255 255,false,,,,,,,0.904981,1,2.90498,CCN1CCNC(C1=O)CN(c(c23)ccc(Cl)c2N)Cc4c(S3=O)ccc(c4)-c5nnco5,AIDD_Results trypanosoma scaffold 1,AIDD_Results trypanosoma scaffold 1,0,Size; HBA; Sw; Xr-; Xm+; 2C19,
,2801,25023,false,false,false,255 255 255 255,false,,,,,,,0,2.43725,2.90906,NC(=O)C(C12)CN(CC2)C[C@@H]1Cc3csc(c34)cc5c(ocn5)c4S(=O)C,AIDD_Results trypanosoma scaffold 1,AIDD_Results trypanosoma scaffold 1,0,Xr-; Xm; MUT; 2C19,
,2802,23784,false,false,false,255 255 255 255,false,,,,,,,0.343638,2.33379,2.91227,C1CN(CC2)C[C@@H](C12)CC3C(N=COC4=O)N4c(c35)ccc(Br)c5,AIDD_Results trypanosoma scaffold 1,AIDD_Results trypanosoma scaffold 1,0,Kow; hERG; rat; Xr-; MUT; 2C19,
,2803,6722,false,false,false,255 255 255 255,false,,,,,,,0,2.2939,2.91652,C1CC=NC(=C12)N(C(=O)C)C(=CS2)C[C@H](C34)CN(CC3)CC4,AIDD_Results trypanosoma scaffold 1,AIDD_Results trypanosoma scaffold 1,0,hERG; Xm; HEPX; 2C19,
,2804,23121,false,false,false,255 255 255 255,false,,,,,,,1.33758,1.5,2.92695,N#Cc1cc(C)cc(c12)S(=O)c3c(oc(=O)cc3)CN2C(C4N)SC(O4)c5ncon5,AIDD_Results trypanosoma scaffold 1,AIDD_Results trypanosoma scaffold 1,0,Size; HBA; ch; Xr-; Xm; 2C9,
,2805,2847,false,false,false,255 255 255 255,false,,,,,,,1.5,0.5,2.93384,CC(=O)n(c1)c(=O)c(C#N)c(S2)c1N(C(=O)C)c3c2cc(C(=O)C=N)c(c34)[nH]cn4,AIDD_Results trypanosoma scaffold 1,AIDD_Results trypanosoma scaffold 1,0,ch; Kow-; Xm+; 2C9,
,2806,23007,false,false,false,255 255 255 255,false,,,,,,,0.2,2,2.9354,CCN(C1)CCC1CN2N(C(=O)C(C)CC3)C3Cn(c24)c(=O)cc(n4)C5=CCNCC5,AIDD_Results trypanosoma scaffold 1,AIDD_Results trypanosoma scaffold 1,0,Size; Xr-; Xm-; HEPX; 3A4,
,2807,15936,false,false,false,255 255 255 255,false,,,,,,,0.181973,2.75749,2.93946,C1C=C(C(=O)N)C(=O)N(N2)C1SC(=C23)NCC3F,AIDD_Results trypanosoma scaffold 1,AIDD_Results trypanosoma scaffold 1,0,HBD; Xr; HEPX; MUT,
,2808,16875,false,false,false,255 255 255 255,false,,,,,,,0,2,2.93873,C1NN(CS2)C[C@@H](C12)C(=O)N(n(c34)cnc3)c5c(S4)coc(=O)c5,AIDD_Results trypanosoma scaffold 1,AIDD_Results trypanosoma scaffold 1,0,Xr-; Xm+; MUT; 3A4,
,2809,19044,false,false,false,255 255 255 255,false,,,,,,,0,2.5,2.94189,O1CNNC1c(c2)cc(=O)n(c23)N(C=CS3)[C@H](C45F)CN(CC4)CC5,AIDD_Results trypanosoma scaffold 1,AIDD_Results trypanosoma scaffold 1,0,Xr+; Xm; MUT; 3A4,
,2810,12853,false,false,false,255 255 255 255,false,,,,,,,0,1,2.94315,FC(F)(F)c(c1)ccc(c12)S(=O)c3n(c(=O)c(CO)cc3)N2\C=C\CN(C)C,AIDD_Results trypanosoma scaffold 1,AIDD_Results trypanosoma scaffold 1,0,fu-; Vd-; Xm; 2C9; CL-,
,2811,22922,false,false,false,255 255 255 255,false,,,,,,,0.560779,2.02854,2.94305,CCN(C1)CCC1CN(N2C(C3)CCC(C)C2=O)c(c34)cc(cc4)C5=CCNCC5,AIDD_Results trypanosoma scaffold 1,AIDD_Results trypanosoma scaffold 1,0,Kow; hERG; rat; Xr-; Xm+; 3A4,
,2812,10930,false,false,false,255 255 255 255,false,,,,,,,0,2.5,2.94465,c1noc(c12)c3c(cc2Cl)N(C)n4c(S3)nc(cc4=O)C5CNCN5,AIDD_Results trypanosoma scaffold 1,AIDD_Results trypanosoma scaffold 1,0,Vd; Xr-; Xm; MUT,
,2813,18345,false,false,false,255 255 255 255,false,,,,,,,1.44541,1.5,2.94541,c1occc1CN(C)C(=O)C(N)CN2Cc(c(C)c(=O)[nH]c3)c3S(=O)c(c24)[nH]c(CC)c4C,AIDD_Results trypanosoma scaffold 1,AIDD_Results trypanosoma scaffold 1,0,Size; HBD; ch; Peff; Xr; Xm-,
,2814,22011,false,false,false,255 255 255 255,false,,,,,,,0.841877,1.5,2.94948,c1onc(c12)c(C)cc3c2C(=O)C=4N(N3)C(=S)CC(N4)c5ccc(N)cc5,AIDD_Results trypanosoma scaffold 1,AIDD_Results trypanosoma scaffold 1,0,Peff; fu; Xr-; Xm,
,2815,9892,false,false,false,255 255 255 255,false,,,,,,,0,2.09716,2.95143,C1CN(CC2)C[C@@H](C12)CC(=O)N3N=CSc(c34)cccc4,AIDD_Results trypanosoma scaffold 1,AIDD_Results trypanosoma scaffold 1,0,hERG; Xm; MUT; 2C19,
,2816,9744,false,false,false,255 255 255 255,false,,,,,,,0.952892,2,2.95289,c1cncc(c12)SC3=C(N2C(=O)C#C[N+](C)(C)C)C=CCC3C(C4=O)CCC4,AIDD_Results trypanosoma scaffold 1,AIDD_Results trypanosoma scaffold 1,0,Peff; Xm; HEPX,
,2817,20056,false,false,false,255 255 255 255,false,,,,,,,1.176,1.77662,2.95262,O1CN(C)CC1(C)C(=O)N2n(c(=O)cc(n3)C)c3Cc4c2c([N+]([O-])=O)cc(c45)nco5,AIDD_Results trypanosoma scaffold 1,AIDD_Results trypanosoma scaffold 1,0,Size; ch; Xr-; Xm; MUT,
,2818,9087,false,false,false,255 255 255 255,false,,,,,,,1.83317,1.13328,2.96646,N#Cc1cc(C(=O)N)cc(c12)Sc3c(N2C=O)c(=O)n(cn3)C(=O)CN,AIDD_Results trypanosoma scaffold 1,AIDD_Results trypanosoma scaffold 1,0,HBD; ch; Peff; Xr; Xm,
,2819,4054,false,false,false,255 255 255 255,false,,,,,,,1.66424,1.30671,2.97095,CC(=O)NC(N(C)C1)CC1CN(N(C=23)C(=O)C(C)CC2)Cn4c(S3(=O)=O)nccc4=O,AIDD_Results trypanosoma scaffold 1,AIDD_Results trypanosoma scaffold 1,0,Size; HBA; ch; Xr; Xm-,
,2820,21611,false,false,false,255 255 255 255,false,,,,,,,0,2,2.97265,Oc1csc(c12)c3c(cc2)N(C(=O)C4=CN(C)CO4)N5C(C3)=NCCC(=O)C5,AIDD_Results trypanosoma scaffold 1,AIDD_Results trypanosoma scaffold 1,0,Xr-; Xm-; MUT; 1A2,
,2821,20030,false,false,false,255 255 255 255,false,,,,,,,0,1.5,2.97376,C1N=CC=CC1NC(N(C)C2)CC2c3ccccc3,AIDD_Results trypanosoma scaffold 1,AIDD_Results trypanosoma scaffold 1,0,Xm+; MUT; 2C19; 2D6,
,2822,18347,false,false,false,255 255 255 255,false,,,,,,,0,2.97667,2.97667,NCc1cccc(c12)c(F)c3c(N=COCC3)c2[C@H](C45)C(=O)N(CO5)CC4,AIDD_Results trypanosoma scaffold 1,AIDD_Results trypanosoma scaffold 1,0,rat; Xr-; Xm; MUT,
,2823,25008,false,false,false,255 255 255 255,false,,,,,,,1.47739,0.5,2.97739,CN(C)CCC(C)CNc(cc1)c(cc1CC)S(=O)C2=CN=CN(CN)C(=O)C2,AIDD_Results trypanosoma scaffold 1,AIDD_Results trypanosoma scaffold 1,0,Size; RotB; ch; Xm-; 2C19,
,2824,18655,false,false,false,255 255 255 255,false,,,,,,,0,2.66381,2.97825,C1CN(CC2)C[C@@H](C12F)C#CN3C(c4ncon4)=COc(c35)oc(=O)cc5,AIDD_Results trypanosoma scaffold 1,AIDD_Results trypanosoma scaffold 1,0,hERG; Xr-; HEPX; MUT; 2D6,
,2825,23473,false,false,false,255 255 255 255,false,,,,,,,1.47794,1.5,2.97794,n1coc(c12)c3c(CN=CC3=O)c(c2NCC(=O)C)Sc(c4Cl)ccn(c4=O)C(=O)CN,AIDD_Results trypanosoma scaffold 1,AIDD_Results trypanosoma scaffold 1,0,Size; ch; Xm-; MUT,
,2826,14843,false,false,false,255 255 255 255,false,,,,,,,1.32688,1.08744,2.97859,CCN(CN)C(C1)=C(NC(=O)C)N(n(c12)c(=O)ccc2)C[C@H](C34)CN(CC4)C(C3)c5c[nH]cn5,AIDD_Results trypanosoma scaffold 1,AIDD_Results trypanosoma scaffold 1,0,Size; HBD; ch; rat; Xr-; Xm+; 3A4,
,2827,23092,false,false,false,255 255 255 255,false,,,,,,,1.80695,1.17829,2.98524,N#CC1SC(C(=O)CN)C(CC)C(=C12)N(C(=O)C)C3C2c4c(cccc4)CC3C(=O)CN5C=NCN5,AIDD_Results trypanosoma scaffold 1,AIDD_Results trypanosoma scaffold 1,0,Size; ch; Peff; rat; Xr+; Xm+,
,2828,6392,false,false,false,255 255 255 255,false,,,,,,,0.494017,0.5,2.99402,O=C(O)C(C)C/C=C/c(c1C(=O)O)c(ccc1Cl)Sc2ccccc2,AIDD_Results trypanosoma scaffold 1,AIDD_Results trypanosoma scaffold 1,0,Kow; fu; Xm+; 2C9,
,2829,12368,false,false,false,255 255 255 255,false,,,,,,,0,0.997387,2.99739,C1CN(CC2)C[C@@H](C12)CCn(c(NC)c3CN)c(c34)cccc4,AIDD_Results trypanosoma scaffold 1,AIDD_Results trypanosoma scaffold 1,0,rat; Xm+; 2C19; 2D6,
,2830,10591,false,false,false,255 255 255 255,false,,,,,,,0.497689,1.5,2.99769,C1CN(CC2)C[C@@H](C12)C(O)S(=O)c3cc(cc(c34)[nH]cc4)Sc5ccccc5,AIDD_Results trypanosoma scaffold 1,AIDD_Results trypanosoma scaffold 1,0,Sw; Xr-; Xm; 2C19,
,2831,14610,false,false,false,255 255 255 255,false,,,,,,,2.49934,0.5,2.99934,n1coc(c12)c3c(cc2C(=O)O)Sc4c(c(C(F)(F)F)oc(=O)c4)N3CCCN5CCNCC5=O,AIDD_Results trypanosoma scaffold 1,AIDD_Results trypanosoma scaffold 1,0,Size; HBA; ch; Peff; Xr-,
,2832,2657,false,false,false,255 255 255 255,false,,,,,,,0,3,3,CS(=O)(=O)N(CC1)C(=C12)Sc3n(N2)c(=O)ccc3,AIDD_Results trypanosoma scaffold 1,AIDD_Results trypanosoma scaffold 1,0,Xm; HEPX; MUT,
,2833,6322,false,false,false,255 255 255 255,false,,,,,,,0,3,3,O=c1ocnc(c12)c(C)n3c2CN=CN3,AIDD_Results trypanosoma scaffold 1,AIDD_Results trypanosoma scaffold 1,0,Xm; HEPX; MUT,
,2834,4427,false,false,false,255 255 255 255,false,,,,,,,0,1.5,3,CN(C)CCCN1n(c(=O)c(C(F)(F)F)cn2)c2S(=O)c(c13)cc(F)c(c3)CN,AIDD_Results trypanosoma scaffold 1,AIDD_Results trypanosoma scaffold 1,0,fu-; Vd-; Xm+; HEPX; CL-,
,2835,4194,false,false,false,255 255 255 255,false,,,,,,,1,2,3,C1CN=CC=C1C2CCC(=O)C(N3CCN(C)C)=C2S(=O)(=O)c(c34)ccc(Cl)c4C5=CCNCC5,AIDD_Results trypanosoma scaffold 1,AIDD_Results trypanosoma scaffold 1,0,Size; Xr-; Xm+; HEPX,
,2836,1650,false,false,false,255 255 255 255,false,,,,,,,2,1,3,COc(cc1)cc(c12)OS(=O)(=O)C=C2C[N+]3(C)C=CC(C3)N(C=CC4)c(c45)cc(Cl)c(c5)[N+]([O-])=O,AIDD_Results trypanosoma scaffold 1,AIDD_Results trypanosoma scaffold 1,0,Size; Peff; Xr-; Xm-,
,2837,4578,false,false,false,255 255 255 255,false,,,,,,,2,1,3,[nH]1c(Cl)ccc1C[N+](C)(C)Cc2c(cc(O)cc2)N(n(c34)c(=O)c(Cl)cn3)C5C(N4)CCOC5,AIDD_Results trypanosoma scaffold 1,AIDD_Results trypanosoma scaffold 1,0,Size; Peff; Xr-; Xm+,
,2838,3617,false,false,false,255 255 255 255,false,,,,,,,2,1,3,Clc1ccn(c1)C[N+](C)(C)CCC(C)N2n(c(=O)c(Cl)cn3)c3SC4C2COc(c45)nc[nH]5,AIDD_Results trypanosoma scaffold 1,AIDD_Results trypanosoma scaffold 1,0,Size; Peff; Xr-; Xm+,
,2839,7543,false,false,false,255 255 255 255,false,,,,,,,0,3,3,N#CCC(C12)CN(CC2)C[C@@H]1CN3N(C(=O)C=C4)C4OC(=C35)NCC5,AIDD_Results trypanosoma scaffold 1,AIDD_Results trypanosoma scaffold 1,0,Xr-; Xm-; HEPX; MUT,
,2840,7919,false,false,false,255 255 255 255,false,,,,,,,0,1.5,3,CN(C)CCCN1c(cc(C(F)(F)F)cc2)c2S(=O)c(c13)ncn(c3=O)CN,AIDD_Results trypanosoma scaffold 1,AIDD_Results trypanosoma scaffold 1,0,fu-; Vd-; Xm-; HEPX; CL-,
,2841,8025,false,false,false,255 255 255 255,false,,,,,,,2,1,3,c1cc(Cl)cc(S2)c1N(c(c23)n(C(=O)N)ccc3=O)C(C#N)OC[N+](C)(C)Cn4cnccc4=S,AIDD_Results trypanosoma scaffold 1,AIDD_Results trypanosoma scaffold 1,0,Size; Peff; Xr-; Xm+,
,2842,8213,false,false,false,255 255 255 255,false,,,,,,,0,3,3,N#CCC(C12)CN(CC2)C[C@@H]1CN3N(C(=O)C=C4)C4OC(=C35)N=CC5,AIDD_Results trypanosoma scaffold 1,AIDD_Results trypanosoma scaffold 1,0,Xr-; Xm-; HEPX; MUT,
,2843,8483,false,false,false,255 255 255 255,false,,,,,,,0,3,3,C1CN(CC2)C(CC12)C#CN3N(c4ncon4)C(=O)SC(=C35)OCC=C5,AIDD_Results trypanosoma scaffold 1,AIDD_Results trypanosoma scaffold 1,0,Xr-; Xm+; HEPX; MUT,
,2844,9234,false,false,false,255 255 255 255,false,,,,,,,0,2,3,NCc(c1)ccc2n(c(c3c12)c(=O)cco3)C[C@H](C45)CN(CC4)CC5,AIDD_Results trypanosoma scaffold 1,AIDD_Results trypanosoma scaffold 1,0,Xr-; Xm-; MUT; 2D6,
,2845,9431,false,false,false,255 255 255 255,false,,,,,,,0,3,3,C1=CC(=O)COC(=C12)N(C#CCN(C)C)n3c(S2)cc(=O)c(F)c3,AIDD_Results trypanosoma scaffold 1,AIDD_Results trypanosoma scaffold 1,0,Xm; HEPX; MUT,
,2846,9507,false,false,false,255 255 255 255,false,,,,,,,0,3,3,N#CCC(C12)CN(CC2)C[C@@H]1CN3N(C(=O)C=C4)C4OC(C35)N=CC5,AIDD_Results trypanosoma scaffold 1,AIDD_Results trypanosoma scaffold 1,0,Xr-; Xm-; HEPX; MUT,
,2847,10211,false,false,false,255 255 255 255,false,,,,,,,0,3,3,O=C1CCCc(c12)c(C)n3c2CN=CN3,AIDD_Results trypanosoma scaffold 1,AIDD_Results trypanosoma scaffold 1,0,Xm; HEPX; MUT,
,2848,10269,false,false,false,255 255 255 255,false,,,,,,,0,3,3,O1CN(C)CC1C(=O)CN(c(cc2)c3c(c24)ocn4)N5C(C3=O)=NC(C)=CC(=O)C5,AIDD_Results trypanosoma scaffold 1,AIDD_Results trypanosoma scaffold 1,0,Xr-; Xm+; HEPX; MUT,
,2849,11089,false,false,false,255 255 255 255,false,,,,,,,0,3,3,CCN1COCC1CN2N(C(=S)C(C)CN3)C=3C(=O)c4c2ccc(c45)nco5,AIDD_Results trypanosoma scaffold 1,AIDD_Results trypanosoma scaffold 1,0,Xr-; Xm+; HEPX; MUT,
,2850,11165,false,false,false,255 255 255 255,false,,,,,,,0,3,3,C1CN(CC2)C(CC12)C#CN3N(c4ncno4)C(=O)SC(=C35)OCC=C5,AIDD_Results trypanosoma scaffold 1,AIDD_Results trypanosoma scaffold 1,0,Xr-; Xm+; HEPX; MUT,
,2851,11280,false,false,false,255 255 255 255,false,,,,,,,0,1.5,3,FC(F)(F)c(c1)c(C)nc(c12)S(=O)c3n(c(=O)cc(c3)CN)N2CCCN(C)C,AIDD_Results trypanosoma scaffold 1,AIDD_Results trypanosoma scaffold 1,0,fu-; Vd-; Xm+; HEPX; CL-,
,2852,11531,false,false,false,255 255 255 255,false,,,,,,,0,3,3,C1CN(CC2)C[C@@H](C12F)C(=O)N(C(=C34)CCC=C4)N5C3=CC(=O)CN=C5,AIDD_Results trypanosoma scaffold 1,AIDD_Results trypanosoma scaffold 1,0,Xr+; Xm-; HEPX; MUT,
,2853,12238,false,false,false,255 255 255 255,false,,,,,,,0,3,3,C1CN(CC2)C[C@@H](C12)N(C=C(S3)C#N)N(C3=4)S(=O)(=O)C=CC4,AIDD_Results trypanosoma scaffold 1,AIDD_Results trypanosoma scaffold 1,0,Xr-; Xm+; HEPX; MUT,
,2854,12427,false,false,false,255 255 255 255,false,,,,,,,0,2,3,N#CC(C1)N(CC2)C[C@@H](C12)CN3N(C(=O)CCC4)C4SC(C35)NCC5NC(=O)C,AIDD_Results trypanosoma scaffold 1,AIDD_Results trypanosoma scaffold 1,0,Xr-; Xm-; HEPX; 3A4,
,2855,13025,false,false,false,255 255 255 255,false,,,,,,,0,3,3,N#CC(C1)NC(=C12)Cc3n(N2)c(=O)ccc3,AIDD_Results trypanosoma scaffold 1,AIDD_Results trypanosoma scaffold 1,0,Xm; HEPX; MUT,
,2856,13268,false,false,false,255 255 255 255,false,,,,,,,0,3,3,C1CNC(=C12)Cc3n(N2)c(=O)ccc3,AIDD_Results trypanosoma scaffold 1,AIDD_Results trypanosoma scaffold 1,0,Xm; HEPX; MUT,
,2857,13441,false,false,false,255 255 255 255,false,,,,,,,0,3,3,O=C1CCCc(c12)c(F)n3c2CN=CN3,AIDD_Results trypanosoma scaffold 1,AIDD_Results trypanosoma scaffold 1,0,Xm; HEPX; MUT,
,2858,13683,false,false,false,255 255 255 255,false,,,,,,,0,3,3,C1CN(CC2)C[C@@H](C12)CN3N(C(=O)C=C4)C4OC(=C35)N=CC5,AIDD_Results trypanosoma scaffold 1,AIDD_Results trypanosoma scaffold 1,0,Xr-; Xm-; HEPX; MUT,
,2859,13900,false,false,false,255 255 255 255,false,,,,,,,0,3,3,c1coc(c12)c3n(C(C2)O)c(=O)cnn3,AIDD_Results trypanosoma scaffold 1,AIDD_Results trypanosoma scaffold 1,0,Xm; HEPX; MUT,
,2860,13953,false,false,false,255 255 255 255,false,,,,,,,0,3,3,CC(=O)Nc1nnc(o1)N(N2)C(=O)OC(=C23)OCC=C3,AIDD_Results trypanosoma scaffold 1,AIDD_Results trypanosoma scaffold 1,0,Xm; HEPX; MUT,
,2861,14561,false,false,false,255 255 255 255,false,,,,,,,0,3,3,C1CN(CC2)C=C(C12)C(C#N)N(C=CS3)N(C34)C(CN)OC=C4,AIDD_Results trypanosoma scaffold 1,AIDD_Results trypanosoma scaffold 1,0,Xr-; Xm+; HEPX; MUT,
,2862,14773,false,false,false,255 255 255 255,false,,,,,,,2,1,3,CS(=O)(=O)Nc(c1)c(C(=O)C)cc(N2C(C)=N)c1Nc(c23)ncn(c3=O)C(=O)C,AIDD_Results trypanosoma scaffold 1,AIDD_Results trypanosoma scaffold 1,0,HBA; ch; Xr-; Xm-,
,2863,15567,false,false,false,255 255 255 255,false,,,,,,,0,3,3,C1CNC(C12)OC3N(N2)C(=S)C=CC3,AIDD_Results trypanosoma scaffold 1,AIDD_Results trypanosoma scaffold 1,0,Xm; HEPX; MUT,
,2864,16037,false,false,false,255 255 255 255,false,,,,,,,0,2.5,3,C1CC(=O)C=c(c=12)n3n(c2=O)ccoc3=O,AIDD_Results trypanosoma scaffold 1,AIDD_Results trypanosoma scaffold 1,0,Xr-; HEPX; MUT; CL-,
,2865,16643,false,false,false,255 255 255 255,false,,,,,,,0,3,3,C1CN(CC2)C[C@@H](C12)CN3C(CC=CC4)C=4CN(C35)CCO5,AIDD_Results trypanosoma scaffold 1,AIDD_Results trypanosoma scaffold 1,0,Xr-; Xm-; HEPX; MUT,
,2866,16687,false,false,false,255 255 255 255,false,,,,,,,2,1,3,O1CCN(C(=O)C)C1c(c(=O)oc2)c(c23)N4N(C3)c5c(OC4=O)nc(o5)C(=O)O,AIDD_Results trypanosoma scaffold 1,AIDD_Results trypanosoma scaffold 1,0,HBA; ch; Xr-; Xm-,
,2867,16691,false,false,false,255 255 255 255,false,,,,,,,0,3,3,CC(=O)N(C1=O)CC(=C12)Sc3n(N2CC)cc(c3)C=N,AIDD_Results trypanosoma scaffold 1,AIDD_Results trypanosoma scaffold 1,0,Xm; HEPX; MUT,
,2868,16755,false,false,false,255 255 255 255,false,,,,,,,0,3,3,C1CN(CO2)C[C@@H](C12)CN3C(CC=CC4)C=4CN(C35)CCC5,AIDD_Results trypanosoma scaffold 1,AIDD_Results trypanosoma scaffold 1,0,Xr-; Xm-; HEPX; MUT,
,2869,16775,false,false,false,255 255 255 255,false,,,,,,,0,2,3,c1ccc(S(=O)C)c(c12)n(nc2)C[C@H](C3CC4)CN4C(C35)CCC5,AIDD_Results trypanosoma scaffold 1,AIDD_Results trypanosoma scaffold 1,0,Xr-; Xm+; MUT; 2C19,
,2870,17198,false,false,false,255 255 255 255,false,,,,,,,0,3,3,C1CN(CC2)C(=CC12)C=3N(C(=O)CC(C4)O)C4N(C35)C(=O)OC=N5,AIDD_Results trypanosoma scaffold 1,AIDD_Results trypanosoma scaffold 1,0,Xr-; Xm-; HEPX; MUT,
,2871,17432,false,false,false,255 255 255 255,false,,,,,,,0,3,3,C1CN(CC2)C[C@@H](C12)CN3C(CN=CC4)C=4CN(C35)CCC5,AIDD_Results trypanosoma scaffold 1,AIDD_Results trypanosoma scaffold 1,0,Xr-; Xm+; HEPX; MUT,
,2872,17538,false,false,false,255 255 255 255,false,,,,,,,0,2,3,O=C1COCc(c12)c(C(C34)CN(CO4)CC3)n5c2CCC=N5,AIDD_Results trypanosoma scaffold 1,AIDD_Results trypanosoma scaffold 1,0,Xr-; Xm+; MUT; 2D6,
,2873,17677,false,false,false,255 255 255 255,false,,,,,,,0,0.5,3,C1CN(CC2)C[C@@H](C12)CCC(N)c3c(cccc3)SCC4=CCNCO4,AIDD_Results trypanosoma scaffold 1,AIDD_Results trypanosoma scaffold 1,0,Xm+; 2C19; 2D6; CL-,
,2874,18002,false,false,false,255 255 255 255,false,,,,,,,0,1.5,3,C1CN(CC2)C[C@@H](C12)C#CC3C=CC(NC(=O)C)CC3NC,AIDD_Results trypanosoma scaffold 1,AIDD_Results trypanosoma scaffold 1,0,Xm+; MUT; 2D6; CL-,
,2875,18097,false,false,false,255 255 255 255,false,,,,,,,0,2,3,CN1COC(C12)CC3C(C2)N(C)n4c(C3=O)ncc(F)c4=O,AIDD_Results trypanosoma scaffold 1,AIDD_Results trypanosoma scaffold 1,0,HEPX; MUT; 1A2,
,2876,18107,false,false,false,255 255 255 255,false,,,,,,,0,2,3,C1OC(=O)CC(C=12)N3C(=C2)N=COC3,AIDD_Results trypanosoma scaffold 1,AIDD_Results trypanosoma scaffold 1,0,HEPX; MUT; 1A2,
,2877,18325,false,false,false,255 255 255 255,false,,,,,,,0,3,3,C1CN(CC2)C[C@@H](C12)CN(C3COC=C4)C(C5=C34)NC=NC5,AIDD_Results trypanosoma scaffold 1,AIDD_Results trypanosoma scaffold 1,0,Xr-; Xm+; HEPX; MUT,
,2878,18405,false,false,false,255 255 255 255,false,,,,,,,0,3,3,C1CN(C2)C[C@@H](C12)CN3C(CC=CC4)C=4CN(C35)CCO5,AIDD_Results trypanosoma scaffold 1,AIDD_Results trypanosoma scaffold 1,0,Xr-; Xm-; HEPX; MUT,
,2879,18807,false,false,false,255 255 255 255,false,,,,,,,0,3,3,CCCN(C1)CN(C(C1=2)CN=CC2)C[C@H](C34)CN(CC3)CC4,AIDD_Results trypanosoma scaffold 1,AIDD_Results trypanosoma scaffold 1,0,Xr-; Xm+; HEPX; MUT,
,2880,18968,false,false,false,255 255 255 255,false,,,,,,,0,2,3,c1ccc(S(=O)C)c(c12)n(nc2)C[C@H](C3CC4)CN4C(C35)CC5,AIDD_Results trypanosoma scaffold 1,AIDD_Results trypanosoma scaffold 1,0,Xr-; Xm+; MUT; 2C19,
,2881,19001,false,false,false,255 255 255 255,false,,,,,,,0,1.5,3,Cc1cc(C(F)(F)F)cc(c12)N(C3CCN(C)CO3)n4c(S2=O)ncc(c4=O)CN,AIDD_Results trypanosoma scaffold 1,AIDD_Results trypanosoma scaffold 1,0,fu-; Vd-; Xm+; HEPX; CL-,
,2882,19013,false,false,false,255 255 255 255,false,,,,,,,1,2,3,CN1C(O)CCC1C2n(c(=O)cc(n3)C)c3C(=O)n(c24)c(=O)ccc4[N+]([O-])=O,AIDD_Results trypanosoma scaffold 1,AIDD_Results trypanosoma scaffold 1,0,ch; HEPX; MUT,
,2883,19150,false,false,false,255 255 255 255,false,,,,,,,0,3,3,c1ccc(=O)n(c12)NC=CS2,AIDD_Results trypanosoma scaffold 1,AIDD_Results trypanosoma scaffold 1,0,Xm; HEPX; MUT,
,2884,19367,false,false,false,255 255 255 255,false,,,,,,,0,3,3,C1CN(CC2)CC(C12)CC3N=C(c(n4)occ4[N+]([O-])=O)SC(=C35)OCC=C5,AIDD_Results trypanosoma scaffold 1,AIDD_Results trypanosoma scaffold 1,0,Xr-; Xm+; HEPX; MUT,
,2885,19379,false,false,false,255 255 255 255,false,,,,,,,2,1,3,n1cncn1CC(=O)n(c(c23)cc(c2=O)C(=O)CF)c4c(s3)ncn(c4=O)C(=O)Cc5ccco5,AIDD_Results trypanosoma scaffold 1,AIDD_Results trypanosoma scaffold 1,0,Size; ch; Xr-; Xm+,
,2886,19452,false,false,false,255 255 255 255,false,,,,,,,0,3,3,C1CN(CC2)C(CC12)CN(C=CS3)N(C3=O)c4conn4,AIDD_Results trypanosoma scaffold 1,AIDD_Results trypanosoma scaffold 1,0,Xr-; Xm+; HEPX; MUT,
,2887,19487,false,false,false,255 255 255 255,false,,,,,,,0,3,3,C1CN(CC2)C[C@@H](C12)CN(C3COC=C4)C(C5=C34)OC=NC5,AIDD_Results trypanosoma scaffold 1,AIDD_Results trypanosoma scaffold 1,0,Xr-; Xm-; HEPX; MUT,
,2888,19504,false,false,false,255 255 255 255,false,,,,,,,0,3,3,c1onc(c12)c3c(cc2)N(CC(C4=O)CCN4)N5C(C3=O)=NC=C(C)C(=O)C5,AIDD_Results trypanosoma scaffold 1,AIDD_Results trypanosoma scaffold 1,0,Xr-; Xm+; HEPX; MUT,
,2889,19598,false,false,false,255 255 255 255,false,,,,,,,0,3,3,C1CN(CC2)C[C@@H](C12)CN(n(c34)c(=O)ccc3)C(=CC4)N5CNCC5C,AIDD_Results trypanosoma scaffold 1,AIDD_Results trypanosoma scaffold 1,0,rat; Xr-; Xm+; HEPX,
,2890,19861,false,false,false,255 255 255 255,false,,,,,,,0,2,3,c1cccc(c12)cc3c(c2F)C(=O)COC=N3,AIDD_Results trypanosoma scaffold 1,AIDD_Results trypanosoma scaffold 1,0,HEPX; MUT; 1A2,
,2891,20003,false,false,false,255 255 255 255,false,,,,,,,0,2,3,CN1COC(C12)OC3C(C2)N(C)n4c(C3=O)ncc(F)c4=O,AIDD_Results trypanosoma scaffold 1,AIDD_Results trypanosoma scaffold 1,0,HEPX; MUT; 1A2,
,2892,20154,false,false,false,255 255 255 255,false,,,,,,,0,2,3,O=c1c(F)c(C(=O)C)nc(O2)n1N(C)C(=C23)N4C(C3=O)OCC4=O,AIDD_Results trypanosoma scaffold 1,AIDD_Results trypanosoma scaffold 1,0,Xr-; Xm-; MUT; 1A2,
,2893,20361,false,false,false,255 255 255 255,false,,,,,,,0,1,3,C1=C(Cl)C(C(=O)O)CC(N2)=C1Oc(c23)ccc(c3)CCC,AIDD_Results trypanosoma scaffold 1,AIDD_Results trypanosoma scaffold 1,0,fu; MUT; 2C9,
,2894,20372,false,false,false,255 255 255 255,false,,,,,,,0,1.5,3,Cc1cc(C(F)(F)F)cc(c12)N(CCCN(C)C)n3c(S2=O)cc(=O)n(c3=O)CN,AIDD_Results trypanosoma scaffold 1,AIDD_Results trypanosoma scaffold 1,0,fu-; Vd-; Xm+; HEPX; CL-,
,2895,20621,false,false,false,255 255 255 255,false,,,,,,,0,3,3,O1CN(C)CC1C(=O)N2N(CC(=O)C(C)=CN3)C=3C(=O)c4c2c(F)cc(c45)nco5,AIDD_Results trypanosoma scaffold 1,AIDD_Results trypanosoma scaffold 1,0,Xr-; Xm+; HEPX; MUT,
,2896,20652,false,false,false,255 255 255 255,false,,,,,,,0,2,3,CC(O1)CNCC1C(=O)N2N(CC(=O)C(F)=CN3)C=3Oc4c2ccc(c45)nsc5,AIDD_Results trypanosoma scaffold 1,AIDD_Results trypanosoma scaffold 1,0,Xr+; Xm-; MUT; 1A2,
,2897,21009,false,false,false,255 255 255 255,false,,,,,,,0,3,3,CC(=O)NC(C1)N(CC2)C[C@@H](C12)C(=O)N(N=C3)C(C3=4)OCC(=O)C4,AIDD_Results trypanosoma scaffold 1,AIDD_Results trypanosoma scaffold 1,0,Xr; HEPX; MUT,
,2898,21138,false,false,false,255 255 255 255,false,,,,,,,0,0.5,3,FC(F)(F)c1cccc(c12)S(=O)c3c(c(=O)n(cn3)CN)C2CCCN(C)C,AIDD_Results trypanosoma scaffold 1,AIDD_Results trypanosoma scaffold 1,0,fu-; Vd-; Xm-; 2C19; CL-,
,2899,21144,false,false,false,255 255 255 255,false,,,,,,,1,1,3,C[N+](C)(C)C#CC(=O)n(c1ccnc2)c(c3c12)C=CCC3C(C4=O)CCC4,AIDD_Results trypanosoma scaffold 1,AIDD_Results trypanosoma scaffold 1,0,Peff; MUT; 2D6,
,2900,21281,false,false,false,255 255 255 255,false,,,,,,,0,3,3,C1CN(C2)C[C@@H](C12)CCN3C(CC=CC4)C=4CN(C35)CCO5,AIDD_Results trypanosoma scaffold 1,AIDD_Results trypanosoma scaffold 1,0,Xr-; Xm-; HEPX; MUT,
,2901,21478,false,false,false,255 255 255 255,false,,,,,,,0,1.5,3,FC(F)(F)c(c1)n(C)c(c12)S(=O)c3n(c(=O)n(CN)c(=O)c3)N2CCCN(C)C,AIDD_Results trypanosoma scaffold 1,AIDD_Results trypanosoma scaffold 1,0,fu-; Vd-; Xm+; HEPX; CL-,
,2902,21544,false,false,false,255 255 255 255,false,,,,,,,0,3,3,O=c1scnc(c12)c(C)n3c2CN=CN3,AIDD_Results trypanosoma scaffold 1,AIDD_Results trypanosoma scaffold 1,0,Xm; HEPX; MUT,
,2903,21572,false,false,false,255 255 255 255,false,,,,,,,0,3,3,CN1CCC1C(=O)N2N(CC(=O)C=C(N3)C)C=3C(=O)c4c2ccc(c45)nco5,AIDD_Results trypanosoma scaffold 1,AIDD_Results trypanosoma scaffold 1,0,Xr-; Xm-; HEPX; MUT,
,2904,21924,false,false,false,255 255 255 255,false,,,,,,,0,2,3,C/C=C(C=N1)/C(=O)c(c1c23)n(C=O)c2cccc3,AIDD_Results trypanosoma scaffold 1,AIDD_Results trypanosoma scaffold 1,0,HEPX; MUT; 1A2,
,2905,21992,false,false,false,255 255 255 255,false,,,,,,,2,1,3,o1cccc1-c(c2)n(C(=O)CN)c(=O)c(Cl)c2Cc(c3CN=CC4=O)c(NC(=O)C)c(c5c34)nccc5,AIDD_Results trypanosoma scaffold 1,AIDD_Results trypanosoma scaffold 1,0,Size; ch; Xr-; Xm-,
,2906,22059,false,false,false,255 255 255 255,false,,,,,,,0,2,3,O=c1c(C)cnc(C2=O)n1N(C)C3CC(C4C23)N(C)CO4,AIDD_Results trypanosoma scaffold 1,AIDD_Results trypanosoma scaffold 1,0,HEPX; MUT; 1A2,
,2907,22472,false,false,false,255 255 255 255,false,,,,,,,0,3,3,O=C1C=CCc(c12)c(F)n3c2CN=CN3,AIDD_Results trypanosoma scaffold 1,AIDD_Results trypanosoma scaffold 1,0,Xm; HEPX; MUT,
,2908,22642,false,false,false,255 255 255 255,false,,,,,,,0,2,3,c1cccc(c12)cc3c(c2F)CCOC=N3,AIDD_Results trypanosoma scaffold 1,AIDD_Results trypanosoma scaffold 1,0,HEPX; MUT; 1A2,
,2909,22986,false,false,false,255 255 255 255,false,,,,,,,1,2,3,N#CC1=CC(C(=O)C)CC(N(C=O)C2)=C1Sc(c23)ncn(c3=O)C(=O)C(C4)=CCN(C45C)CCC5,AIDD_Results trypanosoma scaffold 1,AIDD_Results trypanosoma scaffold 1,0,Size; Xr+; Xm+; HEPX,
,2910,23434,false,false,false,255 255 255 255,false,,,,,,,0,2,3,C1CN(C)C(=C12)C=CC(=O)C2,AIDD_Results trypanosoma scaffold 1,AIDD_Results trypanosoma scaffold 1,0,HEPX; MUT; 1A2,
,2911,23645,false,false,false,255 255 255 255,false,,,,,,,0,3,3,N#CC1C(=O)CCC(C=12)N3C(N=COCC3=O)=C2C4CN(CC5)CC(=O)C45,AIDD_Results trypanosoma scaffold 1,AIDD_Results trypanosoma scaffold 1,0,Xr-; Xm-; HEPX; MUT,
,2912,23948,false,false,false,255 255 255 255,false,,,,,,,0,3,3,FC1CNC(=C12)Sc3n(N2)c(=O)ccc3,AIDD_Results trypanosoma scaffold 1,AIDD_Results trypanosoma scaffold 1,0,Xm; HEPX; MUT,
,2913,24035,false,false,false,255 255 255 255,false,,,,,,,0,3,3,C1CN(CC2)C[C@@H](C12)CN(C3OC=C4)C(C5=C34)OC=NC5,AIDD_Results trypanosoma scaffold 1,AIDD_Results trypanosoma scaffold 1,0,Xr-; Xm-; HEPX; MUT,
,2914,24038,false,false,false,255 255 255 255,false,,,,,,,0,3,3,C1CN(CC2)C[C@@H](C12)CN(C(=CC3)C(C4C)CNC4)n(c35)c(=O)ccc5,AIDD_Results trypanosoma scaffold 1,AIDD_Results trypanosoma scaffold 1,0,rat; Xr-; Xm+; HEPX,
,2915,24054,false,false,false,255 255 255 255,false,,,,,,,1,2,3,O=c1ccnc(C2=O)n1C(C3CCC(O)N3C)c(c4[N+]([O-])=O)n2c(=O)c(c45)CCC5,AIDD_Results trypanosoma scaffold 1,AIDD_Results trypanosoma scaffold 1,0,ch; Xr-; Xm-; MUT,
,2916,24509,false,false,false,255 255 255 255,false,,,,,,,0,3,3,CN1CCCC1(C)n2c(c(Cl)ccn3)c3oc(c(=O)c4[N+]([O-])=O)c2n(c45)c(=O)cc5,AIDD_Results trypanosoma scaffold 1,AIDD_Results trypanosoma scaffold 1,0,Xr-; Xm-; HEPX; MUT,
,2917,24712,false,false,false,255 255 255 255,false,,,,,,,0,3,3,O=C1C=CCc(c12)c(C)n3c2CN=CN3,AIDD_Results trypanosoma scaffold 1,AIDD_Results trypanosoma scaffold 1,0,Xm; HEPX; MUT,
,2918,24894,false,false,false,255 255 255 255,false,,,,,,,0,3,3,CC1CN(CC2)C(=CC12)C=3N(C(=O)CC(C4)O)C4N(C35)C(=O)OC=N5,AIDD_Results trypanosoma scaffold 1,AIDD_Results trypanosoma scaffold 1,0,Xr-; Xm-; HEPX; MUT,
,2919,25398,false,false,false,255 255 255 255,false,,,,,,,0,3,3,O=c1oc(Cl)c(C#N)n(c2=O)n1c(c23)ccc(=O)s3,AIDD_Results trypanosoma scaffold 1,AIDD_Results trypanosoma scaffold 1,0,Xm; HEPX; MUT,
,2920,14169,false,false,false,255 255 255 255,false,,,,,,,0,2.1194,3.00529,N#Cc1cccc(c12)SC=NN2C(=O)C[C@H](C34)CN(CC3)CC4,AIDD_Results trypanosoma scaffold 1,AIDD_Results trypanosoma scaffold 1,0,hERG; Xm; MUT; 2C19,
,2921,15788,false,false,false,255 255 255 255,false,,,,,,,0,0.5,3.00966,C1CN(CC2)CC(/C12)=C\Cc(cc3)cc(c34)NC=NC4,AIDD_Results trypanosoma scaffold 1,AIDD_Results trypanosoma scaffold 1,0,Vd; Xm+; 2C19; 2D6,
,2922,16153,false,false,false,255 255 255 255,false,,,,,,,0.543719,1.5,3.01597,CC(=O)Nc1[nH]cc(c12)Sc3n(c(=O)ccc3)N2C[C@@H](C4)N(CC5)C(C=C45)NCCO,AIDD_Results trypanosoma scaffold 1,AIDD_Results trypanosoma scaffold 1,0,Size; HBD; Xr-; Xm; 3A4,
,2923,20357,false,false,false,255 255 255 255,false,,,,,,,1.01645,1,3.01645,Cc1c(C#N)[nH]c(c12)S(=O)C3C(N2CCCN(C)C)CC(CN)CC3c4cnc[nH]4,AIDD_Results trypanosoma scaffold 1,AIDD_Results trypanosoma scaffold 1,0,HBD; Peff; Xr-; Xm+; 2C19,
,2924,14825,false,false,false,255 255 255 255,false,,,,,,,1.51865,1.5,3.01865,C1CNCC=C1C(N(C)C)CCN(c(c23)nccc2)N4C(S3(=O)=O)COC(F)C4=O,AIDD_Results trypanosoma scaffold 1,AIDD_Results trypanosoma scaffold 1,0,HBA; Peff; Xr; Xm+,
,2925,8950,false,false,false,255 255 255 255,false,,,,,,,0,1,3.02101,C/C=C/c(c1)ccc(c12)N(C3C2CNC3)C[C@H](C45)CN(CC4)CC5,AIDD_Results trypanosoma scaffold 1,AIDD_Results trypanosoma scaffold 1,0,Vd; Xr-; Xm+; 2C19; 2D6,
,2926,7297,false,false,false,255 255 255 255,false,,,,,,,0.322671,2,3.02289,O=c1ccnc2n1n(C#CCN(C)C)c(c23)c(Cl)cc(c3)-n4cncn4,AIDD_Results trypanosoma scaffold 1,AIDD_Results trypanosoma scaffold 1,0,Sw; Xr-; Xm+; MUT; 1A2,
,2927,4019,false,false,false,255 255 255 255,false,,,,,,,1.00739,0.5,3.02528,O=C(O)c1c(Cl)ccc(c12)Sc3c(C/2=C\C)c4c(c(c3)C(=O)O)cccc4,AIDD_Results trypanosoma scaffold 1,AIDD_Results trypanosoma scaffold 1,0,Kow; Sw; fu; Xm+; 1A2; 2C9,
,2928,3287,false,false,false,255 255 255 255,false,,,,,,,0,2.60028,3.02721,OC(F)(F)c(c1)ccc(c12)SC(=CN2)c(occ3)c3CN4CCNCC4,AIDD_Results trypanosoma scaffold 1,AIDD_Results trypanosoma scaffold 1,0,Vd; hERG; Xr; Xm; 2C19,
,2929,17888,false,false,false,255 255 255 255,false,,,,,,,0.400199,2.62754,3.02774,O=CNC(C)N(CO1)CC1CN2N(C(=O)C(N3)C)C=3C(=O)c4c2ccc(c45)oc(n5)F,AIDD_Results trypanosoma scaffold 1,AIDD_Results trypanosoma scaffold 1,0,Size; HBA; ch; Xr-; Xm; HEPX; MUT,
,2930,13257,false,false,false,255 255 255 255,false,,,,,,,1.5315,1.5,3.0315,O1CNCC1C(=O)N2N(S(=O)(=O)C(C)=CN3)C=3C(=O)c(c4F)c2cc(c45)ocn5,AIDD_Results trypanosoma scaffold 1,AIDD_Results trypanosoma scaffold 1,0,HBA; ch; Xr-; MUT,
,2931,15972,false,false,false,255 255 255 255,false,,,,,,,0.540055,1.5,3.03111,C1CN(CC2)C[C@@H](C12)C(C#N)CN3C(N/C=N/C)Oc(c34)[nH]ccc4=O,AIDD_Results trypanosoma scaffold 1,AIDD_Results trypanosoma scaffold 1,0,Peff; Xm-; MUT; 2D6,
,2932,10845,false,false,false,255 255 255 255,false,,,,,,,0,2.03396,3.03396,C1CN(CC2)C(CC12)C3=C(N=COC4=O)N4C(C3=5)CC(O)CC5,AIDD_Results trypanosoma scaffold 1,AIDD_Results trypanosoma scaffold 1,0,rat; Xr-; HEPX; 2C19,
,2933,12516,false,false,false,255 255 255 255,false,,,,,,,1.5355,1.5,3.0355,O1CNCC1C(=O)N2N(S(=O)(=O)C(C)=CN3)C=3C(=O)c(c4)c2cc(c45)ocn5,AIDD_Results trypanosoma scaffold 1,AIDD_Results trypanosoma scaffold 1,0,HBA; ch; Xr-; MUT,
,2934,22034,false,false,false,255 255 255 255,false,,,,,,,0,2.5,3.03595,O1CNNC1c(cc2)c(=O)n(c23)N(C=CS3)[C@H](C45F)CN(CC4)CC5,AIDD_Results trypanosoma scaffold 1,AIDD_Results trypanosoma scaffold 1,0,Xr-; Xm; MUT; 3A4,
,2935,22311,false,false,false,255 255 255 255,false,,,,,,,0.036,3,3.036,O1CNC(C)C1C(=O)CN(c(cc2F)c3c(c24)ocn4)N5C(C3=O)=NC=CC(=O)C5,AIDD_Results trypanosoma scaffold 1,AIDD_Results trypanosoma scaffold 1,0,ch; Xr-; Xm+; HEPX; MUT,
,2936,9412,false,false,false,255 255 255 255,false,,,,,,,0.540279,2.5,3.04028,C1CN(CC2)C=C(C12)C(C#N)N3C=CSC(C34)C(N)COC4C(=O)N,AIDD_Results trypanosoma scaffold 1,AIDD_Results trypanosoma scaffold 1,0,HBD; Peff; Xr; Xm+; HEPX,
,2937,18636,false,false,false,255 255 255 255,false,,,,,,,1.5455,1.5,3.0455,C1CNCC=C1CC(=O)c(c2)cc([N+]([O-])=O)c3n(C)c(c4c23)cc(cn4)C(=O)CNC(=O)C,AIDD_Results trypanosoma scaffold 1,AIDD_Results trypanosoma scaffold 1,0,Size; ch; Xm-; MUT,
,2938,24718,false,false,false,255 255 255 255,false,,,,,,,0,2.04661,3.04661,C1CN(CC2)C(CC12)/C=C3\N=COC(=O)N3C(C=CC4F)CC4O,AIDD_Results trypanosoma scaffold 1,AIDD_Results trypanosoma scaffold 1,0,Xr; Xm; HEPX; 2C19,
,2939,10500,false,false,false,255 255 255 255,false,,,,,,,0,3.04808,3.04808,O=c1ocnc(c12)c(C(F)(F)F)n3c2CN=CN3,AIDD_Results trypanosoma scaffold 1,AIDD_Results trypanosoma scaffold 1,0,rat; Xr-; Xm; HEPX,
,2940,24807,false,false,false,255 255 255 255,false,,,,,,,0.9455,2,3.04971,O=Cn(c1=O)cnc(S2)c1Nc(c3)c2c([N+]([O-])=O)c(c34)NCC4=O,AIDD_Results trypanosoma scaffold 1,AIDD_Results trypanosoma scaffold 1,0,ch; HEPX; MUT; 1A2,
,2941,11525,false,false,false,255 255 255 255,false,,,,,,,0,2.5,3.05074,Fc1noc(c12)c3c(cc2Cl)N(C)n4c(S3)nc(cc4=O)C5CNCN5,AIDD_Results trypanosoma scaffold 1,AIDD_Results trypanosoma scaffold 1,0,Vd; Xr-; Xm; MUT,
,2942,14449,false,false,false,255 255 255 255,false,,,,,,,0,1,3.05188,CCc1c(C(F)(F)F)ccc(c12)S(=O)c3n(c(=O)c(CO)cc3)N2\C=C\CN(C)C,AIDD_Results trypanosoma scaffold 1,AIDD_Results trypanosoma scaffold 1,0,fu-; Vd-; Xm; 2C9; CL-,
,2943,15207,false,false,false,255 255 255 255,false,,,,,,,0,3.05297,3.05297,C1CN(CC2)C(CC12)C(C)N3N(c4nc(F)on4)C(=O)SC(=C35)OCC=C5,AIDD_Results trypanosoma scaffold 1,AIDD_Results trypanosoma scaffold 1,0,hERG; Xr-; Xm+; HEPX; MUT,
,2944,15928,false,false,false,255 255 255 255,false,,,,,,,1.55617,1.5,3.05617,CCC(O1)NCC1C(=O)N2N(S(=O)(=O)C(C)=CN3)C=3C(=O)c(c4)c2cc(c45)ocn5,AIDD_Results trypanosoma scaffold 1,AIDD_Results trypanosoma scaffold 1,0,HBA; ch; Xr-; MUT,
,2945,18127,false,false,false,255 255 255 255,false,,,,,,,0,1,3.05891,O=C1C=CCN=C2N1N(CCCN(C)C)c(c23)cc(Cl)c(c3)C4CNC=N4,AIDD_Results trypanosoma scaffold 1,AIDD_Results trypanosoma scaffold 1,0,Vd; Xr-; Xm+; 1A2; 2C19; 2D6,
,2946,18071,false,false,false,255 255 255 255,false,,,,,,,2.56284,0.5,3.06284,O=C(O)C1C(=O)NC(=C12)Sc3c(ccc(C(F)(F)F)c3)N2CC(F)CN4CCN(C4)S(=O)(=O)C,AIDD_Results trypanosoma scaffold 1,AIDD_Results trypanosoma scaffold 1,0,Size; HBA; ch; Peff; Xr+,
,2947,21236,false,false,false,255 255 255 255,false,,,,,,,0.2,1.36427,3.06427,Cc1c([N+]([O-])=O)c(CC)cc(c12)N(CCCCN(C)C)n3c(S2=O)cc(CF)cc3=O,AIDD_Results trypanosoma scaffold 1,AIDD_Results trypanosoma scaffold 1,0,Size; fu-; Vd-; Xm; MUT; CL-,
,2948,21659,false,false,false,255 255 255 255,false,,,,,,,1,1,3.06607,CS(=O)(=O)c(cc1)c(Br)c2n(C(=O)CO)c(c3c12)N(C=CS3)C(N45)CN(CC4)CC5,AIDD_Results trypanosoma scaffold 1,AIDD_Results trypanosoma scaffold 1,0,Size; Xr-; Xm-; 3A4; CL-,
,2949,24278,false,false,false,255 255 255 255,false,,,,,,,0.2,1.36833,3.06833,CN(C)CC(=O)CN(n(c12)c(=O)c(CN)cc1)C3C(S2=O)C(C)=CCC(C(F)(F)F)=C3,AIDD_Results trypanosoma scaffold 1,AIDD_Results trypanosoma scaffold 1,0,Size; fu-; Vd-; Xr; Xm+; CL-,
,2950,14017,false,false,false,255 255 255 255,false,,,,,,,0.0719546,2,3.07195,s1cnn2c(=O)cc(c3c12)N(C(=O)C4CNC(O4)C)N5C(O3)=NC=C(F)C(=O)C5,AIDD_Results trypanosoma scaffold 1,AIDD_Results trypanosoma scaffold 1,0,HBA; Xr+; Xm+; MUT; 1A2,
,2951,22322,false,false,false,255 255 255 255,false,,,,,,,0.0570652,1.01588,3.07294,N=C(N)c1cccc(c12)SC3C(N(CC)COC3)C(C2O)C[C@H](C45)CN(CC4)CC5,AIDD_Results trypanosoma scaffold 1,AIDD_Results trypanosoma scaffold 1,0,HBD; rat; Xr-; Xm+; 2C19; 3A4,
,2952,23232,false,false,false,255 255 255 255,false,,,,,,,0.275208,2.80153,3.07674,[O-][N+](=O)c(c1)cc(S(=O)C)c(c12)n(nc2)C(CN)[C@H](C3CC4)CN4C(C35)CCC5,AIDD_Results trypanosoma scaffold 1,AIDD_Results trypanosoma scaffold 1,0,Peff; rat; Xr-; Xm+; MUT,
,2953,18511,false,false,false,255 255 255 255,false,,,,,,,2.07932,1,3.07932,NCC(=O)c1n(S(=O)(=O)C)cc(c12)N(C=CCS2=O)[C@H]3CN(CC4)CC(C34)n5cncn5,AIDD_Results trypanosoma scaffold 1,AIDD_Results trypanosoma scaffold 1,0,Size; HBA; ch; Xr-; Xm+,
,2954,10475,false,false,false,255 255 255 255,false,,,,,,,0.430955,1.1491,3.08005,FC(F)(F)c(c1)n(C)c(c12)S(=O)c3n(c(=O)c(CN)cc3)N2CC4C(N(C)C)CCCC4,AIDD_Results trypanosoma scaffold 1,AIDD_Results trypanosoma scaffold 1,0,Size; fu-; Vd-; rat; Xm+; CL-,
,2955,20928,false,false,false,255 255 255 255,false,,,,,,,0,3.08211,3.08211,C1CN(CC2)C[C@@H](C12)CC3C(N=COC4=O)N4n(c35)ccc5F,AIDD_Results trypanosoma scaffold 1,AIDD_Results trypanosoma scaffold 1,0,rat; Xr-; Xm; MUT,
,2956,14180,false,false,false,255 255 255 255,false,,,,,,,0,3.08503,3.08503,FC1C(=O)NC(C12)Cc3n(N2)c(=O)ccc3,AIDD_Results trypanosoma scaffold 1,AIDD_Results trypanosoma scaffold 1,0,Xr; Xm; HEPX; MUT,
,2957,24246,false,false,false,255 255 255 255,false,,,,,,,0.587894,0.5,3.08789,c1csc2c(Cl)c(C(=O)O)c(c3c12)c4c(s3)cc(C(=O)O)cc4,AIDD_Results trypanosoma scaffold 1,AIDD_Results trypanosoma scaffold 1,0,Kow; fu; Xm+; 1A2,
,2958,11384,false,false,false,255 255 255 255,false,,,,,,,0,2.55547,3.09024,C1CN(CC2)C[C@@H](C12)CCC(=CS3)NC(=C34)N=CCC4,AIDD_Results trypanosoma scaffold 1,AIDD_Results trypanosoma scaffold 1,0,hERG; Xm; HEPX; 2D6,
,2959,16243,false,false,false,255 255 255 255,false,,,,,,,0.232036,1,3.09063,s1cncc1C2=CSC(c(ccc3)cc3C(=O)O)=CN2C[C@H](C45F)CN(CS5)CC4,AIDD_Results trypanosoma scaffold 1,AIDD_Results trypanosoma scaffold 1,0,Size; fu; Xr-; Xm+; 2C19,
,2960,22925,false,false,false,255 255 255 255,false,,,,,,,2.09728,1,3.09728,CC(=O)n(c1)c(=O)c(N)c(S2)c1N(S(=O)(=O)C)c3c2c(c4c(c35)ocn5)CN=CC4=O,AIDD_Results trypanosoma scaffold 1,AIDD_Results trypanosoma scaffold 1,0,Size; HBA; ch; Xr-; Xm-,
,2961,16651,false,false,false,255 255 255 255,false,,,,,,,0.6,2,3.1,C1CN=CC=C1C2CCC(=O)c(n3CCN(C)C)c2c(=O)n(c34)cc(Cl)c4C5=CCNCC5,AIDD_Results trypanosoma scaffold 1,AIDD_Results trypanosoma scaffold 1,0,Size; Xr-; Xm-; HEPX; CL-,
,2962,15793,false,false,false,255 255 255 255,false,,,,,,,0,3.1009,3.1009,C1CN(CC2)CC(C12)C(C)N3N(c4nc(F)on4)C(=O)SC(=C35)OCC=C5,AIDD_Results trypanosoma scaffold 1,AIDD_Results trypanosoma scaffold 1,0,hERG; Xr-; Xm+; HEPX; MUT,
,2963,24411,false,false,false,255 255 255 255,false,,,,,,,0.102973,1.5,3.10297,C1C(=O)NC(=C12)S(=O)c3c(cc(C(F)(F)F)c(=O)n3C)N2C(C4O)OCN(C)C4,AIDD_Results trypanosoma scaffold 1,AIDD_Results trypanosoma scaffold 1,0,HBA; fu-; Vd-; Xr+; HEPX; CL-,
,2964,15546,false,false,false,255 255 255 255,false,,,,,,,0.606076,2.5,3.10608,CCN(CO1)C\C1=C\N2N(S(=O)(=O)C(Br)=CN3)C=3C(=O)c4c2ccc(c45)noc5,AIDD_Results trypanosoma scaffold 1,AIDD_Results trypanosoma scaffold 1,0,Size; Xr-; HEPX; MUT,
,2965,23954,false,false,false,255 255 255 255,false,,,,,,,0.105664,3,3.10566,o1cnn2c(=O)cc(c3c12)N(C(=O)C4CN(C)CO4)N5C(C3)=NC=C(Cl)C(C5)O,AIDD_Results trypanosoma scaffold 1,AIDD_Results trypanosoma scaffold 1,0,HBA; Xr-; Xm+; HEPX; MUT,
,2966,6819,false,false,false,255 255 255 255,false,,,,,,,2.10784,1,3.10784,n1cccn1CC(=O)c(c2)ccc(N3C(=O)C)c2SC(=C34)C(c5ncco5)CN(C4=O)C(=O)CN,AIDD_Results trypanosoma scaffold 1,AIDD_Results trypanosoma scaffold 1,0,Size; HBA; ch; Xr+; Xm+,
,2967,10394,false,false,false,255 255 255 255,false,,,,,,,2.10894,1,3.10894,NCC(=O)C(C1O)SC(C#N)C(=C12)SC3N(N2C(=O)C)C(CCC3)C(=O)Cn4cncn4,AIDD_Results trypanosoma scaffold 1,AIDD_Results trypanosoma scaffold 1,0,Size; HBA; ch; Peff; Xr+; Xm+,
,2968,11265,false,false,false,255 255 255 255,false,,,,,,,1.609,0.5,3.109,CC(=O)c(c1O)c([N+]([O-])=O)cc(c12)Sc3c(cc(C(=O)C)sc3=O)N2C(=O)C4C=CCCC4,AIDD_Results trypanosoma scaffold 1,AIDD_Results trypanosoma scaffold 1,0,Size; ch; fu; Xm-,
,2969,19899,false,false,false,255 255 255 255,false,,,,,,,0.191717,1,3.10948,s1cncc1C2=CSC(c(ccc3)cc3C(=O)O)=CN2/C=C(/C45F)CN(CS5)CC4,AIDD_Results trypanosoma scaffold 1,AIDD_Results trypanosoma scaffold 1,0,Size; fu; Xr-; Xm+; 2C9; 2C19,
,2970,19019,false,false,false,255 255 255 255,false,,,,,,,1.27431,1.8423,3.1166,N#Cc(n1)oc(c12)cc3c(c2)C(=O)C=4N(S(=O)(=O)C(C)=CN4)N3CC5CN(CO5)CC,AIDD_Results trypanosoma scaffold 1,AIDD_Results trypanosoma scaffold 1,0,Size; HBA; ch; Xr-; Xm; MUT,
,2971,23599,false,false,false,255 255 255 255,false,,,,,,,0.117261,1.5,3.11726,CN(C1)COC(C1O)N2c(cc(C(F)(F)F)c(=O)n3C)c3S(=O)C(=C24)NC(=O)C4C,AIDD_Results trypanosoma scaffold 1,AIDD_Results trypanosoma scaffold 1,0,HBA; fu-; Vd-; Xr+; HEPX; CL-,
,2972,14298,false,false,false,255 255 255 255,false,,,,,,,0,2.5,3.11757,Fc1noc(c12)c3c(cc2Br)N(C)n4c(S3)nc(cc4=O)C5CNCN5,AIDD_Results trypanosoma scaffold 1,AIDD_Results trypanosoma scaffold 1,0,Vd; Xr-; Xm; MUT,
,2973,15656,false,false,false,255 255 255 255,false,,,,,,,0.617552,2.5,3.11755,CC(=O)NC(C)N(CO1)CC1CN2N(C(=O)C(N3)C)C=3C(=O)c4c2ccc(c45)oc(n5)F,AIDD_Results trypanosoma scaffold 1,AIDD_Results trypanosoma scaffold 1,0,Size; HBA; ch; Xr-; HEPX; MUT,
,2974,19083,false,false,false,255 255 255 255,false,,,,,,,0.285157,1.83367,3.11883,O1CN(C)CC1(F)CC(=O)N2n(c(=O)ccn3)c3Cc4c2cc(Br)c(c45)ocn5,AIDD_Results trypanosoma scaffold 1,AIDD_Results trypanosoma scaffold 1,0,Size; Xr-; Xm; MUT; 1A2,
,2975,16974,false,false,false,255 255 255 255,false,,,,,,,0,1.62097,3.12097,N#CC1=CC(=O)N(C12)N(CCCN(C)C)c3c(S2=O)c(C)cc(C(F)(F)F)c3,AIDD_Results trypanosoma scaffold 1,AIDD_Results trypanosoma scaffold 1,0,fu-; Vd-; Xm; MUT; CL-,
,2976,24256,false,false,false,255 255 255 255,false,,,,,,,1.47735,1.64405,3.12141,CN1CCC1CN(N(CC2)C(=O)C(C)CN)C(=C3C(C4=O)C(C)CC4)C2C(=O)C(=C35)CCC5,AIDD_Results trypanosoma scaffold 1,AIDD_Results trypanosoma scaffold 1,0,Size; ch; rat; Xr-; Xm-,
,2977,16626,false,false,false,255 255 255 255,false,,,,,,,0,2.12485,3.12485,O=c1c(C)cnc(C2=O)n1N(C)C(C3)C2CC(C34)OCN4C,AIDD_Results trypanosoma scaffold 1,AIDD_Results trypanosoma scaffold 1,0,Xm; HEPX; MUT; 1A2,
,2978,17615,false,false,false,255 255 255 255,false,,,,,,,0,3,3.12504,CCN(CO1)CC1C(=O)N2N(C(=O)CC(C)=CN3)C=3C(=O)c(c4)c2cc(c45)ocn5,AIDD_Results trypanosoma scaffold 1,AIDD_Results trypanosoma scaffold 1,0,Xr-; Xm-; HEPX; MUT; 1A2,
,2979,22658,false,false,false,255 255 255 255,false,,,,,,,0.125767,2,3.12577,C1=CC(C(=O)O)CC(S2)=C1CC(=C\C)\c(cc3Cl)c2c(c34)ocn4,AIDD_Results trypanosoma scaffold 1,AIDD_Results trypanosoma scaffold 1,0,Sw; fu; Xm; HEPX,
,2980,16494,false,false,false,255 255 255 255,false,,,,,,,0.175381,2,3.12731,CCNC(=O)c1c(N)c(Cc2ccco2)n(c13)NC=NC3,AIDD_Results trypanosoma scaffold 1,AIDD_Results trypanosoma scaffold 1,0,HBD; Xm; MUT; 2C19,
,2981,19948,false,false,false,255 255 255 255,false,,,,,,,0.133062,2,3.13306,CC1CN(CC2)C[C@@H](C12)Cc(c(c34)oc(c3N)CNC)n5c4C(=O)CCN5,AIDD_Results trypanosoma scaffold 1,AIDD_Results trypanosoma scaffold 1,0,HBD; Xr-; Xm+; MUT; 2D6,
,2982,14354,false,false,false,255 255 255 255,false,,,,,,,2.63827,0.5,3.13827,NC(=O)c1nc(no1)C2C(N)C(CC2F)N(C3)c(ccc(C)c4)c4S(=O)c(c35)cc(=O)[nH]c5,AIDD_Results trypanosoma scaffold 1,AIDD_Results trypanosoma scaffold 1,0,Size; HBD; HBA; ch; Xr+,
,2983,18907,false,false,false,255 255 255 255,false,,,,,,,0,2,3.13794,C1CNCC=C1C([C@H](C23)CN(CC2)CC3)CN4CCCN(C45)CCC5,AIDD_Results trypanosoma scaffold 1,AIDD_Results trypanosoma scaffold 1,0,Xr-; Xm+; HEPX; 3A4; CL-,
,2984,21004,false,false,false,255 255 255 255,false,,,,,,,0.475698,0.5,3.13827,FC(F)(F)Cc(c1)ccc(c12)S(=O)c3c(cc(CN)cc3)C2CCCN(C)C,AIDD_Results trypanosoma scaffold 1,AIDD_Results trypanosoma scaffold 1,0,Kow; Vd; Xm+; 2C19; 2D6; 3A4,
,2985,22026,false,false,false,255 255 255 255,false,,,,,,,1.6395,1.5,3.1395,OCCC1CN(C)C(C(=O)N)C1CN2C(C=CCC3)=C3S(=O)C(C2=4)=CCC(C4)N,AIDD_Results trypanosoma scaffold 1,AIDD_Results trypanosoma scaffold 1,0,HBD; Peff; Xm+; HEPX,
,2986,6013,false,false,false,255 255 255 255,false,,,,,,,1.22254,0.5,3.1415,C1CCCCC1C(C(=O)O)C(=O)N(c(c(C)c2C(=O)O)c3c(c24)ocn4)c5c(S3)cc(Cl)cc5,AIDD_Results trypanosoma scaffold 1,AIDD_Results trypanosoma scaffold 1,0,Size; ch; Kow; fu; Xr-; 2C9,
,2987,17657,false,false,false,255 255 255 255,false,,,,,,,0.145503,2,3.1455,C1CN(CC2)C[C@@H](C12)Cc(c(c34)oc(c3N)CNC)n5c4C(=O)CCN5,AIDD_Results trypanosoma scaffold 1,AIDD_Results trypanosoma scaffold 1,0,HBD; Xr-; Xm+; MUT; 2D6,
,2988,4307,false,false,false,255 255 255 255,false,,,,,,,1.14876,1,3.14876,O=C(O)c1coc(n1)-c2c(Cl)ccc(c23)Sc4c([nH]ccc4=O)N3CCCN(C)Cc5c(F)occ5,AIDD_Results trypanosoma scaffold 1,AIDD_Results trypanosoma scaffold 1,0,Size; Peff; fu; Xr-; Xm-,
,2989,18830,false,false,false,255 255 255 255,false,,,,,,,2.15314,1,3.15314,NC/C=C(S1(=O)=O)/CC(C#N)C(S2)=C1N(C(=O)C)c(c23)n(cc3)C(=O)Cn4cncn4,AIDD_Results trypanosoma scaffold 1,AIDD_Results trypanosoma scaffold 1,0,Size; HBA; ch; Peff; Xr+; Xm+,
,2990,23988,false,false,false,255 255 255 255,false,,,,,,,0.4,1.25301,3.15301,c1cn(C)c(c12)S(=O)c3n(c(=O)n(C#N)c(=O)c3)N2CC4CN(C)C(O4)c5ccccc5,AIDD_Results trypanosoma scaffold 1,AIDD_Results trypanosoma scaffold 1,0,Size; fu-; Vd-; Xr-; Xm; CL-,
,2991,19146,false,false,false,255 255 255 255,false,,,,,,,0.658036,2.5,3.15804,OCC(=O)N(CCO1)C1C(COC2)=C(C=23)N4N(C3)c5c(nco5)OC4=O,AIDD_Results trypanosoma scaffold 1,AIDD_Results trypanosoma scaffold 1,0,HBA; Xr+; HEPX; MUT,
,2992,21727,false,false,false,255 255 255 255,false,,,,,,,0,1.66125,3.16125,N#CC1=COC(=O)N2N1C(=O)C(C2=3)OC(=O)C3,AIDD_Results trypanosoma scaffold 1,AIDD_Results trypanosoma scaffold 1,0,Xr; MUT; 1A2; CL-,
,2993,17715,false,false,false,255 255 255 255,false,,,,,,,0,3.17156,3.17156,C1CN(CC2)C(C(C)C12)N3N(c4nc(Br)on4)C(=O)SC(=C35)OCC=C5,AIDD_Results trypanosoma scaffold 1,AIDD_Results trypanosoma scaffold 1,0,hERG; Xr-; Xm+; HEPX; MUT,
,2994,19164,false,false,false,255 255 255 255,false,,,,,,,2.17209,1,3.17209,CC(=O)NC(N(C)CC1)C1CN2N(C(=O)C(CC3)Cn4cncn4)C3S(=O)(=O)c(c25)cccc5,AIDD_Results trypanosoma scaffold 1,AIDD_Results trypanosoma scaffold 1,0,Size; HBA; ch; Xr+; Xm+,
,2995,5186,false,false,false,255 255 255 255,false,,,,,,,1.17839,2,3.17839,n1cncn1C(CN(C)C)CN(C(=C23)NC(C2)S(=O)(=O)CF)n4c(S3)ncc(Cl)c4=O,AIDD_Results trypanosoma scaffold 1,AIDD_Results trypanosoma scaffold 1,0,Size; HBA; Xr-; Xm+; HEPX,
,2996,15862,false,false,false,255 255 255 255,false,,,,,,,0,3.17997,3.17997,CN1COCC1CN2N(C(=O)CC(N3)C)C=3C(=O)c4c2c(F)cc(c45)nco5,AIDD_Results trypanosoma scaffold 1,AIDD_Results trypanosoma scaffold 1,0,Xr-; Xm; HEPX; MUT,
,2997,4476,false,false,false,255 255 255 255,false,,,,,,,0.180761,3,3.18076,NC(=O)c(c1)cc(=O)n(N2)c1SC(=C23)NCC3,AIDD_Results trypanosoma scaffold 1,AIDD_Results trypanosoma scaffold 1,0,HBD; Xm; HEPX; MUT,
,2998,7118,false,false,false,255 255 255 255,false,,,,,,,2.11694,1,3.18083,n1cccn1CC(=O)c(cc2)cc(N3C(=O)C)c2SC(=C34)C(c5ncco5)CN(C4=O)C(=O)CN,AIDD_Results trypanosoma scaffold 1,AIDD_Results trypanosoma scaffold 1,0,Size; HBA; ch; Xr+; Xm+; 3A4,
,2999,18931,false,false,false,255 255 255 255,false,,,,,,,0,3.18146,3.18146,C1CN(CC2)CC(C12)CC3N=C(c4ncco4)SC(=C35)OCC=C5,AIDD_Results trypanosoma scaffold 1,AIDD_Results trypanosoma scaffold 1,0,hERG; Xr-; Xm; HEPX,
,3000,13016,false,false,false,255 255 255 255,false,,,,,,,2.12227,1,3.1853,n1cccn1CC(=O)c(c2)ccc(N3C(=O)C)c2SC(=C34)CC(c5ncco5)N(C4=O)C(=O)CN,AIDD_Results trypanosoma scaffold 1,AIDD_Results trypanosoma scaffold 1,0,Size; HBA; ch; Xr+; Xm+; 3A4,
,3001,14837,false,false,false,255 255 255 255,false,,,,,,,0.6,1.09126,3.19126,c1cc(=O)n(C)c(c12)S(=O)c3n(c(=O)c(C#N)cc3)N2CC4CN(C)C(O4)c5ccccc5,AIDD_Results trypanosoma scaffold 1,AIDD_Results trypanosoma scaffold 1,0,Size; fu-; Vd-; Xr-; Xm; CL-,
,3002,24837,false,false,false,255 255 255 255,false,,,,,,,0.198182,2,3.19818,CNC(=O)c1c(N)c(n(c12)NC=NC2)Cc3ccoc3,AIDD_Results trypanosoma scaffold 1,AIDD_Results trypanosoma scaffold 1,0,HBD; Xm; MUT; 2C19,
,3003,7292,false,false,false,255 255 255 255,false,,,,,,,0.2,1.5,3.2,FC(F)(F)c(c1)c(=O)n(C)c(c12)S(=O)c3n(c(=O)c(CN)cc3)N2CC4CN(C)CO4,AIDD_Results trypanosoma scaffold 1,AIDD_Results trypanosoma scaffold 1,0,Size; fu-; Vd-; Xm+; HEPX; CL-,
,3004,12576,false,false,false,255 255 255 255,false,,,,,,,1.2,2,3.2,O=c1cc(C)nc(C2=O)n1C(C3CCC(O)N3C)c(c4[N+]([O-])=O)n2c(=O)c(c45)CCC5,AIDD_Results trypanosoma scaffold 1,AIDD_Results trypanosoma scaffold 1,0,Size; ch; Xr-; Xm-; MUT,
,3005,17241,false,false,false,255 255 255 255,false,,,,,,,0.201191,2,3.20119,CNC(=O)c1c(N)c(Cc2ccco2)n(c13)NC=NC3,AIDD_Results trypanosoma scaffold 1,AIDD_Results trypanosoma scaffold 1,0,HBD; Xm; MUT; 2C19,
,3006,9534,false,false,false,255 255 255 255,false,,,,,,,0,1.36567,3.20323,C1CN(CC2)C[C@@H](C12)C(C=N)C(C3)CC(C4=CCNCO4)Sc(c35)cccc5,AIDD_Results trypanosoma scaffold 1,AIDD_Results trypanosoma scaffold 1,0,hERG; rat; Xr-; Xm+; 2C19; 2D6; 3A4,
,3007,23839,false,false,false,255 255 255 255,false,,,,,,,0,2,3.20316,O1CN(CO2)C(C)[C@@H](C12)C#CN3C=COC(C3=4)=COCC4,AIDD_Results trypanosoma scaffold 1,AIDD_Results trypanosoma scaffold 1,0,HEPX; MUT; 1A2; 2C19,
,3008,12675,false,false,false,255 255 255 255,false,,,,,,,0,3.20947,3.20947,C1CN(CC2)C[C@@H](C12)CC(=O)N(N=CS3)C(C3=4)OCC(=O)C4,AIDD_Results trypanosoma scaffold 1,AIDD_Results trypanosoma scaffold 1,0,Xr; Xm; HEPX; MUT,
,3009,13940,false,false,false,255 255 255 255,false,,,,,,,2.21886,1,3.21886,c1ncn(S(=O)(=O)C)c(=O)c1C[N+]2(C)C(c3cnc[nH]3)CC(OC2)N4C=CCSc(c45)ccc(Cl)c5F,AIDD_Results trypanosoma scaffold 1,AIDD_Results trypanosoma scaffold 1,0,Size; ch; Peff; Xr-; Xm+,
,3010,21238,false,false,false,255 255 255 255,false,,,,,,,1.71911,0.5,3.21911,NS(=O)(=O)C(C)CCc(c1C(=O)O)c(ccc1Cl)Sc(ccc2)cc2-c3nnn[nH]3,AIDD_Results trypanosoma scaffold 1,AIDD_Results trypanosoma scaffold 1,0,Size; HBD; ch; fu; Xm+,
,3011,6895,false,false,false,255 255 255 255,false,,,,,,,2,1.22357,3.22357,O=c1c(Br)cn(C(=O)C)c(c12)Oc3c(cncc3)N2c(cco4)c4C[N+](C)(C)Cc5cc(OC)cc(c5)OC,AIDD_Results trypanosoma scaffold 1,AIDD_Results trypanosoma scaffold 1,0,Size; Peff; hERG; Xr-; Xm-,
,3012,12506,false,false,false,255 255 255 255,false,,,,,,,0,2.5,3.22513,C1CN(CO2)C[C@@H](C12)c3c(n4c(c35)CCC=N5)NCCCC4=O,AIDD_Results trypanosoma scaffold 1,AIDD_Results trypanosoma scaffold 1,0,Xr-; HEPX; MUT; 2D6,
,3013,18683,false,false,false,255 255 255 255,false,,,,,,,0,3.23149,3.23149,C1CN(CC2)C(CC12)N3N(c4nc(Br)on4)C(=O)SC(=C35)OCC=C5,AIDD_Results trypanosoma scaffold 1,AIDD_Results trypanosoma scaffold 1,0,hERG; Xr-; Xm-; HEPX; MUT,
,3014,8519,false,false,false,255 255 255 255,false,,,,,,,1.6,1.63179,3.23179,c1ccc([N+]([O-])=O)cc1C([N+]2(C)C)CC(C2)N3N(C(=O)CC=CN4)C=4Sc(c35)cc[nH]c5=O,AIDD_Results trypanosoma scaffold 1,AIDD_Results trypanosoma scaffold 1,0,Size; Peff; Xr+; Xm; MUT,
,3015,14142,false,false,false,255 255 255 255,false,,,,,,,1.6,1.63166,3.23166,c1cccc([N+]([O-])=O)c1C([N+]2(C)C)CC(C2)N3N(C(=O)CC=CN4)C=4Sc(c35)cc[nH]c5=O,AIDD_Results trypanosoma scaffold 1,AIDD_Results trypanosoma scaffold 1,0,Size; Peff; Xr+; Xm; MUT,
,3016,21353,false,false,false,255 255 255 255,false,,,,,,,2.23221,1,3.23221,CN1CCC1CN2N(C(=O)C(C)CN)CS(=O)(=O)c(c23)c(C(F)(F)F)ccc3C(C4=O)CCC4,AIDD_Results trypanosoma scaffold 1,AIDD_Results trypanosoma scaffold 1,0,Size; ch; Peff; Xr+; Xm+,
,3017,8226,false,false,false,255 255 255 255,false,,,,,,,1.23321,2,3.23321,C1COc(c12)c(C#N)cc3c2oc(=O)cc3C[N+](C)(C)C/C=C/N4C=CCc(c45)n(c(Cl)c5)S(=O)(=O)C,AIDD_Results trypanosoma scaffold 1,AIDD_Results trypanosoma scaffold 1,0,Size; Peff; Xr-; Xm-; HEPX,
,3018,13446,false,false,false,255 255 255 255,false,,,,,,,0.317503,2.4193,3.2368,O1CNCC1(O)C(=O)N2n(c(=O)c(F)c(n3)C)c3Cc4c2ccc(c45)NCO5,AIDD_Results trypanosoma scaffold 1,AIDD_Results trypanosoma scaffold 1,0,HBA; Vd-; Xr-; Xm; MUT,
,3019,18899,false,false,false,255 255 255 255,false,,,,,,,2.71928,0.518875,3.23815,CCN(C)CC(C(=O)N)C(c1ccco1)N(n(c23)c(=O)c(Cl)cn2)C=C(S3)C(=O)CN,AIDD_Results trypanosoma scaffold 1,AIDD_Results trypanosoma scaffold 1,0,Size; HBD; HBA; ch; Peff; Xr; Xm+,
,3020,5370,false,false,false,255 255 255 255,false,,,,,,,0,3,3.23964,O1CN(C)CC1C(=O)N2N(CC(=O)C=C(N3)C)C=3C(=O)c4c2ccc(c45)nco5,AIDD_Results trypanosoma scaffold 1,AIDD_Results trypanosoma scaffold 1,0,Xr-; Xm-; HEPX; MUT; 1A2,
,3021,13327,false,false,false,255 255 255 255,false,,,,,,,1,0.740003,3.24,S1CN(C)CC1CN(N(C23)C(=O)C(C#N)=C2)c4c(S3=O)n(c(=O)c(C(F)(F)F)c4)Cc5ccccc5,AIDD_Results trypanosoma scaffold 1,AIDD_Results trypanosoma scaffold 1,0,Size; fu-; Vd-; Xr+; Xm; CL-,
,3022,19923,false,false,false,255 255 255 255,false,,,,,,,0.241,3,3.241,O1CN(C)CC1C(=O)N2N(CC(=O)C=CN3)C=3C(=O)c4c2c(F)nc(c45)nco5,AIDD_Results trypanosoma scaffold 1,AIDD_Results trypanosoma scaffold 1,0,ch; Xr-; Xm+; HEPX; MUT,
,3023,12651,false,false,false,255 255 255 255,false,,,,,,,0,2.5,3.24316,CN(C1)CCC1CN(c(c23)cccc3F)N4C(C2=O)=NC=C(C)C(=O)C4,AIDD_Results trypanosoma scaffold 1,AIDD_Results trypanosoma scaffold 1,0,Vd; Xr-; Xm; HEPX,
,3024,9613,false,false,false,255 255 255 255,false,,,,,,,2.25145,1,3.25145,FC(F)(F)c(c1)ccc(c12)SC3C(=CC=C(C3=O)C(=O)O)N2CCCN4CCN(CC4)S(=O)(=O)C,AIDD_Results trypanosoma scaffold 1,AIDD_Results trypanosoma scaffold 1,0,Size; HBA; ch; Xr-; Xm-,
,3025,8044,false,false,false,255 255 255 255,false,,,,,,,0,3.25643,3.25643,C1CN(CC2)C[C@@H](C12)C(=O)N(N=CC3)C(C3=4)COC(=O)C4,AIDD_Results trypanosoma scaffold 1,AIDD_Results trypanosoma scaffold 1,0,Xr; Xm; HEPX; MUT,
,3026,15212,false,false,false,255 255 255 255,false,,,,,,,1.75617,1.5,3.25617,CCC(O1)NCC1C(=O)N2N(S(=O)(=O)CC(C)=CN3)C=3C(=O)c(c4)c2cc(c45)ocn5,AIDD_Results trypanosoma scaffold 1,AIDD_Results trypanosoma scaffold 1,0,Size; HBA; ch; Xr-; MUT,
,3027,9501,false,false,false,255 255 255 255,false,,,,,,,0.757103,1,3.2571,FC(F)(F)c1[nH]cc(c12)Sc3c(c4c(nco4)n3C(=O)O)N2CCCN5CCNCC5=O,AIDD_Results trypanosoma scaffold 1,AIDD_Results trypanosoma scaffold 1,0,Size; Peff; Xr-; Xm-; 2C9-; 2D6-; 3A4-,
,3028,14718,false,false,false,255 255 255 255,false,,,,,,,0,2.5,3.25747,C1C(=O)C=C(CC)N=C(C2=O)N1N(/C=C3/CCN(C)C3)c4ccc(c5c24)nccc5,AIDD_Results trypanosoma scaffold 1,AIDD_Results trypanosoma scaffold 1,0,Vd; Xr-; Xm; HEPX,
,3029,5725,false,false,false,255 255 255 255,false,,,,,,,0.26,2,3.26,NC(=O)c1cccc(c12)SCC(C3=CCNCC3)C(C2)C(C=N)[C@H](C45)CN(CC4)CC5,AIDD_Results trypanosoma scaffold 1,AIDD_Results trypanosoma scaffold 1,0,Size; rat; Xr-; Xm+; 2C19,
,3030,12614,false,false,false,255 255 255 255,false,,,,,,,0.26,2,3.26,NC(=O)c1cccc(c12)SCC(C3=CCNC3)C(C2)C(C=N)[C@](C)(C45)CN(CC4)CC5,AIDD_Results trypanosoma scaffold 1,AIDD_Results trypanosoma scaffold 1,0,Size; rat; Xr-; Xm+; 2C19,
,3031,15753,false,false,false,255 255 255 255,false,,,,,,,1.93272,1.32766,3.26038,NC(=O)C(C1)CC(CC#N)=C(N2C=O)C=1Sc(c23)ncn(c3=O)C(=O)CN,AIDD_Results trypanosoma scaffold 1,AIDD_Results trypanosoma scaffold 1,0,HBD; ch; Peff; Xr; Xm; HEPX+,
,3032,23888,false,false,false,255 255 255 255,false,,,,,,,1.26136,0.5,3.26136,c1cccc(S2=O)c1N(C(O)CN(C)C)C3=C2N(C)C(=O)CC(=C34)C(F)(F)C5=C(C4)C(F)CC(=O)N5,AIDD_Results trypanosoma scaffold 1,AIDD_Results trypanosoma scaffold 1,0,Size; ch; fu-; Vd-; Xr+; CL-,
,3033,22083,false,false,false,255 255 255 255,false,,,,,,,1.76245,1.5,3.26245,c1ccccc1Cc(cc2)c(=O)n(N3C4=CCN(C)C4)c2S(=O)c(c35)cc(F)cc5C,AIDD_Results trypanosoma scaffold 1,AIDD_Results trypanosoma scaffold 1,0,Size; Kow; Sw; Xr-; Xm,
,3034,18780,false,false,false,255 255 255 255,false,,,,,,,0.6345,0.5,3.26304,c1cc(C(F)(F)F)cc(c12)S(=O)c3c(oc(=O)cc3)CN2C(C(O4)N)CC4c5ncon5,AIDD_Results trypanosoma scaffold 1,AIDD_Results trypanosoma scaffold 1,0,Size; ch; fu-; Vd-; Xr+; 2C19; CL-,
,3035,24129,false,false,false,255 255 255 255,false,,,,,,,0.765498,2,3.2655,CCN(C1)CCC1CN2N(C(=O)C(C)C(C3)N)C3Cn(c24)c(=O)cc(n4)C5=CCNCC5,AIDD_Results trypanosoma scaffold 1,AIDD_Results trypanosoma scaffold 1,0,Size; ch; Xr-; Xm+; HEPX; CL-,
,3036,5398,false,false,false,255 255 255 255,false,,,,,,,0,3.26585,3.26585,N#CC(C1N)NC(=C12)Cc3n(c(=O)ccc3)N2CC(C45)=CN(CC4)CC5,AIDD_Results trypanosoma scaffold 1,AIDD_Results trypanosoma scaffold 1,0,rat; Xr-; Xm; HEPX,
,3037,19790,false,false,false,255 255 255 255,false,,,,,,,0,2.47482,3.26627,C1CN(CC2)C[C@@H](C12F)C(=O)C=3N=C(c4ncon4)SC(C35)=CCC(C5)O,AIDD_Results trypanosoma scaffold 1,AIDD_Results trypanosoma scaffold 1,0,Xr+; Xm; HEPX; 3A4,
,3038,23530,false,false,false,255 255 255 255,false,,,,,,,0.268136,2,3.26814,Brc1cccc(c12)SC=3N(N2C#CCN(C)C)C(=O)CC(CN3)C4CNCN4,AIDD_Results trypanosoma scaffold 1,AIDD_Results trypanosoma scaffold 1,0,Size; Vd; Xr-; Xm+; MUT,
,3039,13606,false,false,false,255 255 255 255,false,,,,,,,0,3,3.26942,N#CCC(C12)CN(CC2)C[C@@H]1CN(C(C3C45)CC=N3)N5C(=O)C=C4,AIDD_Results trypanosoma scaffold 1,AIDD_Results trypanosoma scaffold 1,0,Xr-; Xm-; HEPX; MUT; 3A4,
,3040,19659,false,false,false,255 255 255 255,false,,,,,,,0,1,3.26958,C1CN(CC2)C[C@@H](C12)C(N)C(C3)CC(C4CCNCO4)Sc(c35)cccc5,AIDD_Results trypanosoma scaffold 1,AIDD_Results trypanosoma scaffold 1,0,Xr-; Xm+; 2C19; 2D6; 3A4,
,3041,24438,false,false,false,255 255 255 255,false,,,,,,,0,2.5,3.26985,C1CN(CC2)C[C@@H](C12F)C(=O)C=3N=C(c4nnco4)SC(C35)=CC(O)CC5,AIDD_Results trypanosoma scaffold 1,AIDD_Results trypanosoma scaffold 1,0,Xr+; Xm; HEPX; 3A4,
,3042,24557,false,false,false,255 255 255 255,false,,,,,,,0,2.27104,3.27104,CCCc1c(N)c(C)n(c12)NC(=NC2)c3coc(c34)cccc4,AIDD_Results trypanosoma scaffold 1,AIDD_Results trypanosoma scaffold 1,0,Xr; Xm+; MUT; 2D6,
,3043,15828,false,false,false,255 255 255 255,false,,,,,,,0,3,3.27233,C1CN(CC2)C(CC12)CN3N(c4cnon4)C(=O)SC(=C35)OCC=C5,AIDD_Results trypanosoma scaffold 1,AIDD_Results trypanosoma scaffold 1,0,Xr-; Xm+; HEPX; MUT; 3A4,
,3044,16289,false,false,false,255 255 255 255,false,,,,,,,0.771804,1,3.2718,S1CN(C)CC1CN2n(c(=O)c(CN)cc3)c3S(=O)c(c24)n(C)c(=O)c(C)c4-c5ccno5,AIDD_Results trypanosoma scaffold 1,AIDD_Results trypanosoma scaffold 1,0,Size; fu-; Vd-; Xr-; Xm+; CL-,
,3045,20778,false,false,false,255 255 255 255,false,,,,,,,0.2715,1.5,3.2715,O=C(O)c1c(=O)ccn(CN2C)c1S(=O)c(c23)c([N+]([O-])=O)c(F)cc3F,AIDD_Results trypanosoma scaffold 1,AIDD_Results trypanosoma scaffold 1,0,ch; fu-; Vd-; Xr-; Xm-; HEPX+; CL-,
,3046,13682,false,false,false,255 255 255 255,false,,,,,,,1.2751,0.5,3.2751,n1ocnc1Cc(cc2O)cc(c23)N(C(C4)C(N)CC4C)Cn5c(S3=O)cc(=O)cc5,AIDD_Results trypanosoma scaffold 1,AIDD_Results trypanosoma scaffold 1,0,Size; ch; Peff; fu-; Vd-; Xr-; CL-,
,3047,17335,false,false,false,255 255 255 255,false,,,,,,,2.11483,0.5,3.27645,C1CCc(c12)c(Cl)c(C(=O)O)c3c2Cc4c(cc(C(=O)O)cc4)C(C/3=C\C)CC5=CCNCC5,AIDD_Results trypanosoma scaffold 1,AIDD_Results trypanosoma scaffold 1,0,Size; Kow; Sw; fu; Xr-,
,3048,7319,false,false,false,255 255 255 255,false,,,,,,,1.6,1.67741,3.27741,c1cc([N+]([O-])=O)ccc1C([N+]2(C)C)CC(C2)N3N(C(=O)CC=CN4)C=4Sc(c35)cc[nH]c5=O,AIDD_Results trypanosoma scaffold 1,AIDD_Results trypanosoma scaffold 1,0,Size; Peff; Xr+; Xm; MUT,
,3049,20944,false,false,false,255 255 255 255,false,,,,,,,1.28262,1,3.28262,c1ccccc1C(=CC(C#N)C2=O)C=C2/C=C(/C34)CC(C(F)C3)CC4,AIDD_Results trypanosoma scaffold 1,AIDD_Results trypanosoma scaffold 1,0,Kow; Sw; fu; HEPX,
,3050,14607,false,false,false,255 255 255 255,false,,,,,,,0,3.28488,3.28488,C1CN(CC2)C(CC12)C#CN3N(c4conn4)C(=O)SC=C3C5=COCC=CC5,AIDD_Results trypanosoma scaffold 1,AIDD_Results trypanosoma scaffold 1,0,hERG-; Xr-; Xm+; HEPX; MUT,
,3051,18339,false,false,false,255 255 255 255,false,,,,,,,0,3,3.28541,C12CCN(CO2)CN1C#CN3C(c4ncon4)=COc(c35)oc(=O)cc5,AIDD_Results trypanosoma scaffold 1,AIDD_Results trypanosoma scaffold 1,0,Xr-; Xm-; HEPX; MUT; 1A2,
,3052,22834,false,false,false,255 255 255 255,false,,,,,,,0,2.28986,3.28986,C1N=CC=C(C2)C1NC(C23)N(C)CC3c4ccccc4,AIDD_Results trypanosoma scaffold 1,AIDD_Results trypanosoma scaffold 1,0,rat; Xm+; HEPX; 2C19,
,3053,1668,false,false,false,255 255 255 255,false,,,,,,,1,2.29094,3.29094,C[N+](C)(C)C#CCN1c(cccc2)c2Sc(c13)cccc3[N+]([O-])=O,AIDD_Results trypanosoma scaffold 1,AIDD_Results trypanosoma scaffold 1,0,Peff; rat; Xm; MUT,
,3054,23347,false,false,false,255 255 255 255,false,,,,,,,0.793418,2.5,3.29342,NC(=O)C1NCC(CN1)n(c(n2)=O)c(=O)n(N3C)c2Sc4c3cc(Cl)c(c45)cccc5,AIDD_Results trypanosoma scaffold 1,AIDD_Results trypanosoma scaffold 1,0,Size; HBD; ch; Xr+; Xm; MUT,
,3055,16431,false,false,false,255 255 255 255,false,,,,,,,1,1,3.29362,C1OCNCC1c(cn2)c(=O)n(N3C)c2Sc4c3cc(Cl)c(c45)csc5,AIDD_Results trypanosoma scaffold 1,AIDD_Results trypanosoma scaffold 1,0,Sw; Vd; Xr-; Xm+; 2D6,
,3056,22354,false,false,false,255 255 255 255,false,,,,,,,1.79593,0.5,3.29593,c1c(Cl)c(C(=O)O)cc(N2)c1Oc(c3)c2cc4Cc(c5c34)cco5,AIDD_Results trypanosoma scaffold 1,AIDD_Results trypanosoma scaffold 1,0,Kow; Sw; fu; Xr-,
,3057,14651,false,false,false,255 255 255 255,false,,,,,,,0,2.29902,3.29902,CN1CN(CC2)C[C@@H](C12)C(O3)S(=O)c(c34)c(coc4=O)Sc5ccccc5,AIDD_Results trypanosoma scaffold 1,AIDD_Results trypanosoma scaffold 1,0,Xr-; Xm; MUT; 2C19,
,3058,24300,false,false,false,255 255 255 255,false,,,,,,,0,3,3.29868,N#CC(=N1)C(=O)COC2C1N(C)c(c23)nco3,AIDD_Results trypanosoma scaffold 1,AIDD_Results trypanosoma scaffold 1,0,Xr; HEPX; MUT; 1A2,
,3059,20037,false,false,false,255 255 255 255,false,,,,,,,0.8,2.5,3.3,O=c1occc(c12)c3c(cc2C(=O)C)N(C=O)C4=C(O3)N=CC(=CC4)C(=O)CC5=CCNCC5,AIDD_Results trypanosoma scaffold 1,AIDD_Results trypanosoma scaffold 1,0,Size; Xr+; Xm-; HEPX+; MUT,
,3060,22538,false,false,false,255 255 255 255,false,,,,,,,1.8,1.5,3.3,C1CCc(c12)n(C(=O)CN)c(=O)c(Cl)c2Cc(c3NC(=O)C)c(c4c(c35)ocn5)CN=CC4=O,AIDD_Results trypanosoma scaffold 1,AIDD_Results trypanosoma scaffold 1,0,Size; ch; Xr-; HEPX,
,3061,6318,false,false,false,255 255 255 255,false,,,,,,,2.302,1,3.302,n1cncn1C(C2=O)NC(=C23)N(CCCN(C)C)n4c(S3)ncc(c4=O)-c5cc(=O)cc[nH]5,AIDD_Results trypanosoma scaffold 1,AIDD_Results trypanosoma scaffold 1,0,Size; ch; Peff; Xr-; Xm+,
,3062,18949,false,false,false,255 255 255 255,false,,,,,,,1.80152,0.5,3.30152,CC(=O)C1CC(NC(=O)C)C(C12)Sc3c(N2)c(=O)n(cn3)C(=O)CC=4CCNC(C45)CCCC5,AIDD_Results trypanosoma scaffold 1,AIDD_Results trypanosoma scaffold 1,0,Size; ch; Peff; Xr-; 3A4,
,3063,12985,false,false,false,255 255 255 255,false,,,,,,,0,2.3028,3.3028,C1CN(CC2)C[C@@H](C12)C(=O)n(c(c3c45)CC=CO3)c4ccc(c5)CN,AIDD_Results trypanosoma scaffold 1,AIDD_Results trypanosoma scaffold 1,0,rat; Xr-; Xm-; MUT; 2D6,
,3064,18902,false,false,false,255 255 255 255,false,,,,,,,0.8,1.00486,3.30486,Cc1cc(=O)n(C)c(c12)S(=O)c3n(c(=O)c(C#N)cc3)N2CC4CN(C)C(O4)c5ccccc5,AIDD_Results trypanosoma scaffold 1,AIDD_Results trypanosoma scaffold 1,0,Size; fu-; Vd-; Xr-; Xm; CL-,
,3065,23780,false,false,false,255 255 255 255,false,,,,,,,1.80642,1.5,3.30642,c1ccccc1Cc(cc2)c(=O)n(N3C4=CCN(C)C4)c2S(=O)c(c35)cc(F)c(C)c5,AIDD_Results trypanosoma scaffold 1,AIDD_Results trypanosoma scaffold 1,0,Size; Kow; Sw; Xr-; Xm,
,3066,16099,false,false,false,255 255 255 255,false,,,,,,,0,3.30781,3.30781,O1CN(C)CC1(O)C(=O)N2n(c(=O)c(F)c(n3)C)c3CC4=C2CCc(c45)nco5,AIDD_Results trypanosoma scaffold 1,AIDD_Results trypanosoma scaffold 1,0,Xr-; Xm; HEPX; MUT,
,3067,16815,false,false,false,255 255 255 255,false,,,,,,,0.782937,1.52685,3.30978,O1CNc(c1c23)oc2N(C(=O)C4(O)CN(C)CO4)n5c(C3)nc(C)c(F)c5=O,AIDD_Results trypanosoma scaffold 1,AIDD_Results trypanosoma scaffold 1,0,HBA; ch; Xr-; Xm; MUT; 1A2,
,3068,8508,false,false,false,255 255 255 255,false,,,,,,,1.31128,2,3.31128,O1CN(C)CC1C(=O)N2N(CC(=O)C=CN3)C=3C(=O)c4c2c(=O)oc(c45)nco5,AIDD_Results trypanosoma scaffold 1,AIDD_Results trypanosoma scaffold 1,0,HBA; ch; Xr-; Xm-; MUT,
,3069,17349,false,false,false,255 255 255 255,false,,,,,,,0,2,3.31182,CS(=O)c(cc1)ccc1C(SC=C2C#N)=CN2C(N34)CN(CC3)CC4,AIDD_Results trypanosoma scaffold 1,AIDD_Results trypanosoma scaffold 1,0,Xr-; Xm+; MUT; 2C19; CL-,
,3070,19668,false,false,false,255 255 255 255,false,,,,,,,1.31272,2,3.31272,O=CNC(C)N(CO1)CC1CN(N(C2=3)C(=O)C(N3)C)c4c(C2=O)c5n(c(=O)c4)ccc(n5)F,AIDD_Results trypanosoma scaffold 1,AIDD_Results trypanosoma scaffold 1,0,Size; HBA; ch; Xr-; Xm+; HEPX,
,3071,23273,false,false,false,255 255 255 255,false,,,,,,,1.313,2,3.313,CNC(=O)c1c(N)c(C)n(c12)NC(=NC2)c3coc(c34)cccc4-c5cnc[nH]5,AIDD_Results trypanosoma scaffold 1,AIDD_Results trypanosoma scaffold 1,0,HBD; ch; Xr+; Xm+; MUT,
,3072,16856,false,false,false,255 255 255 255,false,,,,,,,0,3.32564,3.32564,C1CN(CC2)C[C@@H](C12)CN(n(c34)c(=O)ccc3)C=C(C4)N5CNCC5C,AIDD_Results trypanosoma scaffold 1,AIDD_Results trypanosoma scaffold 1,0,rat; Xr-; Xm+; HEPX; MUT,
,3073,7940,false,false,false,255 255 255 255,false,,,,,,,0.148777,1,3.32777,C/C=C/c(cc1)cc2c1N(C(C23)NC3)C[C@H](C45)CN(CC4)CC5,AIDD_Results trypanosoma scaffold 1,AIDD_Results trypanosoma scaffold 1,0,Kow; Vd; Xr-; Xm+; 2C19; 2D6,
,3074,25248,false,false,false,255 255 255 255,false,,,,,,,0.327844,3,3.32784,CN1CCCC1(C)n2c(c(Cl)ccn3)c3oc(c(=O)c4[N+]([O-])=O)c2n(c45)c(=S)cc5,AIDD_Results trypanosoma scaffold 1,AIDD_Results trypanosoma scaffold 1,0,Sw; Xr-; Xm-; HEPX; MUT,
,3075,9067,false,false,false,255 255 255 255,false,,,,,,,0,3.3291,3.3291,O=c1cc(CO)nc(c2=O)n1n(c(c23)cccc3)C4CC(C)N(C45)COC5,AIDD_Results trypanosoma scaffold 1,AIDD_Results trypanosoma scaffold 1,0,Xr-; Xm; HEPX; MUT,
,3076,15729,false,false,false,255 255 255 255,false,,,,,,,0.329119,2.5,3.32912,O1CNCC1(O)C(=O)N2n(c(=O)c(F)c(n3)C)c3C(C)c4c2ccc(c45)NCO5,AIDD_Results trypanosoma scaffold 1,AIDD_Results trypanosoma scaffold 1,0,HBA; Vd-; Xr-; Xm; MUT,
,3077,21326,false,false,false,255 255 255 255,false,,,,,,,1.83118,0.5,3.33118,c1cccc(c12)c3c(cc2C(=O)O)Sc4c(CC3C)c(C(=O)O)cc(Cl)c4,AIDD_Results trypanosoma scaffold 1,AIDD_Results trypanosoma scaffold 1,0,Kow; Sw; fu; Xm+,
,3078,25097,false,false,false,255 255 255 255,false,,,,,,,0,2.33267,3.33267,c1cccc(c12)c(F)c3c(N=CNC(=O)C3F)c2C(C4)N(CO5)CC(C45)O,AIDD_Results trypanosoma scaffold 1,AIDD_Results trypanosoma scaffold 1,0,Xr+; Xm; MUT; 2C9,
,3079,19918,false,false,false,255 255 255 255,false,,,,,,,0.8395,1.5,3.3395,FCCC(=O)C(C1C#N)C=Cc2n(C(=O)C)c(c=3c12)=CC4C(C3)N5N(CC4=O)C(CN)=NC5,AIDD_Results trypanosoma scaffold 1,AIDD_Results trypanosoma scaffold 1,0,Size; ch; fu-; Vd-; Xr+; MUT,
,3080,8266,false,false,false,255 255 255 255,false,,,,,,,1.841,1.5,3.341,NC(=O)C(N1)=CCC(=O)N(C=12)N(C=CS2)CC3C[N+](C)(C)C4C3Cc(c45)cc([N+]([O-])=O)cc5,AIDD_Results trypanosoma scaffold 1,AIDD_Results trypanosoma scaffold 1,0,Size; ch; Peff; Xr+; MUT,
,3081,24722,false,false,false,255 255 255 255,false,,,,,,,1.34687,1,3.34687,Cc1c(C#N)[nH]c(c12)S(=O)C3C(N2CCCN(C)C)CC(CN)CC(C3)c4cnc[nH]4,AIDD_Results trypanosoma scaffold 1,AIDD_Results trypanosoma scaffold 1,0,Size; HBD; Peff; Xr-; Xm+; 2C19,
,3082,24850,false,false,false,255 255 255 255,false,,,,,,,0,3.35026,3.35026,C1CN(CC2)CC(C12)N3N(c4nc(Br)on4)C(=O)SC(=C35)OCC=C5,AIDD_Results trypanosoma scaffold 1,AIDD_Results trypanosoma scaffold 1,0,hERG; Xr-; Xm+; HEPX; MUT,
,3083,16930,false,false,false,255 255 255 255,false,,,,,,,0,1.5,3.35371,Nc1cccc(c12)c(F)c3c(N=COCC3)c2[C@H](C45)C(=O)N(CO5)CC4,AIDD_Results trypanosoma scaffold 1,AIDD_Results trypanosoma scaffold 1,0,Xr-; MUT; 1A2; 2C9,
,3084,21888,false,false,false,255 255 255 255,false,,,,,,,0,3.35893,3.35893,C1CN(CC2)C(C)C(C12)N3N(c4nc(Br)on4)C(=O)SC(=C35)OCC=C5,AIDD_Results trypanosoma scaffold 1,AIDD_Results trypanosoma scaffold 1,0,hERG; Xr-; Xm+; HEPX; MUT,
,3085,13138,false,false,false,255 255 255 255,false,,,,,,,0,3,3.3617,C1CN(CO2)C(CC12)CC(=O)N(N=CS3)C(C3=4)CC(C(=O)C4)c5ncon5,AIDD_Results trypanosoma scaffold 1,AIDD_Results trypanosoma scaffold 1,0,Xr+; Xm; HEPX+; MUT; 3A4,
,3086,21075,false,false,false,255 255 255 255,false,,,,,,,0.272075,3.10035,3.37242,OCCN(CCO1)C1C(COC2)=C(C=23)N4N(C3)c5c(nco5)OC4=O,AIDD_Results trypanosoma scaffold 1,AIDD_Results trypanosoma scaffold 1,0,HBA; rat; Xr-; Xm-; HEPX; MUT,
,3087,21457,false,false,false,255 255 255 255,false,,,,,,,0,1,3.37769,c1c(=O)occ(c12)SC(C3=CCNCO3)C(CC2N)[C@H](C45)CN(CC4)CC5,AIDD_Results trypanosoma scaffold 1,AIDD_Results trypanosoma scaffold 1,0,Xr-; Xm+; 2C19; 2D6; 3A4,
,3088,21312,false,false,false,255 255 255 255,false,,,,,,,0.54787,2.83508,3.38295,CN1CCC1CN2N(C(=O)C(C)CN)CC(O)C(C23)C(=O)C=CC=3C(C4=O)C(C)CC4,AIDD_Results trypanosoma scaffold 1,AIDD_Results trypanosoma scaffold 1,0,Size; ch; rat; Xr+; Xm-; HEPX,
,3089,11520,false,false,false,255 255 255 255,false,,,,,,,1.59963,1.7868,3.38643,NCC(=O)n(c1=O)cnc(c12)SC3=C(N2C=O)CC(C(=O)N)C=C3,AIDD_Results trypanosoma scaffold 1,AIDD_Results trypanosoma scaffold 1,0,HBD; ch; Peff; Xr; HEPX,
,3090,21728,false,false,false,255 255 255 255,false,,,,,,,0,1.89075,3.39075,FC(F)(F)c(c1)c(=O)n(C)c(c12)S(=O)c3n(c(=O)ccn3)N2C4CCN(C)CO4,AIDD_Results trypanosoma scaffold 1,AIDD_Results trypanosoma scaffold 1,0,fu-; Vd-; Xm; HEPX; CL-,
,3091,25342,false,false,false,255 255 255 255,false,,,,,,,0,1.67458,3.39263,CCC(=O)N1c(cccc2)c2Oc(c13)cc(C=N)c(Cl)c3CN,AIDD_Results trypanosoma scaffold 1,AIDD_Results trypanosoma scaffold 1,0,Xm; HEPX; 1A2; 2C19,
,3092,2946,false,false,false,255 255 255 255,false,,,,,,,0.4,3,3.4,c1c(Cl)ccc(c12)Sc3c(cccc3)N2Cc4c(ocn4)[N+](C)(C)CN5C=CCCC5=O,AIDD_Results trypanosoma scaffold 1,AIDD_Results trypanosoma scaffold 1,0,Size; hERG; Xr-; Xm; HEPX+,
,3093,6172,false,false,false,255 255 255 255,false,,,,,,,1.4,2,3.4,NCC(=O)N(C1=O)C(C#N)CC(S2)C1N(C(=O)C)C(=C23)CC(C=C3)C(=O)Cn4cncn4,AIDD_Results trypanosoma scaffold 1,AIDD_Results trypanosoma scaffold 1,0,Size; ch; Xr+; Xm+; HEPX,
,3094,9537,false,false,false,255 255 255 255,false,,,,,,,0.4,1,3.4,C1=CNCC=C1CC(=O)n(c2=O)cnc(S3)c2N(C=O)c(c3c45)n(C(=O)C)c4cccc5,AIDD_Results trypanosoma scaffold 1,AIDD_Results trypanosoma scaffold 1,0,Size; Xr-; Xm-; 1A2; 3A4,
,3095,12052,false,false,false,255 255 255 255,false,,,,,,,1.4,2,3.4,C1C(=O)C=C(C)N=C(C2=O)N1C(C3CCC(O)N3C)c(c4[N+]([O-])=O)n2c(=O)c(c45)CCC5,AIDD_Results trypanosoma scaffold 1,AIDD_Results trypanosoma scaffold 1,0,Size; ch; Xr-; Xm-; MUT,
,3096,14961,false,false,false,255 255 255 255,false,,,,,,,0.4,2,3.4,C1C(=O)C=C(CCF)N=C(C2=O)N1N(C(=O)C3CNC(O3)C)c4ccc(c5c24)nccc5,AIDD_Results trypanosoma scaffold 1,AIDD_Results trypanosoma scaffold 1,0,Size; Xr-; Xm+; MUT; 1A2,
,3097,17940,false,false,false,255 255 255 255,false,,,,,,,0.4,3,3.4,FCC(=O)C(=C1C)C(C=N)C(=C12)CC=3C(N2C(=O)C)=CC4C(C3)N(CN)N(CC)CC4=O,AIDD_Results trypanosoma scaffold 1,AIDD_Results trypanosoma scaffold 1,0,Size; Xr+; Xm-; HEPX; MUT,
,3098,18752,false,false,false,255 255 255 255,false,,,,,,,2.4,1,3.4,[O-][N+](=O)c1c(C)c(CC)c(=O)n(c12)C(=O)C=3N(S(=O)(=O)C=C(N3)C)C2C4CCC(O)N4C,AIDD_Results trypanosoma scaffold 1,AIDD_Results trypanosoma scaffold 1,0,Size; HBA; ch; MUT,
,3099,23049,false,false,false,255 255 255 255,false,,,,,,,1.4,2,3.4,O=c1cc(CC)nc(C2=O)n1C(C3CCC(O)N3C)c(c4[N+]([O-])=O)n2c(=O)c(c45)CCC5,AIDD_Results trypanosoma scaffold 1,AIDD_Results trypanosoma scaffold 1,0,Size; ch; Xr-; Xm-; MUT,
,3100,13808,false,false,false,255 255 255 255,false,,,,,,,0,1.40233,3.40233,s1cncc1C2=CSC(c(ccc3)cc3CN)=CN2C[C@H](C45F)CN(CC4)CC5,AIDD_Results trypanosoma scaffold 1,AIDD_Results trypanosoma scaffold 1,0,Vd; hERG; Xr-; Xm+; 2C19,
,3101,23416,false,false,false,255 255 255 255,false,,,,,,,1.407,2,3.407,O=c1cc(C)nc(c2=O)n1n(c(c23)c([N+]([O-])=O)c(C)cc3)C4CC(N(C)CC4)n5cncn5,AIDD_Results trypanosoma scaffold 1,AIDD_Results trypanosoma scaffold 1,0,Size; ch; Xr-; Xm+; MUT,
,3102,20668,false,false,false,255 255 255 255,false,,,,,,,1.17426,0.734222,3.40848,FC(F)(F)c1c(C)cc(C)c(c12)S(=O)c3n(c(=O)cc(CF)c3)N2CC4CCN(C)C4,AIDD_Results trypanosoma scaffold 1,AIDD_Results trypanosoma scaffold 1,0,Size; Kow; Sw; fu-; Vd-; Xm; CL-,
,3103,17403,false,false,false,255 255 255 255,false,,,,,,,0,2.5,3.4104,c1cccc(c12)c(F)c3c(N=CNC(=O)C3F)c2[C@H](C45)CN(CO5)CC4O,AIDD_Results trypanosoma scaffold 1,AIDD_Results trypanosoma scaffold 1,0,Xr+; Xm; MUT; 2C9,
,3104,21333,false,false,false,255 255 255 255,false,,,,,,,0.177863,2.5,3.41147,n1coc(c12)cc3c(c2)N(C(=O)C4(O)CN(C)CO4)N5C(S3)=NC=C(C)C(=O)C5,AIDD_Results trypanosoma scaffold 1,AIDD_Results trypanosoma scaffold 1,0,HBA; Xr+; Xm; MUT; 2C19,
,3105,20915,false,false,false,255 255 255 255,false,,,,,,,0,2,3.4131,C1CN(CC2)CC(N12)C(C#N)N(C=CS3)C=C3c4ccc(cc4)S(=O)C,AIDD_Results trypanosoma scaffold 1,AIDD_Results trypanosoma scaffold 1,0,Xr-; Xm+; MUT; 2C19; CL-,
,3106,22497,false,false,false,255 255 255 255,false,,,,,,,1.09664,2.31631,3.41295,O1CNCC1(NC(=O)C)CC(=O)N(c(cc2)c3c(c24)ocn4)n5c(C3)nccc5=O,AIDD_Results trypanosoma scaffold 1,AIDD_Results trypanosoma scaffold 1,0,HBA; ch; Xr-; Xm; MUT,
,3107,22496,false,false,false,255 255 255 255,false,,,,,,,2.91494,0.5,3.41494,O=c1c(Cl)cnc(S2)n1N(C(C23)N(CC3=O)S(=O)(=O)C)CCCNCC4=CCNCC4,AIDD_Results trypanosoma scaffold 1,AIDD_Results trypanosoma scaffold 1,0,Size; HBA; ch; Peff; Xm+,
,3108,14686,false,false,false,255 255 255 255,false,,,,,,,0,1.5887,3.41789,C1CN(CC2)C(C)[C@@H](C12)C(C=N)C(C3)CC(C4=CCNCO4)Sc(c35)cccc5,AIDD_Results trypanosoma scaffold 1,AIDD_Results trypanosoma scaffold 1,0,hERG; rat; Xr-; Xm+; 2C19; 2D6; 3A4,
,3109,18174,false,false,false,255 255 255 255,false,,,,,,,2.03961,1,3.41893,n1cocc1C(C)C(/C(=C/C)NC(=O)C)C(C2)N(CC3O)C[C@@H](C23)CN(C=CS4)c(c45)n(C(=O)O)c(=S)cc5,AIDD_Results trypanosoma scaffold 1,AIDD_Results trypanosoma scaffold 1,0,Size; ch; Peff; fu; Xr-; Xm-,
,3110,20524,false,false,false,255 255 255 255,false,,,,,,,1.79917,0.5,3.41989,CCN1CCNC(C1=O)CN(C2)c(ccc(Cl)c3)c3S(=O)c(c24)cc(F)c(c4)-c5ncno5,AIDD_Results trypanosoma scaffold 1,AIDD_Results trypanosoma scaffold 1,0,Size; Sw; Xr-; 2C9; 2C19; 3A4,
,3111,6412,false,false,false,255 255 255 255,false,,,,,,,0.207445,3.21529,3.42273,NC(=O)c(c1)cc(=O)n(N2)c1SC(=C23)NCC3F,AIDD_Results trypanosoma scaffold 1,AIDD_Results trypanosoma scaffold 1,0,HBD; Xr; Xm; HEPX; MUT,
,3112,2762,false,false,false,255 255 255 255,false,,,,,,,2,1.4256,3.4256,c1cc(Cl)c(C)cc1C(=O)C[N+](C)(C)C(C(=O)N)C(O)CN2c(ccnc3)c3Sc(c24)ccc(Cl)c4,AIDD_Results trypanosoma scaffold 1,AIDD_Results trypanosoma scaffold 1,0,Size; Peff; Xr; Xm+,
,3113,18179,false,false,false,255 255 255 255,false,,,,,,,0.428714,1.5,3.42871,O=c1cc(C#N)cc(S2=O)n1N(CC(C(=O)N)CN(C)C)c(c23)cc(C(F)(F)F)cc3F,AIDD_Results trypanosoma scaffold 1,AIDD_Results trypanosoma scaffold 1,0,Size; fu-; Vd-; Xr-; Xm+; HEPX+; CL-,
,3114,6376,false,false,false,255 255 255 255,false,,,,,,,2.16373,0.754081,3.43026,O1CCN(C)CC1CN2C(S(=O)(=O)NC=C3)=C3Sc(c24)[nH]c(=O)c(Cl)c4-c5c[nH]cn5,AIDD_Results trypanosoma scaffold 1,AIDD_Results trypanosoma scaffold 1,0,Size; HBA; ch; Peff; fu; Xr-; Xm,
,3115,22397,false,false,false,255 255 255 255,false,,,,,,,0.930838,1.5,3.43084,n1csc(c12)c3c(cc2Cl)NN4C(C3=O)=NC(CC4=S)c5ccccc5,AIDD_Results trypanosoma scaffold 1,AIDD_Results trypanosoma scaffold 1,0,Sw; fu; Xr-; Xm,
,3116,17814,false,false,false,255 255 255 255,false,,,,,,,1.02192,2.41571,3.43763,N1C=CCS(=O)(=O)C(C=12)N(C=CS2)CC3C[N+](C)(C)C4C3Cc(c45)cc([N+]([O-])=O)cc5,AIDD_Results trypanosoma scaffold 1,AIDD_Results trypanosoma scaffold 1,0,Size; Peff; Xr+; Xm; MUT,
,3117,14472,false,false,false,255 255 255 255,false,,,,,,,0,2.43952,3.43952,C1CN(CC2)C[C@@H](C12)CCN(C(NC)C3CN)c(c34)cccc4,AIDD_Results trypanosoma scaffold 1,AIDD_Results trypanosoma scaffold 1,0,rat; Xr-; Xm+; MUT; 2C19,
,3118,24522,false,false,false,255 255 255 255,false,,,,,,,0,2.44522,3.44522,C1CN(CC2)C[C@@H](C12F)C(=O)C=3N=C(c4ncon4)SC(C35)=CCC(O5)O,AIDD_Results trypanosoma scaffold 1,AIDD_Results trypanosoma scaffold 1,0,Xr+; Xm; HEPX; 3A4,
,3119,4701,false,false,false,255 255 255 255,false,,,,,,,1.09565,0.5,3.44738,CC(=O)Nc1c(C)c(=O)oc(c12)S(=O)c3n(c(=O)c(CN)cc3)N2C4CCN(C)C4,AIDD_Results trypanosoma scaffold 1,AIDD_Results trypanosoma scaffold 1,0,HBA; ch; fu-; Vd-; Xm+; 2C19; CL-,
,3120,15192,false,false,false,255 255 255 255,false,,,,,,,1.94948,0.5,3.44948,FC(F)(F)c1nc(no1)C2C(N)C(CC2F)N(C3)c(cc(C)cc4)c4S(=O)c(c35)c[nH]c(=O)c5,AIDD_Results trypanosoma scaffold 1,AIDD_Results trypanosoma scaffold 1,0,Size; Sw; Xr+; 2C19,
,3121,23849,false,false,false,255 255 255 255,false,,,,,,,1.9485,1.5,3.4485,CCc1cc(F)cc(c12)S(=O)c3n(N2C4CCN(C)C4)c(=O)c(cc3)Cc5ccccc5,AIDD_Results trypanosoma scaffold 1,AIDD_Results trypanosoma scaffold 1,0,Size; Kow; Sw; Xr-; Xm,
,3122,15415,false,false,false,255 255 255 255,false,,,,,,,0,1.95095,3.45095,FC(F)(F)c1cc(=O)n(C)c(c12)S(=O)c3n(c(=O)c(CN)cc3)N2C(CC4)CC4C,AIDD_Results trypanosoma scaffold 1,AIDD_Results trypanosoma scaffold 1,0,fu-; Vd-; Xm; HEPX; CL-,
,3123,16132,false,false,false,255 255 255 255,false,,,,,,,0,3.45673,3.45673,FC(F)(F)C(C1)CC=C(C=12)N3C(N=COC3=O)C2[C@H](C45)CN(CC4)CC5,AIDD_Results trypanosoma scaffold 1,AIDD_Results trypanosoma scaffold 1,0,rat; Xr+; Xm; HEPX,
,3124,22441,false,false,false,255 255 255 255,false,,,,,,,0,3.45904,3.45904,NCc1cccc(c12)c(Cl)c3c(N=COCC3)c2[C@H](C45)C(=O)N(CO5)CC4,AIDD_Results trypanosoma scaffold 1,AIDD_Results trypanosoma scaffold 1,0,Xr-; Xm; HEPX; MUT,
,3125,21736,false,false,false,255 255 255 255,false,,,,,,,0.961065,1.5,3.46106,CC(=O)NC(NC1=O)CN(C12)C3c4c(cccc4)S(=O)c5c(N3C2)cc(C)c(c5)[N+]([O-])=O,AIDD_Results trypanosoma scaffold 1,AIDD_Results trypanosoma scaffold 1,0,Size; HBA; ch; Xr+; MUT; 2C19,
,3126,10471,false,false,false,255 255 255 255,false,,,,,,,0,2,3.46173,c1csc(c12)CC3C(C2)CCN3,AIDD_Results trypanosoma scaffold 1,AIDD_Results trypanosoma scaffold 1,0,Vd; Xm; MUT; 2C19,
,3127,11894,false,false,false,255 255 255 255,false,,,,,,,0,3,3.46838,N#CC(C1)N(CC2)C[C@@H](C12)CN(C=C(C3)N(CC)CN)n(c34)c(=O)ccc4,AIDD_Results trypanosoma scaffold 1,AIDD_Results trypanosoma scaffold 1,0,Xr-; Xm+; HEPX; MUT; 3A4,
,3128,20336,false,false,false,255 255 255 255,false,,,,,,,1.9705,0.5,3.4705,c1coc(c12)c3c(cc2C(=O)O)Sc4c(N3)c(C(=O)O)c5c(c4Br)CCCC5,AIDD_Results trypanosoma scaffold 1,AIDD_Results trypanosoma scaffold 1,0,Size; Kow; Sw; fu; Xr-,
,3129,25420,false,false,false,255 255 255 255,false,,,,,,,0.6,2.5,3.47062,C1CC=C(C)N=C(C2=O)N1N(C(=O)C3CN(C)CS3)c(c24)ccc(c4)N5C(=O)CNCC5=O,AIDD_Results trypanosoma scaffold 1,AIDD_Results trypanosoma scaffold 1,0,Size; Xr-; Xm; MUT; 3A4,
,3130,14804,false,false,false,255 255 255 255,false,,,,,,,0.198652,2,3.47925,C1NCCC1C(C(C2=O)CCC2)N3C=CS(=O)(=O)C(C34)C=CC4CC5=CCNCC5,AIDD_Results trypanosoma scaffold 1,AIDD_Results trypanosoma scaffold 1,0,ch; Xr-; Xm-; HEPX; 2D6; 3A4,
,3131,20895,false,false,false,255 255 255 255,false,,,,,,,0,3.48035,3.48035,CCN1COCC1CN2N(C(=O)CC=C(N3)C)C=3C(=O)c4c2ccc(c45)nco5,AIDD_Results trypanosoma scaffold 1,AIDD_Results trypanosoma scaffold 1,0,Xr-; Xm; HEPX; MUT,
,3132,16508,false,false,false,255 255 255 255,false,,,,,,,0,3.48386,3.48386,CN1COCC1CN(c(c(F)c2)c3c(c24)ocn4)N5C(C3=O)=NC(C)C5=O,AIDD_Results trypanosoma scaffold 1,AIDD_Results trypanosoma scaffold 1,0,Xr-; Xm; HEPX; MUT,
,3133,18903,false,false,false,255 255 255 255,false,,,,,,,0.48352,3,3.48352,c1oc(=O)cc(S2(=O)=O)c1N(C3SCN(C34)CC4)N(C25)C(=O)CC=5CN,AIDD_Results trypanosoma scaffold 1,AIDD_Results trypanosoma scaffold 1,0,HBA; Xr-; Xm+; HEPX; MUT,
,3134,14984,false,false,false,255 255 255 255,false,,,,,,,0.755,2.5,3.48464,N#CC1C(N)C(C(=O)CF)=CC(N2C(=O)C)=C1SC(C2=3)=CC4C(C3)C(=O)CN5N4CN=C5C,AIDD_Results trypanosoma scaffold 1,AIDD_Results trypanosoma scaffold 1,0,Size; ch; Xr+; Xm+; HEPX+; MUT; 3A4,
,3135,11032,false,false,false,255 255 255 255,false,,,,,,,1.98969,1.5,3.48969,C1C(=O)C=C(C)N=C(C2=O)N1N(C(O3)CN(C)C3C)c(c4[N+]([O-])=O)c2cc(c45)S(=O)(=O)CC5,AIDD_Results trypanosoma scaffold 1,AIDD_Results trypanosoma scaffold 1,0,Size; HBA; ch; Xr-; MUT,
,3136,20224,false,false,false,255 255 255 255,false,,,,,,,2.74197,0.749348,3.49132,CC1=CC(Cl)=CC(C12)C[N+](C)(CC2=O)C(C(=O)N)CCN3C=CS(=O)(=O)c(c34)ccc(C)c4N,AIDD_Results trypanosoma scaffold 1,AIDD_Results trypanosoma scaffold 1,0,Size; HBD; ch; Peff; Xr; Xm-,
,3137,9687,false,false,false,255 255 255 255,false,,,,,,,0,2.49252,3.49252,c1coc(c12)c3c(cc2)N(C#CCN(C)C)N4C(S3)=NCC(C4=O)C5CCNCN5,AIDD_Results trypanosoma scaffold 1,AIDD_Results trypanosoma scaffold 1,0,Vd; hERG; Xr+; Xm+; MUT,
,3138,5606,false,false,false,255 255 255 255,false,,,,,,,0,3.5,3.5,CN(C1)CCC1CN(c(c23)cccc3)N4C(C2=O)=NC=C(C)C(=O)C4,AIDD_Results trypanosoma scaffold 1,AIDD_Results trypanosoma scaffold 1,0,Xr-; Xm; HEPX; MUT,
,3139,6986,false,false,false,255 255 255 255,false,,,,,,,0,3.5,3.5,C1CN(CC2)C[C@@H](C12)C#CN3C(c4ncon4)=CSc(c35)oc(=O)cc5,AIDD_Results trypanosoma scaffold 1,AIDD_Results trypanosoma scaffold 1,0,hERG; Xr-; Xm; MUT,
,3140,6665,false,false,false,255 255 255 255,false,,,,,,,0,3.5,3.5,CCN1COCC1CN2N(C(=S)CC(N3)C)C=3C(=O)c4c2ccc(c45)nco5,AIDD_Results trypanosoma scaffold 1,AIDD_Results trypanosoma scaffold 1,0,Xr-; Xm; HEPX; MUT,
,3141,3529,false,false,false,255 255 255 255,false,,,,,,,0,3.5,3.5,N1C=C(C)C(=O)CN(N2C)C=1C(=O)c3c2ccc(c34)nco4,AIDD_Results trypanosoma scaffold 1,AIDD_Results trypanosoma scaffold 1,0,Xr-; Xm; HEPX; MUT,
,3142,2236,false,false,false,255 255 255 255,false,,,,,,,0,2.5,3.5,N1C=CSC(=C12)OS(=O)(=O)C=C2,AIDD_Results trypanosoma scaffold 1,AIDD_Results trypanosoma scaffold 1,0,Vd-; Xm; HEPX+; MUT; CL-,
,3143,5260,false,false,false,255 255 255 255,false,,,,,,,2,1.5,3.5,c1cccc(S2)c1N(c(c23)ccc(c3Cl)O)CC(N)C[N+](C)(C)Cn(cn4)c(=S)cc4[N+]([O-])=O,AIDD_Results trypanosoma scaffold 1,AIDD_Results trypanosoma scaffold 1,0,Size; Peff; Xm+; MUT,
,3144,9262,false,false,false,255 255 255 255,false,,,,,,,0,3.5,3.5,CN(C1)CCCC1CN(c(c23)cccc3)N4C(C2=O)=NC=C(C)C(=O)C4,AIDD_Results trypanosoma scaffold 1,AIDD_Results trypanosoma scaffold 1,0,Xr-; Xm; HEPX; MUT,
,3145,9414,false,false,false,255 255 255 255,false,,,,,,,0,2,3.5,CC(=O)NCCNC1C(=O)N(CC2)C[C@@H](N12)CN3c(cccc4)c4Sc(c35)c[nH]c5,AIDD_Results trypanosoma scaffold 1,AIDD_Results trypanosoma scaffold 1,0,Xr+; Xm-; HEPX; 3A4; CL-,
,3146,10301,false,false,false,255 255 255 255,false,,,,,,,0,3.5,3.5,CCN(CO1)CC1CN(c(cc2)c3c(c24)ocn4)N5C(C3=O)=NC(C)C5=O,AIDD_Results trypanosoma scaffold 1,AIDD_Results trypanosoma scaffold 1,0,Xr-; Xm; HEPX; MUT,
,3147,11628,false,false,false,255 255 255 255,false,,,,,,,2,0.5,3.5,c1cccc(c12)c3c(cc2C(=O)O)Sc4c(\C(=C\C)C3C)c(C(=O)O)cc(Cl)c4,AIDD_Results trypanosoma scaffold 1,AIDD_Results trypanosoma scaffold 1,0,Kow; Sw; fu; Xm+,
,3148,11960,false,false,false,255 255 255 255,false,,,,,,,0,3.5,3.5,Clc1ccc(=O)n(c12)n(cc2)/C=C(/C34F)CN(CC4)C(C3)c5cnc[nH]5,AIDD_Results trypanosoma scaffold 1,AIDD_Results trypanosoma scaffold 1,0,Xr-; Xm; HEPX; MUT,
,3149,11975,false,false,false,255 255 255 255,false,,,,,,,1,1,3.5,CS(=O)(=O)c(cc1)c(Br)c(NC(=O)C)c1C(SC=C2C#N)=CN2C(N34)CN(CC3)CC4,AIDD_Results trypanosoma scaffold 1,AIDD_Results trypanosoma scaffold 1,0,Size; Xr-; Xm+; 3A4; CL-,
,3150,12915,false,false,false,255 255 255 255,false,,,,,,,0,3.5,3.5,C#CN1COCC1Cn2n(c(=O)cc(n3)CO)c3c(=O)c4c2ccc(c45)nco5,AIDD_Results trypanosoma scaffold 1,AIDD_Results trypanosoma scaffold 1,0,Xr-; Xm; HEPX; MUT,
,3151,13037,false,false,false,255 255 255 255,false,,,,,,,0,3.5,3.5,O1CN(C)C\C1=C\n2n(c(=O)ccn3)c3c(=O)c4c2ccc(c45)nco5,AIDD_Results trypanosoma scaffold 1,AIDD_Results trypanosoma scaffold 1,0,Xr-; Xm; HEPX; MUT,
,3152,13060,false,false,false,255 255 255 255,false,,,,,,,1,1,3.5,CN(C)CC(F)CN1n(c(=O)c(CN)cc2)c2S(=O)C(=C13)N(C)C(=O)C(F)C(=C3)C(F)C4=CCOC=C4,AIDD_Results trypanosoma scaffold 1,AIDD_Results trypanosoma scaffold 1,0,Size; fu-; Vd-; Xr+; Xm+; CL-,
,3153,13111,false,false,false,255 255 255 255,false,,,,,,,0,3.5,3.5,n1nncn1C(S2)=CN([C@H](C34)CN(CC3)CC4)n(c25)c(=O)ccc5,AIDD_Results trypanosoma scaffold 1,AIDD_Results trypanosoma scaffold 1,0,Xr-; Xm; HEPX; MUT,
,3154,13242,false,false,false,255 255 255 255,false,,,,,,,0,2.5,3.5,C12=CCN(CC2)CC\1=C\n(c3cccc4)c(c5c34)N=COC5O,AIDD_Results trypanosoma scaffold 1,AIDD_Results trypanosoma scaffold 1,0,Xr-; HEPX; MUT; 1A2,
,3155,13262,false,false,false,255 255 255 255,false,,,,,,,0,3.5,3.5,C#CN1COCC1CN2N(CC=C(N3)CO)C=3C(=O)c4c2ccc(c45)nco5,AIDD_Results trypanosoma scaffold 1,AIDD_Results trypanosoma scaffold 1,0,Xr-; Xm; HEPX; MUT,
,3156,13524,false,false,false,255 255 255 255,false,,,,,,,2,1.5,3.5,c1cc(Cl)c(F)cc1C(=O)C[N+](C)(C)C(C2=O)CC(N2)N3CSCc(c34)oc(=O)c(Cl)c4N,AIDD_Results trypanosoma scaffold 1,AIDD_Results trypanosoma scaffold 1,0,Size; Peff; Xm-; MUT,
,3157,14237,false,false,false,255 255 255 255,false,,,,,,,0,2.5,3.5,C1C(=O)C=C(CC)N=C(C2=O)N1N(CC3CCN(C)C3)c4ccc(c5c24)nccc5,AIDD_Results trypanosoma scaffold 1,AIDD_Results trypanosoma scaffold 1,0,Vd; Xr-; Xm; HEPX,
,3158,14257,false,false,false,255 255 255 255,false,,,,,,,0,3.5,3.5,n1nncn1C(CS2)=CN([C@H](C34)CN(CC3)CC4)n(c25)c(=O)ccc5,AIDD_Results trypanosoma scaffold 1,AIDD_Results trypanosoma scaffold 1,0,Xr-; Xm; HEPX; MUT,
,3159,14496,false,false,false,255 255 255 255,false,,,,,,,1,1,3.5,CN(C)CC(F)CN1n(c(=O)c(CN)cc2)c2S(=O)C(=C13)N(C)C(=O)C(F)C=C3C(F)C4=CCOC=C4,AIDD_Results trypanosoma scaffold 1,AIDD_Results trypanosoma scaffold 1,0,Size; fu-; Vd-; Xr+; Xm+; CL-,
,3160,14982,false,false,false,255 255 255 255,false,,,,,,,0,2.5,3.5,C1CN=CC=C1n(ccc2=O)c(c3=O)c2n(C)c(c34)cc(c(Cl)c4)C5=CCNCC5,AIDD_Results trypanosoma scaffold 1,AIDD_Results trypanosoma scaffold 1,0,Vd; Xr-; HEPX; MUT,
,3161,15244,false,false,false,255 255 255 255,false,,,,,,,0,3.5,3.5,CCN(CO1)CC1CN2N(C(=O)C(N3)C)C=3C(=O)c4c2ccc(c45)oc(n5)F,AIDD_Results trypanosoma scaffold 1,AIDD_Results trypanosoma scaffold 1,0,Xr-; Xm; HEPX; MUT,
,3162,15596,false,false,false,255 255 255 255,false,,,,,,,0,2.5,3.5,CC(O1)NCC1C(=O)N(c(cc2)c3c(c24)scn4)N5C(O3)=NC=C(F)C(=O)C5,AIDD_Results trypanosoma scaffold 1,AIDD_Results trypanosoma scaffold 1,0,Xr+; Xm; MUT; 1A2,
,3163,15610,false,false,false,255 255 255 255,false,,,,,,,0,2.5,3.5,c1csc(c12)c3c(cc2)N(C(=O)C4CN(C)CO4)N5C(O3)=NC=C(F)C(=O)C5,AIDD_Results trypanosoma scaffold 1,AIDD_Results trypanosoma scaffold 1,0,Xr-; Xm; MUT; 1A2,
,3164,16054,false,false,false,255 255 255 255,false,,,,,,,0,2.5,3.5,C1=CCNc(c12)n3c(N=COCC3)c2C(C45)CN(CC4)NC5,AIDD_Results trypanosoma scaffold 1,AIDD_Results trypanosoma scaffold 1,0,Xr-; HEPX; MUT; 2D6,
,3165,16367,false,false,false,255 255 255 255,false,,,,,,,0.336302,2.9703,3.50009,C1CN(CC2)CC(C12)CCN3N(c4nc(F)on4)C(=O)SC(=C3C)Oc5ccccc5,AIDD_Results trypanosoma scaffold 1,AIDD_Results trypanosoma scaffold 1,0,Size; Kow; hERG; Xr-; Xm+; HEPX; 3A4,
,3166,16628,false,false,false,255 255 255 255,false,,,,,,,0,3.5,3.5,C1=CCNc(c12)n3c(N=COCN3)c2C(C45)CN(CC4)NC5,AIDD_Results trypanosoma scaffold 1,AIDD_Results trypanosoma scaffold 1,0,Xr-; Xm; HEPX; MUT,
,3167,17147,false,false,false,255 255 255 255,false,,,,,,,1,1,3.5,c1ccccc1C(F)(F)C(=C2)CC(=O)N(C)C(=C23)S(=O)c4n(c(=O)c(N)cc4)N3C5C(O)CN(C)C5,AIDD_Results trypanosoma scaffold 1,AIDD_Results trypanosoma scaffold 1,0,Size; fu-; Vd-; Xr+; Xm+; CL-,
,3168,17635,false,false,false,255 255 255 255,false,,,,,,,0,2.5,3.5,O=C1COC=Nc(c12)cn3c2CCC=N3,AIDD_Results trypanosoma scaffold 1,AIDD_Results trypanosoma scaffold 1,0,Xm-; HEPX; MUT; 1A2,
,3169,17745,false,false,false,255 255 255 255,false,,,,,,,0,3.5,3.5,O=c1ocnc(c12)c(C(F)(F)F)n3c2CN=C(N3)c4ccco4,AIDD_Results trypanosoma scaffold 1,AIDD_Results trypanosoma scaffold 1,0,Xr-; Xm; HEPX; MUT,
,3170,18025,false,false,false,255 255 255 255,false,,,,,,,0,3.5,3.5,CCC(C1=S)N=C(C2=O)N1N(c(cc3)c2c(c34)ocn4)CC5COCN5CC,AIDD_Results trypanosoma scaffold 1,AIDD_Results trypanosoma scaffold 1,0,Xr-; Xm; HEPX; MUT,
,3171,18212,false,false,false,255 255 255 255,false,,,,,,,0,3.5,3.5,N1COCC1CN2n(c(=O)c(Cl)cn3)c3C(=O)CC4=C2CCc(c45)nco5,AIDD_Results trypanosoma scaffold 1,AIDD_Results trypanosoma scaffold 1,0,Xr-; Xm; HEPX; MUT,
,3172,18462,false,false,false,255 255 255 255,false,,,,,,,0,2.5,3.5,O=c1c(F)c(C(=O)C)nc(O2)n1N(C)C(=C23)N4C(C3=O)CCC4=O,AIDD_Results trypanosoma scaffold 1,AIDD_Results trypanosoma scaffold 1,0,Xm-; HEPX; MUT; 1A2,
,3173,19510,false,false,false,255 255 255 255,false,,,,,,,0,3.5,3.5,C1OCN(C)CC1C(CC(C)C2=O)n3n2c(=N/C)\c(=O)c4c3ncc(c45)nco5,AIDD_Results trypanosoma scaffold 1,AIDD_Results trypanosoma scaffold 1,0,Xr-; Xm; HEPX; MUT,
,3174,19677,false,false,false,255 255 255 255,false,,,,,,,0.5,2,3.5,C1CN(CC2)N[C@@H](C12F)C(=O)N(c(c34)ccc(c4)N)N5C3=CC(=O)CC=C5,AIDD_Results trypanosoma scaffold 1,AIDD_Results trypanosoma scaffold 1,0,Kow-; fu-; Xr+; Xm-; MUT; CL-,
,3175,20391,false,false,false,255 255 255 255,false,,,,,,,0.5,0.5,3.5,N1=CNC(=O)C(C2)C1C([C@H](C34)CN(CC3)CC4)C(C25F)N=COCC5=O,AIDD_Results trypanosoma scaffold 1,AIDD_Results trypanosoma scaffold 1,0,Kow-; fu-; Vd-; Xr+; 2D6-; 3A4-; CL-,
,3176,20442,false,false,false,255 255 255 255,false,,,,,,,1,2,3.5,C1CN=CC=C1C2CCC(=O)c(n3CCN(C)C)c2c(=O)n(c34)cc(Br)c4C5=CCNCC5,AIDD_Results trypanosoma scaffold 1,AIDD_Results trypanosoma scaffold 1,0,Size; Xr-; Xm-; HEPX; CL-,
,3177,20446,false,false,false,255 255 255 255,false,,,,,,,0,3.5,3.5,O1CN(C)CC1n2n(c(=O)ccn3)c3c(=O)c4c2ccc(c45)nco5,AIDD_Results trypanosoma scaffold 1,AIDD_Results trypanosoma scaffold 1,0,Xr-; Xm; HEPX; MUT,
,3178,20581,false,false,false,255 255 255 255,false,,,,,,,0,3.5,3.5,C1OCN(C)CC1C(C(C)C2=O)n3n2c(=N/C)\c(=O)c4c3ncc(c45)nco5,AIDD_Results trypanosoma scaffold 1,AIDD_Results trypanosoma scaffold 1,0,Xr-; Xm; HEPX; MUT,
,3179,20628,false,false,false,255 255 255 255,false,,,,,,,0,2.5,3.5,C1CNCC=C1c(cc(Cl)c2)c(c23)n(C)c4c(c3=O)n(ccc4=O)C5=CC=NCC5,AIDD_Results trypanosoma scaffold 1,AIDD_Results trypanosoma scaffold 1,0,Vd; Xr-; HEPX; MUT,
,3180,20800,false,false,false,255 255 255 255,false,,,,,,,0,2.5,3.5,Fc1cccc(c12)N(CC(CC)CN)N3C(C2=O)=NC(=C(C)C(=O)C3)C4=CCCO4,AIDD_Results trypanosoma scaffold 1,AIDD_Results trypanosoma scaffold 1,0,Vd; Xr-; Xm; HEPX,
,3181,21118,false,false,false,255 255 255 255,false,,,,,,,0,2.5,3.5,C1CN(CC2)C[C@@H](C12F)C(=O)C=3N=C(c4nnco4)SC(C35)=CCC(C5)O,AIDD_Results trypanosoma scaffold 1,AIDD_Results trypanosoma scaffold 1,0,Xr+; Xm; HEPX; 3A4,
,3182,21469,false,false,false,255 255 255 255,false,,,,,,,0,2,3.5,FC(F)(F)c1cccc(c12)S(=O)c3n(c(=O)c(CO)cc3)N2C4=CCN(C)C4,AIDD_Results trypanosoma scaffold 1,AIDD_Results trypanosoma scaffold 1,0,fu-; Vd-; Xm; HEPX; CL-,
,3183,21780,false,false,false,255 255 255 255,false,,,,,,,0,3.5,3.5,O1CN(C)CC1Cn2n(c(=O)ccn3)c3c(=O)c4c2ccc(c45)nco5,AIDD_Results trypanosoma scaffold 1,AIDD_Results trypanosoma scaffold 1,0,Xr-; Xm; HEPX; MUT,
,3184,21925,false,false,false,255 255 255 255,false,,,,,,,0,1.5,3.5,C1CN(CC2)C[C@@H](C12)CCn3cccc3C4=CCN=CN4,AIDD_Results trypanosoma scaffold 1,AIDD_Results trypanosoma scaffold 1,0,Xm+; HEPX; 2C19; 2D6,
,3185,22208,false,false,false,255 255 255 255,false,,,,,,,0.5,0.5,3.5,N1=CNC(=O)C(C2)C1C(C(C34)CN(CC3)CC4)C(C25F)N=COCC5=O,AIDD_Results trypanosoma scaffold 1,AIDD_Results trypanosoma scaffold 1,0,Kow-; fu-; Vd-; Xr+; 2D6-; 3A4-; CL-,
,3186,23168,false,false,false,255 255 255 255,false,,,,,,,0,3.5,3.5,C1=CCNc(c12)n3c(N=COCN3)c2C(C45)CN(C(=O)C4)CC5,AIDD_Results trypanosoma scaffold 1,AIDD_Results trypanosoma scaffold 1,0,Xr-; Xm; HEPX; MUT,
,3187,23191,false,false,false,255 255 255 255,false,,,,,,,0,2.5,3.5,C1C(=O)C(C)=CN=C(C2=O)N1N(CC3C(C)NCC3)c4cc(C)c(c5c24)cccc5,AIDD_Results trypanosoma scaffold 1,AIDD_Results trypanosoma scaffold 1,0,Vd; Xr-; Xm; MUT,
,3188,23322,false,false,false,255 255 255 255,false,,,,,,,0,1.5,3.5,N1CCC(O2)C1C(c(c23)scc3)C4=CCNCC4,AIDD_Results trypanosoma scaffold 1,AIDD_Results trypanosoma scaffold 1,0,Xm+; HEPX; 2C19; 2D6,
,3189,23388,false,false,false,255 255 255 255,false,,,,,,,0,3.5,3.5,n1ocnc1C(C2=O)Cc(c23)c(F)n4c3CN=C5N4CCCC5,AIDD_Results trypanosoma scaffold 1,AIDD_Results trypanosoma scaffold 1,0,Xr+; Xm; HEPX; MUT,
,3190,23397,false,false,false,255 255 255 255,false,,,,,,,0,2,3.5,FC(F)(F)c(c1)n(C)c(c12)S(=O)c3n(c(=O)n(CN)c(=O)c3)N2CCN(C)C,AIDD_Results trypanosoma scaffold 1,AIDD_Results trypanosoma scaffold 1,0,fu-; Vd-; Xm; HEPX; CL-,
,3191,23583,false,false,false,255 255 255 255,false,,,,,,,0,2.5,3.5,O=c1c(F)c(C(=O)C)nc(O2)n1N(C)CC(=C23)N4C(C3=O)OCC4=O,AIDD_Results trypanosoma scaffold 1,AIDD_Results trypanosoma scaffold 1,0,Xr-; Xm-; HEPX+; MUT; 1A2,
,3192,23587,false,false,false,255 255 255 255,false,,,,,,,0,3.5,3.5,C1C(=O)N(CC2)C=C(C12)c3c(N=COCN4)n4c(c35)NCC=C5,AIDD_Results trypanosoma scaffold 1,AIDD_Results trypanosoma scaffold 1,0,Xr-; Xm; HEPX; MUT,
,3193,23650,false,false,false,255 255 255 255,false,,,,,,,0,2,3.5,FC(F)(F)Cn1c(C)nc(c12)S(=O)c3n(c(=O)c(CF)cc3)N2C4CCN(C)C4,AIDD_Results trypanosoma scaffold 1,AIDD_Results trypanosoma scaffold 1,0,fu-; Vd-; Xm; HEPX; CL-,
,3194,23669,false,false,false,255 255 255 255,false,,,,,,,0,2.5,3.5,CC(O1)CNCC1C(=O)N2N(CC(=O)C(F)=CN3)C=3Oc4c2ccc(c45)ncs5,AIDD_Results trypanosoma scaffold 1,AIDD_Results trypanosoma scaffold 1,0,Xr+; Xm; MUT; 1A2,
,3195,23767,false,false,false,255 255 255 255,false,,,,,,,0.5,0.5,3.5,O=C1COC=NC(C12F)C(C(C34)CN(CC3)CC4)C5C(C2)C(O)CC=N5,AIDD_Results trypanosoma scaffold 1,AIDD_Results trypanosoma scaffold 1,0,Kow-; fu-; Vd-; Xr+; 2D6-; 3A4-; CL-,
,3196,24240,false,false,false,255 255 255 255,false,,,,,,,0,3,3.5,C1=CCC(CN)C2N(C(C3=C12)NC=NC3)C[C@H](C45)CN(CC4)CC5,AIDD_Results trypanosoma scaffold 1,AIDD_Results trypanosoma scaffold 1,0,Xr-; Xm+; HEPX; MUT; CL-,
,3197,24341,false,false,false,255 255 255 255,false,,,,,,,0,2,3.5,CCc1c(C(F)(F)F)ccc(c12)S(=O)c3n(c(=O)c(CO)cc3)N2C4=CCN(C)C4,AIDD_Results trypanosoma scaffold 1,AIDD_Results trypanosoma scaffold 1,0,fu-; Vd-; Xm; HEPX; CL-,
,3198,24360,false,false,false,255 255 255 255,false,,,,,,,0,2,3.5,FC(F)(F)c1cn(C)c(c12)S(=O)c3n(c(=O)n(CN)c(=O)c3)N2CCN(C)C,AIDD_Results trypanosoma scaffold 1,AIDD_Results trypanosoma scaffold 1,0,fu-; Vd-; Xm; HEPX; CL-,
,3199,24778,false,false,false,255 255 255 255,false,,,,,,,0,3.5,3.5,C1CN(CC2)CC(/C12O)=C\n(c3occ4)n(c5c34)c(=O)ccc5,AIDD_Results trypanosoma scaffold 1,AIDD_Results trypanosoma scaffold 1,0,Xr-; Xm; HEPX; MUT,
,3200,24844,false,false,false,255 255 255 255,false,,,,,,,0,2.5,3.5,O=C1COC=Nc(c12)cn3c2CC(F)C=N3,AIDD_Results trypanosoma scaffold 1,AIDD_Results trypanosoma scaffold 1,0,Xm+; HEPX; MUT; 1A2,
,3201,24887,false,false,false,255 255 255 255,false,,,,,,,0,2.5,3.5,OC1CN(CO2)C[C@@H](C12)Cc3c(N=CNC(=O)C4F)c4c(F)c(c35)cccc5,AIDD_Results trypanosoma scaffold 1,AIDD_Results trypanosoma scaffold 1,0,Xr+; Xm; MUT; 2C9,
,3202,25152,false,false,false,255 255 255 255,false,,,,,,,3,0.5,3.5,CC(=O)n(cn1)c(=O)c(N2C(=O)C)c1SC(C23)C(NC3)C(C4)=NCc(c45)occ5NS(=O)(=O)C,AIDD_Results trypanosoma scaffold 1,AIDD_Results trypanosoma scaffold 1,0,Size; HBA; ch; Xr+,
,3203,21644,false,false,false,255 255 255 255,false,,,,,,,0,3.00222,3.50222,n1nncn1C(S2)=CNn(c23)c(=O)ccc3,AIDD_Results trypanosoma scaffold 1,AIDD_Results trypanosoma scaffold 1,0,Xr; Xm; HEPX; MUT; CL-,
,3204,22644,false,false,false,255 255 255 255,false,,,,,,,0,2.93814,3.50203,c1coc(c12)c3c(c(Cl)c2C)N(CCC)N4C(S3)=NCC(CC4=O)C5CNCCN5,AIDD_Results trypanosoma scaffold 1,AIDD_Results trypanosoma scaffold 1,0,Vd; hERG; Xr+; Xm; MUT,
,3205,15637,false,false,false,255 255 255 255,false,,,,,,,0,2,3.50498,C1CN(CO2)C[C@@H](C12)C#CN3C=COC(C3=4)=COCC4,AIDD_Results trypanosoma scaffold 1,AIDD_Results trypanosoma scaffold 1,0,HEPX; MUT; 1A2; 2C19,
,3206,22804,false,false,false,255 255 255 255,false,,,,,,,0.087056,3.42121,3.50826,C1CN(CC2)C(C)C(C12)N3N(c4nc(Br)on4)C(=O)SC(=C35)COCC=C5,AIDD_Results trypanosoma scaffold 1,AIDD_Results trypanosoma scaffold 1,0,Size; hERG; Xr-; Xm+; HEPX; MUT,
,3207,19232,false,false,false,255 255 255 255,false,,,,,,,1.51909,1,3.51909,CCN1CCNC(C1=O)CN(c(c23)ccc(Cl)c2N)Cc4c(S3=O)ccc(c4)-c5ncno5,AIDD_Results trypanosoma scaffold 1,AIDD_Results trypanosoma scaffold 1,0,Size; Sw; Xr-; Xm-; 2C19,
,3208,25362,false,false,false,255 255 255 255,false,,,,,,,1.01979,1,3.51979,CN(C)CC(F)CN1n(c(=O)c(CN)cc2)c2S(=O)C(=C13)N(C)C(=O)C(F)C=C3C(F)C4=CCCC=C4,AIDD_Results trypanosoma scaffold 1,AIDD_Results trypanosoma scaffold 1,0,Size; ch; fu-; Vd-; Xr+; Xm+; CL-,
,3209,19802,false,false,false,255 255 255 255,false,,,,,,,1.2,2.32277,3.52277,[O-][N+](=O)c(c1)ncc(c12)SC3=C(N2C(=O)C#C[N+](C)(C)C)C=CCC3C(C4=O)CCC4,AIDD_Results trypanosoma scaffold 1,AIDD_Results trypanosoma scaffold 1,0,Size; Peff; Xm; HEPX+; MUT,
,3210,13150,false,false,false,255 255 255 255,false,,,,,,,2.48522,0.5,3.53301,C1CNCC=C1c(c2CC)cc(NC(C)CCN(C)C)c(c2)S(=O)c3c(=O)n(CN)cnc3,AIDD_Results trypanosoma scaffold 1,AIDD_Results trypanosoma scaffold 1,0,Size; RotB; HBD; ch; Xm-; 2D6; CL-,
,3211,16842,false,false,false,255 255 255 255,false,,,,,,,0.087056,3.44823,3.53529,C1CN(CC2)C(CC12)C(C)N3N(c4nc(Br)on4)C(=O)SC(=C35)OCC=C5,AIDD_Results trypanosoma scaffold 1,AIDD_Results trypanosoma scaffold 1,0,Size; hERG; Xr-; Xm+; HEPX; MUT,
,3212,22788,false,false,false,255 255 255 255,false,,,,,,,1.0395,1.5,3.5395,FCCCC(=O)C(C1C#N)C=Cc2n(C(=O)C)c(c=3c12)=CC4C(C3)N5N(CC4=O)C(CN)=NC5,AIDD_Results trypanosoma scaffold 1,AIDD_Results trypanosoma scaffold 1,0,Size; ch; fu-; Vd-; Xr+; MUT,
,3213,17503,false,false,false,255 255 255 255,false,,,,,,,2.33333,1,3.54056,c1cc(C(F)(F)F)cc(c12)SC3=C(C=C(C(=O)O)C(=O)CS3)N2CCCN4CCN(CC4)S(=O)(=O)C,AIDD_Results trypanosoma scaffold 1,AIDD_Results trypanosoma scaffold 1,0,Size; HBA; ch; fu; Xr-; Xm-,
,3214,18686,false,false,false,255 255 255 255,false,,,,,,,0.2,2.5,3.54195,c1cccc(c12)c3c(cc2C(=O)C)N(C=O)C4=C(S3)N=C(CC4=O)CCC5CCNC5,AIDD_Results trypanosoma scaffold 1,AIDD_Results trypanosoma scaffold 1,0,Size; Vd; Xr+; Xm; MUT,
,3215,10227,false,false,false,255 255 255 255,false,,,,,,,1.09249,0.950773,3.54326,CN(C)CC(=O)CN1n(c(=O)c(C=N)cc2)c2S(=O)C(=C13)N(C)C(=O)CC(=C3)C(F)(F)C4=CCOC=C4,AIDD_Results trypanosoma scaffold 1,AIDD_Results trypanosoma scaffold 1,0,Size; ch; fu-; Vd-; Xr; Xm-; CL-,
,3216,17468,false,false,false,255 255 255 255,false,,,,,,,1.0458,1,3.5458,o1cccc1C2=C(C(F)(F)F)C(=O)N(C)C(S3=O)C2N(CC4CN(C)CS4)n(c35)c(=O)c(CN)cc5,AIDD_Results trypanosoma scaffold 1,AIDD_Results trypanosoma scaffold 1,0,Size; ch; fu-; Vd-; Xr+; Xm+; CL-,
,3217,11879,false,false,false,255 255 255 255,false,,,,,,,3.04735,0.5,3.54735,O=C(O)C1C(=O)NC(=C12)Sc3c(ccc(C(F)(F)F)c3)N2CC(F)CN4CCN(CC4)S(=O)(=O)C,AIDD_Results trypanosoma scaffold 1,AIDD_Results trypanosoma scaffold 1,0,Size; HBA; ch; Peff; Xr+,
,3218,18940,false,false,false,255 255 255 255,false,,,,,,,0.548242,1.5,3.54824,OC(F)(F)c1c(C(F)(F)F)ccc(c12)S(=O)c3n(c(=O)c(CO)cc3)N2C4=CCN(C)C4,AIDD_Results trypanosoma scaffold 1,AIDD_Results trypanosoma scaffold 1,0,Size; fu-; Vd-; Xr-; Xm+; HEPX+; CL-,
,3219,14074,false,false,false,255 255 255 255,false,,,,,,,0.2,1.5,3.55177,O=C(O)c1c(C)ccc(c12)Sc3c(cc(C(=O)O)cc3)C(C/2=C\Cl)CC4=CCNCC4,AIDD_Results trypanosoma scaffold 1,AIDD_Results trypanosoma scaffold 1,0,Size; fu; Xm+; HEPX; 2C9,
,3220,18217,false,false,false,255 255 255 255,false,,,,,,,0,2.64283,3.55502,CC(N1)CC1CN2C(C(=O)C(C)=CN=C3)N3C(=O)c4c2ccc(c45)occ5,AIDD_Results trypanosoma scaffold 1,AIDD_Results trypanosoma scaffold 1,0,Vd; rat; Xr-; Xm+; MUT; 2D6,
,3221,12531,false,false,false,255 255 255 255,false,,,,,,,0,2.5583,3.5583,C1NC(C)CC1CN2C(C(=O)C(C)=CN=C3)N3C(=O)c4c2ccc(c45)occ5,AIDD_Results trypanosoma scaffold 1,AIDD_Results trypanosoma scaffold 1,0,Vd; rat; Xr-; Xm+; MUT,
,3222,23341,false,false,false,255 255 255 255,false,,,,,,,2.06172,1.5,3.56172,CS(=O)(=O)NC(C)C1NCC(O1)CN2n(c(=O)c(C)cn3)c3Cc4c2ccc(c45)ocn5,AIDD_Results trypanosoma scaffold 1,AIDD_Results trypanosoma scaffold 1,0,Size; HBA; ch; Xr+; Xm,
,3223,16904,false,false,false,255 255 255 255,false,,,,,,,0.5625,0.5,3.5625,N=Cn1cc(C(=O)C)c(=O)c(c12)n(C)c(c2N)C(=O)N(C)C(=O)C,AIDD_Results trypanosoma scaffold 1,AIDD_Results trypanosoma scaffold 1,0,ch; Xm-; 1A2; 2D6-; 3A4-; CL-,
,3224,17401,false,false,false,255 255 255 255,false,,,,,,,0,2,3.56556,O=C(O)C(C1)C(Cl)=CC(O2)=C1Nc(c3)c2cc(c34)CCC4,AIDD_Results trypanosoma scaffold 1,AIDD_Results trypanosoma scaffold 1,0,fu; HEPX; MUT; 2C9,
,3225,20518,false,false,false,255 255 255 255,false,,,,,,,0.066,3.5,3.566,o1cncc1C(C(=O)COC2)=c(c=23)n4n(c3=O)c5c(ncs5)oc4=O,AIDD_Results trypanosoma scaffold 1,AIDD_Results trypanosoma scaffold 1,0,ch; Xr-; Xm; HEPX; MUT,
,3226,25297,false,false,false,255 255 255 255,false,,,,,,,0,2.56595,3.56595,C1CN(CC2)C[C@@H](C12)CCC(C(C3=4)OCC(=O)C4)N=C3c5ccco5,AIDD_Results trypanosoma scaffold 1,AIDD_Results trypanosoma scaffold 1,0,hERG; Xr-; HEPX; MUT; 2D6,
,3227,25306,false,false,false,255 255 255 255,false,,,,,,,0,3,3.5657,c1c(Cl)ccc(c12)Sc3n(N2C)c(=O)c(cn3)C4CNCNC4,AIDD_Results trypanosoma scaffold 1,AIDD_Results trypanosoma scaffold 1,0,Xm; HEPX; MUT; 2D6,
,3228,14556,false,false,false,255 255 255 255,false,,,,,,,0.335366,1.736,3.57136,FC(F)(F)c(c1)c(=O)n(C)c(c12)S(=O)c3n(c(=O)c(cn3)CN)N2C4CCN(C)CO4,AIDD_Results trypanosoma scaffold 1,AIDD_Results trypanosoma scaffold 1,0,Size; HBA; fu-; Vd-; Xr; Xm+; HEPX; CL-,
,3229,10207,false,false,false,255 255 255 255,false,,,,,,,0.5755,2,3.5755,O1CN(C)CC1Nc(n(c23)C(=O)CC2)c(c(=O)c3[N+]([O-])=O)Oc4cccc(n4)Cl,AIDD_Results trypanosoma scaffold 1,AIDD_Results trypanosoma scaffold 1,0,ch; HEPX; MUT; 1A2,
,3230,21110,false,false,false,255 255 255 255,false,,,,,,,0.087056,3.48922,3.57627,C1CN(CC2)CC(C12)C(C)N3N(c4nc(Br)on4)C(=O)SC(=C35)OCC=C5,AIDD_Results trypanosoma scaffold 1,AIDD_Results trypanosoma scaffold 1,0,Size; hERG; Xr-; Xm+; HEPX; MUT,
,3231,24552,false,false,false,255 255 255 255,false,,,,,,,1.07848,1,3.57848,C1CN(CC2)CC(\C12)=C(\F)S(=O)c3c(ccc(c3)-n4cncn4)Sc5ccccc5,AIDD_Results trypanosoma scaffold 1,AIDD_Results trypanosoma scaffold 1,0,Kow; Sw; fu-; Vd-; Xr-; Xm+; CL-,
,3232,14174,false,false,false,255 255 255 255,false,,,,,,,0,3.45325,3.58122,C1CN(CC2)C(CC12)CCN3N(c4nc(F)on4)C(=O)SC(=C3C)OCC,AIDD_Results trypanosoma scaffold 1,AIDD_Results trypanosoma scaffold 1,0,hERG; Xr-; Xm+; HEPX; MUT; 3A4,
,3233,18584,false,false,false,255 255 255 255,false,,,,,,,0,3.5,3.58222,O1CN(C)CC1N2N(C(=S)C(C)CN3)C=3C(=O)c4c2ccc(c45)noc5,AIDD_Results trypanosoma scaffold 1,AIDD_Results trypanosoma scaffold 1,0,Xr-; Xm; HEPX; MUT; 1A2,
,3234,6475,false,false,false,255 255 255 255,false,,,,,,,1.08285,1.5,3.58285,C1CNCC=C1C(C(=O)N)C(C2)CC(C=23)N(C=CS3(=O)=O)CC4CC(C)NC4,AIDD_Results trypanosoma scaffold 1,AIDD_Results trypanosoma scaffold 1,0,HBD; Peff; Xm+; HEPX; 2D6,
,3235,16030,false,false,false,255 255 255 255,false,,,,,,,1.65969,1.5,3.58447,O1CN(C)CC1(O)CC(=O)N(c(cc2N)c3c(c24)ocn4)n5c(C3)nccc5=O,AIDD_Results trypanosoma scaffold 1,AIDD_Results trypanosoma scaffold 1,0,HBA; ch; Xr-; MUT; 1A2,
,3236,18230,false,false,false,255 255 255 255,false,,,,,,,1.58412,1,3.58412,CCN1CCNC(C1=O)CN(c(c23)ccc(Cl)c2N)Cc4c(S3=O)ccc(c4)-c5ncon5,AIDD_Results trypanosoma scaffold 1,AIDD_Results trypanosoma scaffold 1,0,Size; Sw; Xr-; Xm-; 2C19,
,3237,24747,false,false,false,255 255 255 255,false,,,,,,,0,3.5,3.58384,O1CN(C)CC1CN2N(C(=O)CCN3)C=3C(=O)c4c2ccc(c45)ocn5,AIDD_Results trypanosoma scaffold 1,AIDD_Results trypanosoma scaffold 1,0,Xr-; Xm; HEPX; MUT; 1A2,
,3238,15246,false,false,false,255 255 255 255,false,,,,,,,0,2,3.59529,O=c1cc(C#N)cc(S2=O)n1N(CCCN(C)C)c(c23)cc(C(F)(F)F)cc3F,AIDD_Results trypanosoma scaffold 1,AIDD_Results trypanosoma scaffold 1,0,fu-; Vd-; Xr-; Xm; HEPX+; 2C9; CL-,
,3239,17798,false,false,false,255 255 255 255,false,,,,,,,1.57221,1.5,3.59474,C1C(=O)C(C)=CN=C(C2=O)N1C(C3CCC(O)N3C)c(c4[N+]([O-])=O)n2c(=O)c(c45)OCC5,AIDD_Results trypanosoma scaffold 1,AIDD_Results trypanosoma scaffold 1,0,Size; HBA; ch; Xr-; MUT; 1A2,
,3240,16678,false,false,false,255 255 255 255,false,,,,,,,0.662382,0.5,3.5974,c1scc(c12)c(Cl)c(C(=O)C)c3c2Oc4c(C3)ccc(c4)C(=O)O,AIDD_Results trypanosoma scaffold 1,AIDD_Results trypanosoma scaffold 1,0,Sw; fu; Xm-; 1A2; 2C9,
,3241,12663,false,false,false,255 255 255 255,false,,,,,,,0.6,3,3.6,FCC(=O)C(=C1C)CC(C=N)C(=C12)CC=3C(N2C(=O)C)=CC4C(C3)N(CN)N(CC)CC4=O,AIDD_Results trypanosoma scaffold 1,AIDD_Results trypanosoma scaffold 1,0,Size; Xr+; Xm-; HEPX; MUT,
,3242,13145,false,false,false,255 255 255 255,false,,,,,,,0.6,3,3.6,N#CC1C(C(=O)CF)C=CC(N2C(=O)C)=C1SC(C2=3)=CC4C(C3)C(=O)CN5N4CN=C5CO,AIDD_Results trypanosoma scaffold 1,AIDD_Results trypanosoma scaffold 1,0,Size; Xr+; Xm+; HEPX; MUT,
,3243,18595,false,false,false,255 255 255 255,false,,,,,,,0.6,2,3.6,c1cccc(c12)c3c(cc2C(=O)C)N(C=O)C4=C(O3)NN(C(=O)C4)C(=O)CC5=CCN=CC5,AIDD_Results trypanosoma scaffold 1,AIDD_Results trypanosoma scaffold 1,0,Size; Xr+; Xm-; MUT; 1A2,
,3244,20785,false,false,false,255 255 255 255,false,,,,,,,0.6,3,3.6,O=CNC(C)N(CO1)CC1CN(N(C2=3)C(=O)C(N3)C)c4c(C2=O)c5n(c(=O)c4)ccc(F)c5,AIDD_Results trypanosoma scaffold 1,AIDD_Results trypanosoma scaffold 1,0,Size; Xr-; Xm-; HEPX; MUT,
,3245,24108,false,false,false,255 255 255 255,false,,,,,,,0.6,1.5,3.6,n1coc(c12)c(F)cc3c2N(CCCN(C)C)n4c(S3=O)ccc(c4=O)Cc5ccccc5,AIDD_Results trypanosoma scaffold 1,AIDD_Results trypanosoma scaffold 1,0,Size; fu-; Vd-; Xr-; Xm; CL-,
,3246,7793,false,false,false,255 255 255 255,false,,,,,,,3.10088,0.5,3.60088,O=C(O)C1C(=O)NC(=C12)Sc3c(cc(C(F)(F)F)cc3)N2CC(F)CN4CCN(CC4)S(=O)(=O)C,AIDD_Results trypanosoma scaffold 1,AIDD_Results trypanosoma scaffold 1,0,Size; HBA; ch; Peff; Xr+,
,3247,12653,false,false,false,255 255 255 255,false,,,,,,,2.60825,1,3.60825,FC(F)(F)c(c1)ncc(c12)SC3C(=CC=C(C3=O)C(=O)O)N2CCCN4CCN(CC4)S(=O)(=O)C,AIDD_Results trypanosoma scaffold 1,AIDD_Results trypanosoma scaffold 1,0,Size; HBA; ch; Xr-; Xm-,
,3248,19440,false,false,false,255 255 255 255,false,,,,,,,0,2.5,3.61093,c1ccccc1C(C2)CN(C23)CC=4C(N3)CN=CC4,AIDD_Results trypanosoma scaffold 1,AIDD_Results trypanosoma scaffold 1,0,Xm+; HEPX; MUT; 2C19; 2D6,
,3249,18874,false,false,false,255 255 255 255,false,,,,,,,0.460781,1.15095,3.61173,N=C(N)c1cccc(c12)SC3C(N(CC)COC3)C(C2O)C(CF)[C@H](C45)CN(CC4)CC5,AIDD_Results trypanosoma scaffold 1,AIDD_Results trypanosoma scaffold 1,0,Size; HBD; rat; Xr-; Xm+; 2C19; 3A4,
,3250,22514,false,false,false,255 255 255 255,false,,,,,,,1.1185,1,3.6185,[nH]1cncc1Cc2cc(C(F)(F)F)cc(c23)N(C4CCN(C)CO4)n5c(S3=O)ncc(c5=O)CN,AIDD_Results trypanosoma scaffold 1,AIDD_Results trypanosoma scaffold 1,0,Size; ch; fu-; Vd-; Xr+; Xm+; CL-,
,3251,8614,false,false,false,255 255 255 255,false,,,,,,,2.12278,1.5,3.62278,N#Cc(n1)oc(c12)cc3c(c2)C(=O)C=4N(S(=O)(=O)C(C)=CN4)N3C(=O)C5CN(CO5)CC,AIDD_Results trypanosoma scaffold 1,AIDD_Results trypanosoma scaffold 1,0,Size; HBA; ch; Xr-; MUT,
,3252,12309,false,false,false,255 255 255 255,false,,,,,,,0.241934,1.5,3.62427,O=C(O)c1c(Cl)ccc(c12)Sc3c(cc(C(=O)O)cc3)C(C/2=C\C)CC4=CCNCC4,AIDD_Results trypanosoma scaffold 1,AIDD_Results trypanosoma scaffold 1,0,Size; Kow; fu; Xm+; HEPX; 2C9,
,3253,10355,false,false,false,255 255 255 255,false,,,,,,,0.472337,1,3.62743,C1CN(CC2)C[C@@H](C12)CC(c(c34)cccc4)C5C3=CCNC5,AIDD_Results trypanosoma scaffold 1,AIDD_Results trypanosoma scaffold 1,0,Kow; Vd; Xr-; Xm+; 2C19; 2D6,
,3254,20423,false,false,false,255 255 255 255,false,,,,,,,1.1285,1,3.6285,Cc1cc(=O)n(C)c(c12)S(=O)c3n(c(=O)c(C#N)cc3)N2CC4CN(C)C(O4)n(cc5)ccc5=O,AIDD_Results trypanosoma scaffold 1,AIDD_Results trypanosoma scaffold 1,0,Size; ch; fu-; Vd-; Xr-; Xm-; CL-,
,3255,25094,false,false,false,255 255 255 255,false,,,,,,,1.13684,2.49666,3.6335,CN1CCC1CN(N(CC2)C(=O)C(C)CN)C(=C3C(C4=O)C(C)CC4)C2C(=O)C(=C35)OCC5,AIDD_Results trypanosoma scaffold 1,AIDD_Results trypanosoma scaffold 1,0,Size; ch; rat; Xr-; Xm-; HEPX,
,3256,20701,false,false,false,255 255 255 255,false,,,,,,,1.13579,2.5,3.63579,N#CCC=1CC(C(=O)N)C=C(C12)Sc3c(N2C=O)cc(cn3)C(=O)CN,AIDD_Results trypanosoma scaffold 1,AIDD_Results trypanosoma scaffold 1,0,HBD; ch; Xr; Xm; HEPX+,
,3257,11322,false,false,false,255 255 255 255,false,,,,,,,1.13713,1,3.63713,O=c1cccc(S2=O)n1N(CC(O)CN(C)C)C3=C2N(C)C(=O)CC(C4(F)F)=C3CC(=C45)CCC=C5,AIDD_Results trypanosoma scaffold 1,AIDD_Results trypanosoma scaffold 1,0,Size; ch; fu-; Vd-; Xr+; Xm+; CL-,
,3258,19460,false,false,false,255 255 255 255,false,,,,,,,0.548677,2.0896,3.63828,Brc1cccc(c12)SC=3N(N2C#CCN(C)C)C(=O)CC(CN3)C4CNCCN4,AIDD_Results trypanosoma scaffold 1,AIDD_Results trypanosoma scaffold 1,0,Size; Vd; hERG; Xr-; Xm+; MUT,
,3259,23408,false,false,false,255 255 255 255,false,,,,,,,0.2,0,3.63766,FC(F)(F)c1cccc(c12)S(=O)c3c(c(=O)n(cn3)CN)C2c4ccc(cc4)N(C)C,AIDD_Results trypanosoma scaffold 1,AIDD_Results trypanosoma scaffold 1,0,Size; fu-; Vd-; 2C19; 3A4; CL-,
,3260,18685,false,false,false,255 255 255 255,false,,,,,,,2.33333,1,3.63963,O=C(O)C(=C1)C(=O)CSC(S2)=C1N(c(c23)cccc3C(F)(F)F)CCCN4CCN(CC4)S(=O)(=O)C,AIDD_Results trypanosoma scaffold 1,AIDD_Results trypanosoma scaffold 1,0,Size; HBA; ch; fu; Xr-; Xm-,
,3261,24224,false,false,false,255 255 255 255,false,,,,,,,0,2.64012,3.64012,N#CC1OCC(=O)C=C1c2cnn(c2)C(=O)[C@H](C34)CN(CO4)CC3,AIDD_Results trypanosoma scaffold 1,AIDD_Results trypanosoma scaffold 1,0,Xr; Xm; MUT; 1A2,
,3262,5844,false,false,false,255 255 255 255,false,,,,,,,0.645187,2,3.64519,n1coc(c12)c3c(cc2)N(C(=O)C4CN(C)CO4)N5C(C3=O)=NC(CO)=CC(=O)C5,AIDD_Results trypanosoma scaffold 1,AIDD_Results trypanosoma scaffold 1,0,HBA; ch; Xr-; Xm-; MUT; 1A2,
,3263,16794,false,false,false,255 255 255 255,false,,,,,,,0.6,2,3.64538,c1cccc(c12)c3c(c(C)c2C(=O)C)N(C=O)C4=C(O3)N=CC(=CC4)C(=O)C5=CCNCC5,AIDD_Results trypanosoma scaffold 1,AIDD_Results trypanosoma scaffold 1,0,Size; Vd; Xr+; Xm-; MUT; 1A2,
,3264,15196,false,false,false,255 255 255 255,false,,,,,,,0.218109,1.93311,3.65121,O1COCC1(O)C(=O)N2n(c(=O)c(F)c(n3)C)c3Cc4c2ccc(c45)NCO5,AIDD_Results trypanosoma scaffold 1,AIDD_Results trypanosoma scaffold 1,0,HBA; Vd-; Xr-; Xm; MUT; 1A2,
,3265,16892,false,false,false,255 255 255 255,false,,,,,,,1.4992,2,3.65393,CS(=O)(=O)NC(N(CC1)CC2)[C@@H](C12)CN(C3NCC4)C(C5C34)CC(N)C=C5,AIDD_Results trypanosoma scaffold 1,AIDD_Results trypanosoma scaffold 1,0,HBD; ch; Peff; Xr-; Xm-; MUT; 3A4,
,3266,22476,false,false,false,255 255 255 255,false,,,,,,,1.89732,0.2586,3.65592,CC(=O)Nc1c(Br)c(=O)oc(c12)S(=O)c3n(c(=O)c(CN)cc3)N2C4C=CN(C)CC4,AIDD_Results trypanosoma scaffold 1,AIDD_Results trypanosoma scaffold 1,0,Size; HBA; ch; fu-; Vd-; Xm; CL-,
,3267,20412,false,false,false,255 255 255 255,false,,,,,,,0.659019,1.5,3.65902,CN(C)CC(=O)CN(n(c12)c(=O)c(CN)cc1)C3C(S2=O)N(C)C(=O)CC(C(F)(F)F)=C3,AIDD_Results trypanosoma scaffold 1,AIDD_Results trypanosoma scaffold 1,0,Size; HBA; ch; fu-; Vd-; Xr; Xm+; CL-,
,3268,1550,false,false,false,255 255 255 255,false,,,,,,,3.07809,0.5,3.6608,FC(F)(F)c(c1)ccc(c12)Sc3c(cc(C(=O)O)c(=O)[nH]3)N2c([nH]cn4)c4CN5CCNCC5=O,AIDD_Results trypanosoma scaffold 1,AIDD_Results trypanosoma scaffold 1,0,Size; HBD; ch; Peff; fu; Xr-,
,3269,18477,false,false,false,255 255 255 255,false,,,,,,,1.6662,2,3.6662,O=C1C(F)OCC(S2(=O)=O)N1N(c(c23)nccc3)CC4C(NC4)C5=CCNCC5,AIDD_Results trypanosoma scaffold 1,AIDD_Results trypanosoma scaffold 1,0,HBA; Peff; Xr+; Xm+; MUT,
,3270,1964,false,false,false,255 255 255 255,false,,,,,,,2.66667,1,3.66667,FC(F)(F)c(c1)ccc(c12)SC3=C(C=C(C(=O)O)C(=O)NC3)N2CCCN4CCN(CC4)S(=O)(=O)C,AIDD_Results trypanosoma scaffold 1,AIDD_Results trypanosoma scaffold 1,0,Size; HBA; ch; Xr-; Xm-,
,3271,10238,false,false,false,255 255 255 255,false,,,,,,,2.33333,1,3.66716,c1cc(C(F)(F)F)cc(c12)SC3=C(C=C(C(=O)O)C(=O)SC3)N2CCCN4CCN(CC4)S(=O)(=O)C,AIDD_Results trypanosoma scaffold 1,AIDD_Results trypanosoma scaffold 1,0,Size; HBA; ch; fu; Xr-; Xm-,
,3272,21176,false,false,false,255 255 255 255,false,,,,,,,0.170343,3,3.67034,C1CN(CC2)C[C@@H](N12)N(N(C#N)C(=O)S3)C=C3n(c4=S)nnc(c4F)S(=O)(=O)C,AIDD_Results trypanosoma scaffold 1,AIDD_Results trypanosoma scaffold 1,0,Size; Xr+; Xm+; HEPX; MUT; CL-,
,3273,20978,false,false,false,255 255 255 255,false,,,,,,,1,1,3.67137,C/C=C/c(c1)ccc(c12)C3C(CNC3)C2CC(CC45)N(CC4)CC5,AIDD_Results trypanosoma scaffold 1,AIDD_Results trypanosoma scaffold 1,0,Kow; Vd; Xr-; Xm+; 2D6,
,3274,24660,false,false,false,255 255 255 255,false,,,,,,,0,3.5,3.67079,n1nncn1C(S2)=CN(C(CC34)N(CC3)CC4)n(c25)c(=O)ccc5,AIDD_Results trypanosoma scaffold 1,AIDD_Results trypanosoma scaffold 1,0,Xr-; Xm; HEPX; MUT; 3A4,
,3275,19067,false,false,false,255 255 255 255,false,,,,,,,0.172,3.5,3.672,n1ccc(=O)n(c2=O)c1n(n(c23)c(=O)cc(n3)CO)C4CC(C)CN(C45)COC5,AIDD_Results trypanosoma scaffold 1,AIDD_Results trypanosoma scaffold 1,0,ch; Xr-; Xm; HEPX; MUT,
,3276,23436,false,false,false,255 255 255 255,false,,,,,,,0,2.28076,3.67583,O=C1C(C)=CN=CN(C2=O)C1N(CC3CC(C)N3)c4ccc(c5c24)cccc5,AIDD_Results trypanosoma scaffold 1,AIDD_Results trypanosoma scaffold 1,0,Vd; rat; Xr-; Xm+; MUT; 2C9,
,3277,16612,false,false,false,255 255 255 255,false,,,,,,,0.2,3.47697,3.67697,C1C(=O)C=C(CF)N=C(C2=O)N1N(/C=C3/CCN(C)C3)c4ccc(c5c24)c(=O)occ5,AIDD_Results trypanosoma scaffold 1,AIDD_Results trypanosoma scaffold 1,0,Size; Xr-; Xm; HEPX; MUT,
,3278,11243,false,false,false,255 255 255 255,false,,,,,,,0.68,2,3.68,NC(=O)c1cccc(c12)SCC(C3=CCNCC3)C(C2)C(C=N)[C@](C)(C45)CN(CC4)CC5,AIDD_Results trypanosoma scaffold 1,AIDD_Results trypanosoma scaffold 1,0,Size; rat; Xr-; Xm+; 2C19,
,3279,22880,false,false,false,255 255 255 255,false,,,,,,,0.1805,3.5,3.6805,CCN(CO1)CC1N2N(C(=S)CC(N3)C)C=3C(=O)c4c2c([N+]([O-])=O)cc(c45)noc5,AIDD_Results trypanosoma scaffold 1,AIDD_Results trypanosoma scaffold 1,0,ch; Xr-; Xm; HEPX; MUT,
,3280,14588,false,false,false,255 255 255 255,false,,,,,,,1.68098,1,3.68098,CC(=O)N(C=N1)C(=O)CC(N2C=O)=C1Sc(c23)ncn(c3=O)C(=O)N,AIDD_Results trypanosoma scaffold 1,AIDD_Results trypanosoma scaffold 1,0,HBA; ch; Kow-; Vd-; hERG-; Xr-; CL-,
,3281,18276,false,false,false,255 255 255 255,false,,,,,,,2.184,1.5,3.684,OCN1COCC1Cn2n(c(=O)cc(n3)C)c3c(=O)c4c2ccc(c45)N(CO5)S(=O)(=O)C,AIDD_Results trypanosoma scaffold 1,AIDD_Results trypanosoma scaffold 1,0,Size; HBA; ch; Xr-; MUT,
,3282,8276,false,false,false,255 255 255 255,false,,,,,,,0.689187,1.49773,3.68692,OCC(=O)NC(C(N12)=O)N(CC2)CC1CN3n(c(=O)ccc4)c4Sc(c35)c[nH]c5C(F)(F)F,AIDD_Results trypanosoma scaffold 1,AIDD_Results trypanosoma scaffold 1,0,Size; Xr+; Xm; 3A4; CL-,
,3283,7930,false,false,false,255 255 255 255,false,,,,,,,0.689187,1.5,3.68919,OCC(=O)NC1C(=O)N(CC2)C[C@@H](N12)CN3n(c(=O)ccc4)c4Sc(c35)c[nH]c5C(F)(F)F,AIDD_Results trypanosoma scaffold 1,AIDD_Results trypanosoma scaffold 1,0,Size; Xr+; Xm; 3A4; CL-,
,3284,13223,false,false,false,255 255 255 255,false,,,,,,,1.27321,2,3.69189,O1CN(C)CC1(O)CC(=O)N2n(c(=O)ccn3)c3Cc4c2cc(O)c(c45)ocn5,AIDD_Results trypanosoma scaffold 1,AIDD_Results trypanosoma scaffold 1,0,HBA; ch; Xr-; Xm-; MUT; 2C9,
,3285,18515,false,false,false,255 255 255 255,false,,,,,,,0.692967,2,3.69297,N#CCC(C1)N(CC2)C[C@@H](C12)CN3N(C(=O)CC(C4)N)C4SC(C35)NCC5NC(=O)C,AIDD_Results trypanosoma scaffold 1,AIDD_Results trypanosoma scaffold 1,0,Size; HBD; HBA; Peff; Xr-; Xm+; MUT; 3A4,
,3286,17042,false,false,false,255 255 255 255,false,,,,,,,0.653067,1.06197,3.69358,CCc(c1)ccc(c1C(C23)NC2)C3C[C@H](C45)CN(CC4)CC5,AIDD_Results trypanosoma scaffold 1,AIDD_Results trypanosoma scaffold 1,0,Kow; Vd; hERG; Xr-; Xm+; 2D6,
,3287,15032,false,false,false,255 255 255 255,false,,,,,,,0.2,2.5,3.7,c1cccc(c12)c3c(cc2C(=O)C)N(C=O)C4=C(S3)N=CC(C4=O)CCC5CCNC5,AIDD_Results trypanosoma scaffold 1,AIDD_Results trypanosoma scaffold 1,0,Size; Vd; Xr+; Xm; MUT,
,3288,15925,false,false,false,255 255 255 255,false,,,,,,,0.2,3.5,3.7,C1C(=O)C=C(CF)N=C(C2=O)N1N(/C=C3/CCN(C)C3)c4ccc(c5c24)oc(=O)cc5,AIDD_Results trypanosoma scaffold 1,AIDD_Results trypanosoma scaffold 1,0,Size; Xr-; Xm; HEPX; MUT,
,3289,18266,false,false,false,255 255 255 255,false,,,,,,,0.2,3.5,3.7,C1C(=O)C=C(CF)N=C(C2=O)N1N(/C=C3\CC(C)NC3)c4ccc(c5c24)oc(=O)cc5,AIDD_Results trypanosoma scaffold 1,AIDD_Results trypanosoma scaffold 1,0,Size; Xr-; Xm; HEPX; MUT,
,3290,22717,false,false,false,255 255 255 255,false,,,,,,,0.2,2.5,3.7,C1C(=O)C=C(CC)N=C(C2=O)N1N(/C=C3/CCN(C)C3)c(c2c45)ccc4nccc5F,AIDD_Results trypanosoma scaffold 1,AIDD_Results trypanosoma scaffold 1,0,Size; Vd; Xr-; Xm; HEPX,
,3291,24936,false,false,false,255 255 255 255,false,,,,,,,2.2,1.5,3.7,N#Cc(n1)oc(c12)cc3c(c2)C(=O)C=4N(S(=O)(=O)N(C)C(N4)=O)N3CC5CN(C)CO5,AIDD_Results trypanosoma scaffold 1,AIDD_Results trypanosoma scaffold 1,0,Size; HBA; ch; Xr-; MUT,
,3292,22180,false,false,false,255 255 255 255,false,,,,,,,0.4605,3.24044,3.70094,c1cc(C#N)c([N+]([O-])=O)c(c12)N(C(CC3C)CN3C)N4C(C2=O)=NC(C)=CC(=O)C4,AIDD_Results trypanosoma scaffold 1,AIDD_Results trypanosoma scaffold 1,0,ch; Xr-; Xm; HEPX; MUT,
,3293,24250,false,false,false,255 255 255 255,false,,,,,,,0.8,2.40369,3.70369,C1CNCC=C1c(cc(Cl)c2)c(c3CCN(C)C)n2c(=O)c(c34)C(CCC4=O)C5=CC=NCC5,AIDD_Results trypanosoma scaffold 1,AIDD_Results trypanosoma scaffold 1,0,Size; rat; Xr-; Xm+; HEPX; CL-,
,3294,12674,false,false,false,255 255 255 255,false,,,,,,,1.20729,1,3.70729,C1=COCC=C1C(F)(F)C(=C2)C(F)C(=O)N(C)C(=C23)S(=O)c4n(c(=O)c(CN)cc4)N3CC(F)CN(C)C,AIDD_Results trypanosoma scaffold 1,AIDD_Results trypanosoma scaffold 1,0,Size; ch; fu-; Vd-; Xr+; Xm+; CL-,
,3295,22828,false,false,false,255 255 255 255,false,,,,,,,0.208685,2,3.70868,FC(F)(F)c(c1)c(=O)n(C)c(c12)S(=O)c3c(cc(C)c(=O)[nH]3)N2C(C4O)OCN(C)C4,AIDD_Results trypanosoma scaffold 1,AIDD_Results trypanosoma scaffold 1,0,Size; fu-; Vd-; Xr; HEPX; CL-,
,3296,21740,false,false,false,255 255 255 255,false,,,,,,,1.21,1,3.71,S1CN(C)CC1CN2n(c(=O)c(C#N)cc3)c3S(=O)c(c24)n(c(=O)c(C)c4)Cc5cc(=O)cc[nH]5,AIDD_Results trypanosoma scaffold 1,AIDD_Results trypanosoma scaffold 1,0,Size; ch; fu-; Vd-; Xr-; Xm+; CL-,
,3297,11547,false,false,false,255 255 255 255,false,,,,,,,1.6263,1,3.7119,o1cccc1CN(CO2)CC2N3c([nH]ccc4=O)c4SC(=C35)NCC(Cl)=C5NS(=O)(=O)C,AIDD_Results trypanosoma scaffold 1,AIDD_Results trypanosoma scaffold 1,0,Size; HBA; Xr-; Xm-; 2C9; 3A4,
,3298,13082,false,false,false,255 255 255 255,false,,,,,,,0.71665,3,3.71665,c1oc(=O)cc(S2(=O)=O)c1N(C3CCN(C34)CC4)N(C25)C(=O)CC=5CN,AIDD_Results trypanosoma scaffold 1,AIDD_Results trypanosoma scaffold 1,0,HBA; Peff; Xr-; Xm-; HEPX; MUT,
,3299,16122,false,false,false,255 255 255 255,false,,,,,,,0.716707,1.5,3.71671,FC(F)(F)c1c(C(F)(F)F)ccc(c12)S(=O)c3n(c(=O)c(CO)cc3)N2C4=CCN(C)C4,AIDD_Results trypanosoma scaffold 1,AIDD_Results trypanosoma scaffold 1,0,Size; Sw; fu-; Vd-; Xr+; Xm+; HEPX+; CL-,
,3300,11010,false,false,false,255 255 255 255,false,,,,,,,0.230613,2,3.73061,FC(F)(F)c(c1)c(=O)n(C)c(c12)S(=O)C=3N(CC(CN)=CC3)N2CC4CN(C)CS4,AIDD_Results trypanosoma scaffold 1,AIDD_Results trypanosoma scaffold 1,0,Size; fu-; Vd-; Xr-; Xm+; HEPX; CL-,
,3301,16944,false,false,false,255 255 255 255,false,,,,,,,0,3.73264,3.73264,C1CN(CO2)C=C(C12)CC(=O)N(C=CS3)NC3C4=CC(=O)C=CC4,AIDD_Results trypanosoma scaffold 1,AIDD_Results trypanosoma scaffold 1,0,Xr; Xm; HEPX; MUT,
,3302,11858,false,false,false,255 255 255 255,false,,,,,,,2.74181,1,3.74181,n1cncn1C(C2=O)N(S(=O)(=O)C)C(=C23)N(CCCN(C)C)n4c(S3)ncc(c4=O)-c5ccccc5,AIDD_Results trypanosoma scaffold 1,AIDD_Results trypanosoma scaffold 1,0,Size; HBA; ch; Peff; Xr-; Xm+,
,3303,3612,false,false,false,255 255 255 255,false,,,,,,,2.33333,1,3.74493,FC(F)(F)c(c1)ccc(c12)SC3=C(C=C(C(=O)O)C(=O)SC3)N2CCCN4CCN(CC4)S(=O)(=O)C,AIDD_Results trypanosoma scaffold 1,AIDD_Results trypanosoma scaffold 1,0,Size; HBA; ch; fu; Xr-; Xm-,
,3304,16545,false,false,false,255 255 255 255,false,,,,,,,0,3.29128,3.74522,CN1COCC1CN2N(C(=O)CC(N3)C)C=3C(=O)c4c2ccc(c45)noc5,AIDD_Results trypanosoma scaffold 1,AIDD_Results trypanosoma scaffold 1,0,Xr-; Xm; HEPX; MUT; 1A2,
,3305,23761,false,false,false,255 255 255 255,false,,,,,,,0,2.74925,3.74925,C1CN(CC2)C[C@@H](C12)CC3C(N=COC4=O)N4C(=C35)C=CC(F)C5,AIDD_Results trypanosoma scaffold 1,AIDD_Results trypanosoma scaffold 1,0,rat; Xr-; Xm; HEPX; 2C19,
,3306,25388,false,false,false,255 255 255 255,false,,,,,,,1.74873,1.5,3.74873,O1CN(C)CC1(O)CC(=O)N2N(C(=O)CCN3)C=3Oc4c2c([N+]([O-])=O)cc(c45)non5,AIDD_Results trypanosoma scaffold 1,AIDD_Results trypanosoma scaffold 1,0,Size; HBA; ch; Xr+; MUT; CL-,
,3307,17456,false,false,false,255 255 255 255,false,,,,,,,0.469963,1,3.75336,S1CN(C)CC1CN2n(c(=O)c(C#N)cc3)c3S(=O)C(C24)CN(C)C(=O)C=4C(F)(F)F,AIDD_Results trypanosoma scaffold 1,AIDD_Results trypanosoma scaffold 1,0,Size; fu-; Vd-; Xm; 3A4; CL-,
,3308,6271,false,false,false,255 255 255 255,false,,,,,,,0.755,3,3.755,N#CC1C(C(=O)CF)C=CC(N2C(=O)C)=C1SC(C2=3)=CC4C(C3)C(=O)CN5N4CN=C5CN,AIDD_Results trypanosoma scaffold 1,AIDD_Results trypanosoma scaffold 1,0,Size; ch; Xr+; Xm+; HEPX; MUT,
,3309,19431,false,false,false,255 255 255 255,false,,,,,,,1.26324,2.5,3.76324,NC(=O)C1C(NCN1)c(c(n2)C#N)c(=O)n(N3C)c2Sc4c3cc(Cl)c(c45)coc5,AIDD_Results trypanosoma scaffold 1,AIDD_Results trypanosoma scaffold 1,0,HBD; ch; Xr+; Xm; MUT,
,3310,20555,false,false,false,255 255 255 255,false,,,,,,,2.77103,1,3.77103,CNC(=O)C(CC1)CC(C1C23)N(C2NCC3)CC(CC45)(N(CC4)CC5)CCS(=O)(=O)N,AIDD_Results trypanosoma scaffold 1,AIDD_Results trypanosoma scaffold 1,0,Size; HBD; HBA; ch; Peff; Xr-; Xm-,
,3311,21963,false,false,false,255 255 255 255,false,,,,,,,1.06121,1.5,3.77342,N#CCC(=O)CN1c(cc(C(=O)O)cc2Cl)c2Oc3c1ccc4c3CCC(C45)CCC5,AIDD_Results trypanosoma scaffold 1,AIDD_Results trypanosoma scaffold 1,0,Size; Sw; fu; Xr-; HEPX; 2C9,
,3312,17507,false,false,false,255 255 255 255,false,,,,,,,1.77534,2,3.77534,c1coc2n(C(=O)O)c(c3c12)Oc4c(cc([N+]([O-])=O)cc4)N3CCCN5CCNCC5=O,AIDD_Results trypanosoma scaffold 1,AIDD_Results trypanosoma scaffold 1,0,Size; HBA; ch; Peff; Xr-; Xm-; MUT,
,3313,22712,false,false,false,255 255 255 255,false,,,,,,,1.27523,1,3.77523,CN(C)CC(F)CN1n(c(=O)c(C=N)cc2)c2S(=O)C(N(C)C3=O)=C1C=C(C4(F)O)C3C(C4=5)=COCC5,AIDD_Results trypanosoma scaffold 1,AIDD_Results trypanosoma scaffold 1,0,Size; HBA; fu-; Vd-; Xr+; Xm+; CL-,
,3314,25119,false,false,false,255 255 255 255,false,,,,,,,0.5,0.775641,3.77564,N1=CNC(=O)C(=C2)C1C([C@H](C34)CN(CC3)CC4)C(C25F)N=COCC5=O,AIDD_Results trypanosoma scaffold 1,AIDD_Results trypanosoma scaffold 1,0,Kow-; fu-; Vd-; Xr+; Xm; 2D6-; 3A4-; CL-,
,3315,18484,false,false,false,255 255 255 255,false,,,,,,,0.472337,1,3.77892,c1cccc(c12)C(CC(CC34)N(CC3)CC4)C5C2=CCNC5,AIDD_Results trypanosoma scaffold 1,AIDD_Results trypanosoma scaffold 1,0,Kow; Vd; Xr-; Xm+; 2C19; 2D6,
,3316,20910,false,false,false,255 255 255 255,false,,,,,,,2.78345,1,3.78345,CS(=O)(=O)C(C1)CC(=O)N(C2=O)C1C(C#N)C(S3)=C2N(C(=O)C)c(c34)n(cc4)C(=O)Cn5cncn5,AIDD_Results trypanosoma scaffold 1,AIDD_Results trypanosoma scaffold 1,0,Size; HBA; ch; Xr+; Xm+,
,3317,24515,false,false,false,255 255 255 255,false,,,,,,,0.4,2.5,3.78258,C1CN(C)C(C)CC1CN(c(c23)cc4c(c3)cccn4)N5C(C2=O)=NC(CC)=CC(=O)C5,AIDD_Results trypanosoma scaffold 1,AIDD_Results trypanosoma scaffold 1,0,Size; Vd; Xr-; Xm; HEPX,
,3318,19205,false,false,false,255 255 255 255,false,,,,,,,1.29127,1.96506,3.78578,CNC(=O)c1c(N)c(Cc2c([N+]([O-])=O)cco2)n(c13)NC=NC3,AIDD_Results trypanosoma scaffold 1,AIDD_Results trypanosoma scaffold 1,0,HBD; ch; Xm; MUT; 2C19,
,3319,13049,false,false,false,255 255 255 255,false,,,,,,,2.19642,1.59152,3.78793,NCC(=O)C(C1)C(C#N)C(=C12)Sc3c(N2C=O)c(=O)n(cn3)C(=O)CN,AIDD_Results trypanosoma scaffold 1,AIDD_Results trypanosoma scaffold 1,0,HBD; ch; Peff; Xr; Xm,
,3320,18576,false,false,false,255 255 255 255,false,,,,,,,1,1,3.78853,C/C=C/c(cc1)cc(c12)C3C(CNC3)C2CC(CC45)N(CC4)CC5,AIDD_Results trypanosoma scaffold 1,AIDD_Results trypanosoma scaffold 1,0,Kow; Vd; Xr-; Xm+; 2D6,
,3321,23462,false,false,false,255 255 255 255,false,,,,,,,1.8,2,3.8,CN1CCC1CN(N(CC2O)C(=O)C(C)CN)C(=C3C(C4=O)C(C)CC4)C2C(=O)C(=C35)CCC5,AIDD_Results trypanosoma scaffold 1,AIDD_Results trypanosoma scaffold 1,0,Size; ch; rat; Xr+; Xm-,
,3322,25488,false,false,false,255 255 255 255,false,,,,,,,0.8,2,3.8,c1cc(=O)oc(c12)c(C(=O)C)cc3c2OC4=C(N3C=O)CC=C(C=N4)C(=O)CC5=CCNCC5,AIDD_Results trypanosoma scaffold 1,AIDD_Results trypanosoma scaffold 1,0,Size; Xr-; Xm-; HEPX; 1A2,
,3323,16201,false,false,false,255 255 255 255,false,,,,,,,1,1.30241,3.80241,O=c1cccc(S2=O)n1N(C(O)CN(C)C)C3=C2N(C)C(=O)CC(C4(F)F)=C3CC(=C45)CCC=C5,AIDD_Results trypanosoma scaffold 1,AIDD_Results trypanosoma scaffold 1,0,Size; fu-; Vd-; Xr+; Xm; CL-,
,3324,19089,false,false,false,255 255 255 255,false,,,,,,,0.88331,0.5,3.80571,c1cc(C(F)(F)F)cc(c12)S(=O)c3c(oc(=O)cc3)C(C)N2C(C(O4)N)CC4c5ncon5,AIDD_Results trypanosoma scaffold 1,AIDD_Results trypanosoma scaffold 1,0,Size; ch; fu-; Vd-; Xr+; 2C19; CL-,
,3325,21871,false,false,false,255 255 255 255,false,,,,,,,1.30759,1,3.80759,C1=COCC=C1C(F)(F)C(=C2)C(F)C(=O)N(C)C(=C23)S(=O)c4n(c(=O)cc(c4)CN)N3CC(F)CN(C)C,AIDD_Results trypanosoma scaffold 1,AIDD_Results trypanosoma scaffold 1,0,Size; ch; fu-; Vd-; Xr+; Xm+; CL-,
,3326,23624,false,false,false,255 255 255 255,false,,,,,,,0.0026617,1.5,3.80953,c1c(=O)[nH]c(=O)n2c1S(=O)c(cc(C)c(C(F)(F)F)c3)c3N4C2NC(C45)CC(C)C5,AIDD_Results trypanosoma scaffold 1,AIDD_Results trypanosoma scaffold 1,0,Sw; fu-; Vd-; Xr-; HEPX; 2C9; CL-,
,3327,24708,false,false,false,255 255 255 255,false,,,,,,,0,3.81355,3.81355,NCc1cccc(c12)c(Cl)c3c(N=COCC3)c2[C@H](C45)C(=O)N(C5)CC4,AIDD_Results trypanosoma scaffold 1,AIDD_Results trypanosoma scaffold 1,0,rat; Xr-; Xm; HEPX; MUT,
,3328,22261,false,false,false,255 255 255 255,false,,,,,,,1.81475,0.5,3.81475,O=c(o1)ccc(S2=O)c1C(C)N(c(c23)cccc3C(F)(F)F)C4C(N)OC(C4)c5ncccn5,AIDD_Results trypanosoma scaffold 1,AIDD_Results trypanosoma scaffold 1,0,Size; Sw; fu-; Vd-; Xr+; CL-,
,3329,9960,false,false,false,255 255 255 255,false,,,,,,,1,1,3.8283,C/C=C/c(cc1)cc(c12)C3C(CNC3)C2C[C@H](C45)CN(CC4)CC5,AIDD_Results trypanosoma scaffold 1,AIDD_Results trypanosoma scaffold 1,0,Kow; Vd; Xr-; Xm+; 2D6,
,3330,20019,false,false,false,255 255 255 255,false,,,,,,,1.0625,2.76505,3.82755,N#Cc(n1)oc(c12)cc3c(c2)C(=O)C=4N(S(=O)(=O)C(C)=CN4)N3CC5CN(C)CO5,AIDD_Results trypanosoma scaffold 1,AIDD_Results trypanosoma scaffold 1,0,HBA; ch; Xr-; Xm; HEPX; MUT,
,3331,7019,false,false,false,255 255 255 255,false,,,,,,,3.01658,0.813626,3.8302,O=c1c(C)cn(S(=O)(=O)C)c(c12)SC=CN2C(C#N)CCN3CCNCC3C(C4=O)CCC4O,AIDD_Results trypanosoma scaffold 1,AIDD_Results trypanosoma scaffold 1,0,Size; HBA; ch; Peff; Xr,
,3332,23303,false,false,false,255 255 255 255,false,,,,,,,1.83435,2,3.83435,C1CCc(c12)n(C(=O)CN)c(=O)c(Cl)c2Cc(c3CN=CC4=O)c(NC(=O)C)c(c5c34)nccc5,AIDD_Results trypanosoma scaffold 1,AIDD_Results trypanosoma scaffold 1,0,Size; ch; Sw; Xr-; Xm-; HEPX,
,3333,19272,false,false,false,255 255 255 255,false,,,,,,,3.21431,0.5,3.8376,O=c1ccn(S(=O)(=O)C)c(c12)SCN2C(C#N)CN3CC(NC(=O)C)NCC3C(C4=O)CCC4,AIDD_Results trypanosoma scaffold 1,AIDD_Results trypanosoma scaffold 1,0,Size; HBA; ch; Peff; Xm-; 3A4,
,3334,25377,false,false,false,255 255 255 255,false,,,,,,,2.49012,1,3.83788,O=C(O)C(=C1)C(=O)CSC(S2)=C1N(c(c23)cccc3C(F)(F)F)CCC(C)N4CCN(CC4)S(=O)(=O)C,AIDD_Results trypanosoma scaffold 1,AIDD_Results trypanosoma scaffold 1,0,Size; HBA; ch; Sw; Xr-; Xm-; 3A4,
,3335,11442,false,false,false,255 255 255 255,false,,,,,,,1.2699,1.06916,3.83907,c1ccccc1C(F)(F)C(=C2)CC(=O)N(C)C(=C23)S(=O)c4n(c(=O)c(N)cc4)N3CC(O)CN(C)C,AIDD_Results trypanosoma scaffold 1,AIDD_Results trypanosoma scaffold 1,0,Size; ch; fu-; Vd-; Xr; Xm+; CL-,
,3336,12605,false,false,false,255 255 255 255,false,,,,,,,1,1.35364,3.85538,NC(=O)c1cccc(c12)SCC(\C=C\CNCC)C(C2)C(C=N)[C@](C)(C34)CN(CC3)CC4,AIDD_Results trypanosoma scaffold 1,AIDD_Results trypanosoma scaffold 1,0,Size; rat; Xm+; 2C19; 3A4,
,3337,13032,false,false,false,255 255 255 255,false,,,,,,,0.858704,2,3.8587,o1cnn2c(=O)cc(c3c12)N(C(=O)C4CNC(O4)C)N5C(O3)=NC=C(F)C(=O)C5,AIDD_Results trypanosoma scaffold 1,AIDD_Results trypanosoma scaffold 1,0,HBA; ch; Xr-; Xm+; MUT; 1A2,
,3338,23688,false,false,false,255 255 255 255,false,,,,,,,0,3.5,3.85996,O1CN(C)CC1CN2N(C(=O)CCN3)C=3C(=O)c4c2ccc(c45)nco5,AIDD_Results trypanosoma scaffold 1,AIDD_Results trypanosoma scaffold 1,0,Xr-; Xm; HEPX; MUT; 1A2,
,3339,12692,false,false,false,255 255 255 255,false,,,,,,,0.366245,2,3.86625,FC(F)(F)c(c1)c(=O)n(C)c(c12)S(=O)C=3N(CC(CN)=NC3)N2CC4CN(C)CS4,AIDD_Results trypanosoma scaffold 1,AIDD_Results trypanosoma scaffold 1,0,Size; Peff; fu-; Vd-; Xr-; Xm+; HEPX; CL-,
,3340,8388,false,false,false,255 255 255 255,false,,,,,,,0,3,3.87221,O=C1NCN=C(S2)N1N(C)c(c(F)c3Cl)c2c(c34)OCC4N,AIDD_Results trypanosoma scaffold 1,AIDD_Results trypanosoma scaffold 1,0,Xm; HEPX; MUT; 1A2,
,3341,21458,false,false,false,255 255 255 255,false,,,,,,,0.6,3.28734,3.88734,O=C1CC=C(C)N=C(C2=O)N1N(C(C3C)CCCN3C)c(c24)c([N+]([O-])=O)c5c(c4)cccn5,AIDD_Results trypanosoma scaffold 1,AIDD_Results trypanosoma scaffold 1,0,Size; Xr-; Xm; HEPX; MUT,
,3342,13954,false,false,false,255 255 255 255,false,,,,,,,2.38933,1,3.88933,CN(C)CCC(C)Nc1c(S(=O)c2c(=O)n(CN)cnc2)n(CC)c(c1)C3=CCNCC3,AIDD_Results trypanosoma scaffold 1,AIDD_Results trypanosoma scaffold 1,0,Size; RotB; HBD; ch; Peff; Xr-; Xm-; CL-,
,3343,23178,false,false,false,255 255 255 255,false,,,,,,,1.7,2.18921,3.88921,CC(=O)Nc1cn(C(=O)CN)c(=O)c(Cl)c1Sc(cc(c23)nco3)c4c2C(=O)C=NC4,AIDD_Results trypanosoma scaffold 1,AIDD_Results trypanosoma scaffold 1,0,Size; ch; Kow-; Xr; Xm+; MUT,
,3344,22357,false,false,false,255 255 255 255,false,,,,,,,0.4,2.5,3.89124,C1CCN(C)C(C)C1CN(c(c23)cc4c(c3)cccn4)N5C(C2=O)=NC(CC)=CC(=O)C5,AIDD_Results trypanosoma scaffold 1,AIDD_Results trypanosoma scaffold 1,0,Size; Vd; Xr-; Xm; HEPX,
,3345,2404,false,false,false,255 255 255 255,false,,,,,,,0.4,3.5,3.9,c1cccc(c12)Sc3n(c(=O)ccn3)N2CC(C4)CC([N+]4(C)C)c5ccc([N+]([O-])=O)cc5,AIDD_Results trypanosoma scaffold 1,AIDD_Results trypanosoma scaffold 1,0,Size; Xr-; Xm; HEPX; MUT,
,3346,8758,false,false,false,255 255 255 255,false,,,,,,,0.4,1.5,3.9,c1cccc(c12)c(Cl)c(CC(=O)O)c(\C=C\CCO)c2-c3c(cccc3)-c4nccnn4,AIDD_Results trypanosoma scaffold 1,AIDD_Results trypanosoma scaffold 1,0,Size; fu; Xm+; HEPX; 2C9,
,3347,11303,false,false,false,255 255 255 255,false,,,,,,,1.4,2.5,3.9,C1C(=O)C=C(C)N=C(C2=O)N1N(C3CCC(O)N3C)c(c4[N+]([O-])=O)n2c(=O)c(c45)CCC5,AIDD_Results trypanosoma scaffold 1,AIDD_Results trypanosoma scaffold 1,0,Size; ch; Xr-; HEPX; MUT,
,3348,16852,false,false,false,255 255 255 255,false,,,,,,,0.4,3.5,3.9,C1CC=C(C)N=C(C2=O)N1N(C(C3C)CCCN3C)c(c24)c([N+]([O-])=O)c5c(c4)cccn5,AIDD_Results trypanosoma scaffold 1,AIDD_Results trypanosoma scaffold 1,0,Size; Xr-; Xm; HEPX; MUT,
,3349,19312,false,false,false,255 255 255 255,false,,,,,,,0.4,3.5,3.9,C1CC=C(C)N=C(C2=O)N1N(C(C3C)CCCN3C)c(c4[N+]([O-])=O)c2cc(c45)ccnc5,AIDD_Results trypanosoma scaffold 1,AIDD_Results trypanosoma scaffold 1,0,Size; Xr-; Xm; HEPX; MUT,
,3350,24392,false,false,false,255 255 255 255,false,,,,,,,0.4,2.5,3.9,C1CCN(C)C(C)C1CN(N2C(C3=O)=NC(CC)=CC(=O)C2)c(c34)cc5c(c4)ccnc5,AIDD_Results trypanosoma scaffold 1,AIDD_Results trypanosoma scaffold 1,0,Size; Vd; Xr-; Xm; HEPX,
,3351,19194,false,false,false,255 255 255 255,false,,,,,,,0.4,2.50086,3.90086,O=CNC(C)N(CO1)CC1CN(N(C2=3)C(=O)C(N3)C)c4c(C2=O)c5c(cc4)ccc(n5)F,AIDD_Results trypanosoma scaffold 1,AIDD_Results trypanosoma scaffold 1,0,Size; Xr-; Xm; HEPX; MUT; 1A2,
,3352,18951,false,false,false,255 255 255 255,false,,,,,,,0.909656,1.5,3.90966,FC(F)(F)c1cc(=O)n(C)c(c12)S(=O)c3n(c(=O)c(N)cc3)N2C(C4)CC(C4C)c5ncco5,AIDD_Results trypanosoma scaffold 1,AIDD_Results trypanosoma scaffold 1,0,Size; fu-; Vd-; Xr+; HEPX; CL-,
,3353,24032,false,false,false,255 255 255 255,false,,,,,,,0.912487,2,3.91249,n1csc(c12)c3c(cc2C)NN4C(C3=O)=NC(CC4=S)c5cc([N+]([O-])=O)ccc5,AIDD_Results trypanosoma scaffold 1,AIDD_Results trypanosoma scaffold 1,0,Sw; fu; Xr-; Xm+; MUT,
,3354,24230,false,false,false,255 255 255 255,false,,,,,,,0.526448,0.887085,3.91353,N#CC1=CC(=O)N(C12)C(CCCN(C)C)c3c(S2=O)c(Br)ccc3C(F)(F)F,AIDD_Results trypanosoma scaffold 1,AIDD_Results trypanosoma scaffold 1,0,Size; fu-; Vd-; Xm; 2C19; CL-,
,3355,11574,false,false,false,255 255 255 255,false,,,,,,,1.41507,0.5,3.91507,c1scc(c12)c(cc(c2Cl)C(=O)O)Sc(c3)ccc(c3C(=O)O)-c4ccccc4,AIDD_Results trypanosoma scaffold 1,AIDD_Results trypanosoma scaffold 1,0,Kow; Sw; fu; Xm+; 2C9,
,3356,22729,false,false,false,255 255 255 255,false,,,,,,,1.919,2,3.919,O=C1COC(C#N)=Nc(c12)c(C(CC34)N(CO4)CC3)n5c2C(CC=N5)NS(=O)(=O)C,AIDD_Results trypanosoma scaffold 1,AIDD_Results trypanosoma scaffold 1,0,HBA; ch; Xr-; Xm+; MUT,
,3357,15960,false,false,false,255 255 255 255,false,,,,,,,0.735985,1.55356,3.92513,C1CN(CC2)C[C@@H](C12)C(F)S(=O)c(cccc3)c3Sc4ccccc4,AIDD_Results trypanosoma scaffold 1,AIDD_Results trypanosoma scaffold 1,0,Kow; Vd; hERG; Xm; 2C19,
,3358,1786,false,false,false,255 255 255 255,false,,,,,,,2.42802,0.5,3.92802,n1ocnc1-c2cc(C(=O)C)cc(N3C(=O)C)c2SC(C3=4)=CC(C(C(=O)C)C4O)NC(=O)N,AIDD_Results trypanosoma scaffold 1,AIDD_Results trypanosoma scaffold 1,0,Size; HBD; HBA; ch; Xm-; 2C9,
,3359,4421,false,false,false,255 255 255 255,false,,,,,,,1,2,3.93176,N#CCC(=O)N1c(c(O)c(C(=O)C)c(c2)[N+]([O-])=O)c2Sc(c13)c(=O)scc3C(=O)C,AIDD_Results trypanosoma scaffold 1,AIDD_Results trypanosoma scaffold 1,0,ch; fu; Xr-; Xm-; MUT,
,3360,23391,false,false,false,255 255 255 255,false,,,,,,,0,3.49252,3.93623,CN1COCC1CN2N(C(=O)C(C)CN3)C=3C(=O)c4c2ccc(c45)noc5,AIDD_Results trypanosoma scaffold 1,AIDD_Results trypanosoma scaffold 1,0,Xr-; Xm; HEPX; MUT; 1A2,
,3361,20014,false,false,false,255 255 255 255,false,,,,,,,1.57983,1.3585,3.93833,[nH]1cncc1CCC(O)C(CC2C#N)CC(C23C)NCC3CCN,AIDD_Results trypanosoma scaffold 1,AIDD_Results trypanosoma scaffold 1,0,HBD; Peff; Xr; Xm+; 2D6,
,3362,13109,false,false,false,255 255 255 255,false,,,,,,,0,3,3.93921,C1C(N)Oc(c12)c3c(c(F)c2Cl)N(C)N4C(S3)=NCNC4=O,AIDD_Results trypanosoma scaffold 1,AIDD_Results trypanosoma scaffold 1,0,Xm; HEPX; MUT; 1A2,
,3363,23243,false,false,false,255 255 255 255,false,,,,,,,0,3.9428,3.9428,N1C=NCc2n1c(C(F)(F)F)c(c23)N=CNC3C,AIDD_Results trypanosoma scaffold 1,AIDD_Results trypanosoma scaffold 1,0,rat; Xm; HEPX; MUT,
,3364,7524,false,false,false,255 255 255 255,false,,,,,,,0.955,3,3.955,FCCC(=O)C(C1C#N)C=CC(N2C(=O)C)=C1SC(C2=3)=CC4C(C3)C(=O)CN5N4CN=C5CN,AIDD_Results trypanosoma scaffold 1,AIDD_Results trypanosoma scaffold 1,0,Size; ch; Xr+; Xm+; HEPX; MUT,
,3365,8148,false,false,false,255 255 255 255,false,,,,,,,0.955,3,3.955,FCC(=O)C(=C1C)CC(C#N)C(=C12)CC=3C(N2C(=O)C)=CC4C(C3)N5N(CC4=O)C(CN)=NC5,AIDD_Results trypanosoma scaffold 1,AIDD_Results trypanosoma scaffold 1,0,Size; ch; Xr+; Xm-; HEPX; MUT,
,3366,11652,false,false,false,255 255 255 255,false,,,,,,,0.955,3,3.955,FCC(=O)C(F)(C=C1)C(C#N)C(C2)=C1N(C(=O)C)C(C2=3)=CC4C(C3)N5N(CC4=O)C(CN)=NC5,AIDD_Results trypanosoma scaffold 1,AIDD_Results trypanosoma scaffold 1,0,Size; ch; Xr+; Xm+; HEPX; MUT,
,3367,25043,false,false,false,255 255 255 255,false,,,,,,,0,3.5,3.9582,C1CN(CO2)C[C@@H](C12)C(=O)N(n(c34)ccc3)C5C(S4)=CC(=O)CC5,AIDD_Results trypanosoma scaffold 1,AIDD_Results trypanosoma scaffold 1,0,Xr-; Xm; HEPX; MUT; 1A2; 3A4,
,3368,24720,false,false,false,255 255 255 255,false,,,,,,,1.45968,1,3.95968,o1cccc1C2=C(C(F)(F)F)C(=O)N(C)C(S3=O)C2N(CC4CN(C)CS4)n(c35)c(=O)c(CN)cc5C,AIDD_Results trypanosoma scaffold 1,AIDD_Results trypanosoma scaffold 1,0,Size; ch; fu-; Vd-; Xr+; Xm+; CL-,
,3369,10347,false,false,false,255 255 255 255,false,,,,,,,1,0.461617,3.96162,FC(F)(F)c(c1)c(C)cc(S2=O)c1N(c(c23)cc(CN)cc3F)Cc4cccnc4,AIDD_Results trypanosoma scaffold 1,AIDD_Results trypanosoma scaffold 1,0,Sw; fu-; Vd-; Xm; 2C19; CL-,
,3370,19187,false,false,false,255 255 255 255,false,,,,,,,0.966516,0.5,3.96652,c1c(=O)[nH]cc(c12)S(=O)c3c(cc(C(F)(F)F)cc3)N(C2)C(CC4F)C(N)C4c5ncon5,AIDD_Results trypanosoma scaffold 1,AIDD_Results trypanosoma scaffold 1,0,Size; Sw; fu-; Vd-; Xr+; 2C19; CL-,
,3371,19026,false,false,false,255 255 255 255,false,,,,,,,2.60847,1.03764,3.96779,NC(=O)NCC(=O)N(CC1)C2C=1Sc(c23)ncn(c3=O)C(=O)C4CCCCN4,AIDD_Results trypanosoma scaffold 1,AIDD_Results trypanosoma scaffold 1,0,HBD; HBA; ch; Peff; Xr; Xm; 3A4,
,3372,2697,false,false,false,255 255 255 255,false,,,,,,,0,3.5,3.96981,CN(C1)CCC1CN2N(CC(=O)C(C)=CN3)C=3C(=O)c4c2ccc(c45)nco5,AIDD_Results trypanosoma scaffold 1,AIDD_Results trypanosoma scaffold 1,0,Vd; Xr-; Xm; HEPX; MUT,
,3373,23868,false,false,false,255 255 255 255,false,,,,,,,1.33016,1.5,3.97207,O=c1occc(c12)S(=O)c3c(c(C#N)cc(C)c3)N(C2)C(C4N)SC(O4)c5ncon5,AIDD_Results trypanosoma scaffold 1,AIDD_Results trypanosoma scaffold 1,0,Size; HBA; ch; Xr+; Xm; 2C9; 2C19,
,3374,16006,false,false,false,255 255 255 255,false,,,,,,,0.786,2,3.974,Nc1c(=O)n(C(=O)C)cc(N2C(=O)CF)c1Sc(c3CN=CC4=O)c2c(c5c34)nccc5,AIDD_Results trypanosoma scaffold 1,AIDD_Results trypanosoma scaffold 1,0,Size; ch; Xr+; Xm-; MUT; 1A2; 3A4,
,3375,19396,false,false,false,255 255 255 255,false,,,,,,,0,3.5,3.97401,C1CN(CC2)C[C@@H](C12)CC(=O)N(C(C3=4)OCC(=O)C4)N=C3c5ccco5,AIDD_Results trypanosoma scaffold 1,AIDD_Results trypanosoma scaffold 1,0,Xr-; Xm; HEPX; MUT; 2D6,
,3376,2548,false,false,false,255 255 255 255,false,,,,,,,2.9875,1,3.9875,COc(c1)cc(OC)cc1C[N+](C)(C)Cc2c(cco2)N3c(cncc4)c4Oc(c35)n(S(=O)(=O)C)cc(Br)c5=O,AIDD_Results trypanosoma scaffold 1,AIDD_Results trypanosoma scaffold 1,0,Size; HBA; ch; Peff; Xr-; Xm-,
,3377,16641,false,false,false,255 255 255 255,false,,,,,,,0,1.48934,3.98934,c1cccc(c12)SC(C3=CCNCO3)CC(C2N)[C@H](C45)CN(CC4)CC5,AIDD_Results trypanosoma scaffold 1,AIDD_Results trypanosoma scaffold 1,0,rat; Xr-; Xm+; 2C19; 2D6; CL-,
,3378,17579,false,false,false,255 255 255 255,false,,,,,,,1.99106,2,3.99106,O=c1c(C)cnc(c2=O)n1n(C(=O)C3CN(CO3)CO)c(cc4O)c2c(c45)OCN5C,AIDD_Results trypanosoma scaffold 1,AIDD_Results trypanosoma scaffold 1,0,Size; HBA; ch; Xr-; Xm-; MUT,
,3379,24134,false,false,false,255 255 255 255,false,,,,,,,2.69,1,3.99256,CS(=O)(=O)NC1C(O)N(CC2C)C[C@@H](C12)CN(CCS3)n(c34)c(=O)ccc4-c5nc(Cl)on5,AIDD_Results trypanosoma scaffold 1,AIDD_Results trypanosoma scaffold 1,0,Size; HBA; ch; Xr-; Xm+; 3A4,
,3380,22780,false,false,false,255 255 255 255,false,,,,,,,2.44597,1.54861,3.99459,N#CC1=CC(C(=O)C)CC(N2C=O)=C1Sc(c23)ncn(c3=O)C(=O)CC(C4)=CCN(C45)CC(C5)N,AIDD_Results trypanosoma scaffold 1,AIDD_Results trypanosoma scaffold 1,0,Size; ch; Peff; Xr-; Xm; HEPX,
,3381,17925,false,false,false,255 255 255 255,false,,,,,,,0,3.5,3.9964,CN1COCC1CN(c(c2F)c3cc(c24)scn4)N5C(C3=O)=NC(C)CC5=O,AIDD_Results trypanosoma scaffold 1,AIDD_Results trypanosoma scaffold 1,0,Xr-; Xm; HEPX; MUT; 1A2,
,3382,10134,false,false,false,255 255 255 255,false,,,,,,,2.08671,0.4107,3.99741,CC(=O)Nc1c(Br)c(=O)oc(c12)S(=O)c3n(c(=O)c(CN)cc3)N2C(CC4F)N(C)C4,AIDD_Results trypanosoma scaffold 1,AIDD_Results trypanosoma scaffold 1,0,Size; HBA; ch; fu-; Vd-; Xm; CL-,
,3383,4880,false,false,false,255 255 255 255,false,,,,,,,3,1,4,NCC(=O)N(C(=O)C1)CC(C#N)C(S2)=C1N(C(=O)C)c(cc3C(=O)C)c2c(c34)CCC(C4C)c5nn[nH]n5,AIDD_Results trypanosoma scaffold 1,AIDD_Results trypanosoma scaffold 1,0,Size; ch; Peff; Xr+; Xm+,
,3384,4075,false,false,false,255 255 255 255,false,,,,,,,3,1,4,NCC(=O)N(C(=O)C1)CC(C#N)C(S2)=C1N(C(=O)C)c(cc3C(=O)C)c2c(c34)CCC(C4)c5nn[nH]n5,AIDD_Results trypanosoma scaffold 1,AIDD_Results trypanosoma scaffold 1,0,Size; ch; Peff; Xr+; Xm+,
,3385,8650,false,false,false,255 255 255 255,false,,,,,,,0,2,4,CCN(CO1)CC1Cn2n(c(=S)c(C)cn3)c3c(=O)c4c2ccc(c45)nco5,AIDD_Results trypanosoma scaffold 1,AIDD_Results trypanosoma scaffold 1,0,Xr-; Xm+; MUT; 1A2-; 2C9-; 2C19-; 2D6+,
,3386,9635,false,false,false,255 255 255 255,false,,,,,,,1,1.5,4,C1=COCC=C1C(F)(F)C(=C2)CC(=O)N(C)C(=C23)S(=O)c4n(c(=O)c(C=N)cc4)N3CC(F)CN(C)C,AIDD_Results trypanosoma scaffold 1,AIDD_Results trypanosoma scaffold 1,0,Size; fu-; Vd-; Xr; Xm+; CL-,
,3387,10132,false,false,false,255 255 255 255,false,,,,,,,1.5,0.5,4,CC(=O)n(c1=O)cnc(c12)Sc3c(N2C=O)c(=O)n(cn3)C(=O)N,AIDD_Results trypanosoma scaffold 1,AIDD_Results trypanosoma scaffold 1,0,ch; Kow-; fu-; Vd-; Xr-; 2C9-; CL-,
,3388,10809,false,false,false,255 255 255 255,false,,,,,,,0,3,4,c1csc(c12)CC3C(O2)CCN3,AIDD_Results trypanosoma scaffold 1,AIDD_Results trypanosoma scaffold 1,0,Xm; HEPX; MUT; 2C19,
,3389,12310,false,false,false,255 255 255 255,false,,,,,,,3,1,4,O=C1CNCCN1Cc2c(n(cn2)S(=O)(=O)C)N3n(c(=O)n(CO)c(=O)c4)c4Sc(c35)cccc5,AIDD_Results trypanosoma scaffold 1,AIDD_Results trypanosoma scaffold 1,0,Size; HBA; ch; Xr-; Xm+,
,3390,12702,false,false,false,255 255 255 255,false,,,,,,,1,3,4,N#Cc(n1)sc(c12)ccc3c2c(=O)c4n(c(=O)c(Br)cn4)n3C(=O)C5CN(CS5)CC,AIDD_Results trypanosoma scaffold 1,AIDD_Results trypanosoma scaffold 1,0,Size; Xr-; Xm+; HEPX; MUT,
,3391,13608,false,false,false,255 255 255 255,false,,,,,,,0,2.5,4,O=C1CN(CC2)C/C(N12)=C\n(c3cccc4)c(c5c34)N=COC5O,AIDD_Results trypanosoma scaffold 1,AIDD_Results trypanosoma scaffold 1,0,Xr-; HEPX; MUT; 1A2; CL-,
,3392,16051,false,false,false,255 255 255 255,false,,,,,,,0.5,1,4,c1ccccc1C(C)c(c(c23)N=CCCC3)n4c2CN=CN4,AIDD_Results trypanosoma scaffold 1,AIDD_Results trypanosoma scaffold 1,0,Kow-; fu-; Vd-; Xm; 2D6-; 3A4-; CL-,
,3393,17082,false,false,false,255 255 255 255,false,,,,,,,0,0.5,4,N=C(N)c1cccc(c12)SC(COCNCC)CC(C2)[C@H](C34)CN(CC3F)CC4,AIDD_Results trypanosoma scaffold 1,AIDD_Results trypanosoma scaffold 1,0,Xm+; 2C19; 2D6; 3A4; CL-,
,3394,17392,false,false,false,255 255 255 255,false,,,,,,,1,2.5,4,[nH]1cncc1-c([nH]c(=O)c2)c(c23)n4n(c3=O)c5c(nco5)oc4=O,AIDD_Results trypanosoma scaffold 1,AIDD_Results trypanosoma scaffold 1,0,ch; Xr-; Xm; HEPX; CL-,
,3395,17617,false,false,false,255 255 255 255,false,,,,,,,0,2,4,N=C(N)c1cccc(c12)SC3C(N(CC)COC3)C(C2CF)[C@H](C45)CN(CC4)CC5,AIDD_Results trypanosoma scaffold 1,AIDD_Results trypanosoma scaffold 1,0,rat; Xr-; Xm+; 2C19; 3A4,
,3396,18577,false,false,false,255 255 255 255,false,,,,,,,3,1,4,CS(=O)(=O)NCC(CC1)CC1C(N)N2Cn(ccc(=O)c3)c3S(=O)c(c24)ccc(c4)Cc5ncon5,AIDD_Results trypanosoma scaffold 1,AIDD_Results trypanosoma scaffold 1,0,Size; HBA; ch; Xr-; Xm-,
,3397,19269,false,false,false,255 255 255 255,false,,,,,,,0,2.5,4,O=C1CN(CC2)C/C(N12)=C\n(c3c([N+]([O-])=O)c(F)cc4)c(c5c34)N=COC5O,AIDD_Results trypanosoma scaffold 1,AIDD_Results trypanosoma scaffold 1,0,Xr-; HEPX; MUT; 1A2; CL-,
,3398,19390,false,false,false,255 255 255 255,false,,,,,,,0.5,1,4,N=Cc1c(C(=O)C)ccc2n(C=O)c(c3c12)C(=O)CC=N3,AIDD_Results trypanosoma scaffold 1,AIDD_Results trypanosoma scaffold 1,0,Kow-; fu-; Vd-; MUT; 2D6-; 3A4-; CL-,
,3399,19593,false,false,false,255 255 255 255,false,,,,,,,0.5,1,4,n1cncn1C(CNC2=O)=Nc(c23)c(CC)n4c3CN=C(N4)C(C5=O)CCC5,AIDD_Results trypanosoma scaffold 1,AIDD_Results trypanosoma scaffold 1,0,Kow-; fu-; Vd-; Xr+; Xm+; 2D6-; 3A4-; CL-,
,3400,19730,false,false,false,255 255 255 255,false,,,,,,,0,2.5,4,FC(F)(F)CN1C(C)NC(=C12)S(=O)c3n(c(=O)c(CN)cc3)N2C4CCN(C)C4,AIDD_Results trypanosoma scaffold 1,AIDD_Results trypanosoma scaffold 1,0,fu-; Vd-; Xr; Xm+; MUT; CL-,
,3401,20441,false,false,false,255 255 255 255,false,,,,,,,0,4,4,C1NC=Nc(c12)c(C(F)(F)F)n3c2CN=CN3,AIDD_Results trypanosoma scaffold 1,AIDD_Results trypanosoma scaffold 1,0,rat; Xm; HEPX; MUT,
,3402,20792,false,false,false,255 255 255 255,false,,,,,,,0.5,1,4,O=C1CC=Nc2c1n(C)c3ccc(c4c23)CN=C4,AIDD_Results trypanosoma scaffold 1,AIDD_Results trypanosoma scaffold 1,0,Kow-; fu-; Vd-; MUT; 2D6-; 3A4-; CL-,
,3403,21500,false,false,false,255 255 255 255,false,,,,,,,1,2,4,[O-][N+](=O)c1n(C(C)O)c(C#N)c(c12)Oc3c(N2C(=O)C)c(=O)n(cn3)C(=O)C,AIDD_Results trypanosoma scaffold 1,AIDD_Results trypanosoma scaffold 1,0,ch; Xr-; HEPX+; MUT; 1A2,
,3404,21590,false,false,false,255 255 255 255,false,,,,,,,0.5,1,4,N=Cc1c(CC)ccc2n(C=O)c(c3c12)C(=O)CC=N3,AIDD_Results trypanosoma scaffold 1,AIDD_Results trypanosoma scaffold 1,0,Kow-; fu-; Vd-; MUT; 2D6-; 3A4-; CL-,
,3405,21639,false,false,false,255 255 255 255,false,,,,,,,0.5,1,4,CS(=O)(=O)N(C1=S)CC=Nc(c12)c(Cl)n3c2CN=CN3,AIDD_Results trypanosoma scaffold 1,AIDD_Results trypanosoma scaffold 1,0,Kow-; fu-; Vd-; Xm; 2D6-; 3A4-; CL-,
,3406,21852,false,false,false,255 255 255 255,false,,,,,,,0,4,4,C1CN(CC2)C=C(C12)CC(=O)N(N=CS3)C(C34)CCC(=O)C=4[N+]([O-])=O,AIDD_Results trypanosoma scaffold 1,AIDD_Results trypanosoma scaffold 1,0,Xr; Xm; HEPX; MUT,
,3407,22636,false,false,false,255 255 255 255,false,,,,,,,0,2,4,O1CN(CO2)C[C@@H](C12)C#CN3C=COC(C3=4)=COCC4,AIDD_Results trypanosoma scaffold 1,AIDD_Results trypanosoma scaffold 1,0,HEPX; MUT; 1A2; 2C19,
,3408,22892,false,false,false,255 255 255 255,false,,,,,,,0,3,4,C1=CCNc(c12)n3c(c2)N=COCN3,AIDD_Results trypanosoma scaffold 1,AIDD_Results trypanosoma scaffold 1,0,Xm; HEPX; MUT; 1A2,
,3409,23193,false,false,false,255 255 255 255,false,,,,,,,1,1.5,4,S1CN(C)CC1CN(N(C23)C(=O)C(C#N)=C2)c4c(S3=O)n(c(=O)c(C(F)(F)F)c4)CC5=CC=CCC5,AIDD_Results trypanosoma scaffold 1,AIDD_Results trypanosoma scaffold 1,0,Size; fu-; Vd-; Xr+; HEPX; CL-,
,3410,23251,false,false,false,255 255 255 255,false,,,,,,,1,1,4,c1csc2c(Cl)c(C(=O)O)c(c3c12)c4c(s3)cc(C(=O)O)cc4-c5ccccc5,AIDD_Results trypanosoma scaffold 1,AIDD_Results trypanosoma scaffold 1,0,Kow; fu; Xr-; Xm+; 2C9,
,3411,23254,false,false,false,255 255 255 255,false,,,,,,,0,4,4,N#CC(C1)N(CC2)C[C@@H](C12)C(=O)N(N=C3)C(C3=4)OCC(=O)C4,AIDD_Results trypanosoma scaffold 1,AIDD_Results trypanosoma scaffold 1,0,Xr; Xm; HEPX; MUT,
,3412,24458,false,false,false,255 255 255 255,false,,,,,,,0,4,4,c1ccnc(c12)c(C(F)(F)F)n3c2CN=CN3,AIDD_Results trypanosoma scaffold 1,AIDD_Results trypanosoma scaffold 1,0,rat; Xm; HEPX; MUT,
,3413,24486,false,false,false,255 255 255 255,false,,,,,,,0.5,1,4,N1=COCC(=O)c(c12)n3c(c2)N=CC4C3CCC4,AIDD_Results trypanosoma scaffold 1,AIDD_Results trypanosoma scaffold 1,0,Kow-; fu-; Vd-; MUT; 2D6-; 3A4-; CL-,
,3414,24505,false,false,false,255 255 255 255,false,,,,,,,0,2,4,c1cccc(c12)C(CC(CC34)N(CC3)CC4)N=C2C5NCCO5,AIDD_Results trypanosoma scaffold 1,AIDD_Results trypanosoma scaffold 1,0,Xr-; Xm-; MUT; 2C19; 2D6,
,3415,24828,false,false,false,255 255 255 255,false,,,,,,,0,3,4,C1OC(=O)C=Cc(c12)n3c(c2)nc(oc3=O)-n4cncn4,AIDD_Results trypanosoma scaffold 1,AIDD_Results trypanosoma scaffold 1,0,Xm; HEPX; MUT; 1A2,
,3416,25445,false,false,false,255 255 255 255,false,,,,,,,0,1.5,4,c1c(=O)ccn(C(C#N)N2C)c1S(=O)c(c23)cc(F)c(c3F)-c4c[nH]cn4,AIDD_Results trypanosoma scaffold 1,AIDD_Results trypanosoma scaffold 1,0,fu-; Vd-; Xr-; HEPX; 2C9; CL-,
,3417,25454,false,false,false,255 255 255 255,false,,,,,,,0,2.5,4,c1cccn1Cc(cc2)c(=O)n(N3C4=CCN(C)C4)c2S(=O)c(c35)cc(F)c(F)c5,AIDD_Results trypanosoma scaffold 1,AIDD_Results trypanosoma scaffold 1,0,fu-; Vd-; Xr-; Xm; HEPX; CL-,
,3418,25495,false,false,false,255 255 255 255,false,,,,,,,0,3,4,CC(=O)N(C1=O)CC(=C12)Sc3n(N2CO)cc(c3)C=N,AIDD_Results trypanosoma scaffold 1,AIDD_Results trypanosoma scaffold 1,0,Xm; HEPX; MUT; 1A2,
